2022-09-01 11:09:58.912893+00:00,1662030598.9128928,12662.68,8.214,1.006836,0.026611,0.023438,-2.128601,1.449585,-1.266479,0.0,0.0,0.0
2022-09-01 11:09:58.933410+00:00,1662030598.9334097,12662.7,8.226,1.008301,0.027222,0.016235,-2.105713,1.396179,-1.266479,0.0,0.0,0.0
2022-09-01 11:09:58.953818+00:00,1662030598.953818,12662.72,8.199,1.009155,0.027466,0.019043,-2.075195,1.457214,-1.190186,0.0,0.0,0.0
2022-09-01 11:09:58.974245+00:00,1662030598.9742448,12662.74,8.187,1.006714,0.027222,0.018188,-1.998901,1.449585,-1.243591,0.0,0.0,0.0
2022-09-01 11:09:58.994642+00:00,1662030598.9946418,12662.76,8.223,1.007446,0.026489,0.014404,-2.098083,1.472473,-1.228333,0.0,0.0,0.0
2022-09-01 11:09:59.015010+00:00,1662030599.0150104,12662.78,8.226,1.008911,0.02832,0.020996,-2.098083,1.449585,-1.213074,0.0,0.0,0.0
2022-09-01 11:09:59.035370+00:00,1662030599.0353699,12662.8,8.214,1.007812,0.028564,0.026001,-2.067566,1.396179,-1.243591,0.0,0.0,0.0
2022-09-01 11:09:59.055729+00:00,1662030599.0557294,12662.82,8.208,1.009766,0.028687,0.021118,-2.082825,1.358032,-1.197815,0.0,0.0,0.0
2022-09-01 11:09:59.076099+00:00,1662030599.076099,12662.84,8.217,1.007446,0.025024,0.02063,-2.082825,1.419067,-1.243591,0.0,0.0,0.0
2022-09-01 11:09:59.096481+00:00,1662030599.096481,12662.86,8.199,1.007202,0.029907,0.0177,-2.151489,1.441956,-1.289368,0.0,0.0,0.0
2022-09-01 11:09:59.116844+00:00,1662030599.1168442,12662.88,8.208,1.005371,0.026855,0.023071,-2.113342,1.38092,-1.235962,0.0,0.0,0.0
2022-09-01 11:09:59.137210+00:00,1662030599.1372101,12662.9,8.232,1.005859,0.026123,0.022095,-2.128601,1.464844,-1.167297,0.0,0.0,0.0
2022-09-01 11:09:59.157590+00:00,1662030599.1575904,12662.93,8.208,1.004883,0.025391,0.019043,-2.128601,1.396179,-1.182556,0.0,0.0,0.0
2022-09-01 11:09:59.178001+00:00,1662030599.1780014,12662.95,8.211,1.007568,0.0271,0.021729,-2.113342,1.426697,-1.274109,0.0,0.0,0.0
2022-09-01 11:09:59.198383+00:00,1662030599.1983829,12662.97,8.217,1.007446,0.028198,0.019409,-2.13623,1.403809,-1.190186,0.0,0.0,0.0
2022-09-01 11:09:59.219696+00:00,1662030599.2196963,12662.99,8.214,1.008545,0.026978,0.02002,-2.082825,1.441956,-1.220703,0.0,0.0,0.0
2022-09-01 11:09:59.243895+00:00,1662030599.2438953,12663.01,8.205,1.004272,0.028198,0.019531,-2.120972,1.449585,-1.243591,0.0,0.0,0.0
2022-09-01 11:09:59.264805+00:00,1662030599.2648053,12663.03,8.226,1.008301,0.025879,0.020264,-2.098083,1.457214,-1.281738,0.0,0.0,0.0
2022-09-01 11:09:59.285699+00:00,1662030599.2856991,12663.05,8.214,1.007568,0.024658,0.014526,-2.052307,1.441956,-1.213074,0.0,0.0,0.0
2022-09-01 11:09:59.306623+00:00,1662030599.3066225,12663.07,8.211,1.006836,0.026855,0.02356,-2.075195,1.472473,-1.205444,0.0,0.0,0.0
2022-09-01 11:09:59.328433+00:00,1662030599.3284326,12663.1,8.205,1.008179,0.026001,0.025391,-2.13623,1.38855,-1.152039,0.0,0.0,0.0
2022-09-01 11:09:59.349115+00:00,1662030599.3491147,12663.12,8.217,1.006104,0.0271,0.017578,-2.105713,1.365662,-1.205444,0.0,0.0,0.0
2022-09-01 11:09:59.369671+00:00,1662030599.3696706,12663.14,8.193,1.004761,0.02771,0.019043,-2.128601,1.525879,-1.251221,0.0,0.0,0.0
2022-09-01 11:09:59.390162+00:00,1662030599.3901615,12663.16,8.226,1.005005,0.0271,0.017822,-2.105713,1.434326,-1.25885,0.0,0.0,0.0
2022-09-01 11:09:59.410641+00:00,1662030599.4106414,12663.18,8.208,1.006836,0.027466,0.020996,-2.037048,1.434326,-1.205444,0.0,0.0,0.0
2022-09-01 11:09:59.431157+00:00,1662030599.4311574,12663.2,8.214,1.008667,0.028564,0.019409,-2.13623,1.51062,-1.251221,0.0,0.0,0.0
2022-09-01 11:09:59.451473+00:00,1662030599.451473,12663.22,8.223,1.007446,0.02771,0.022339,-2.082825,1.373291,-1.197815,0.0,0.0,0.0
2022-09-01 11:09:59.471963+00:00,1662030599.4719634,12663.24,8.208,1.008179,0.026001,0.021118,-2.02179,1.449585,-1.228333,0.0,0.0,0.0
2022-09-01 11:09:59.492437+00:00,1662030599.492437,12663.26,8.217,1.006104,0.025879,0.019409,-2.098083,1.403809,-1.281738,0.0,0.0,0.0
2022-09-01 11:09:59.512909+00:00,1662030599.5129092,12663.28,8.202,1.005127,0.026001,0.019653,-2.113342,1.403809,-1.190186,0.0,0.0,0.0
2022-09-01 11:09:59.533382+00:00,1662030599.5333817,12663.3,8.202,1.006348,0.027344,0.023682,-2.082825,1.419067,-1.251221,0.0,0.0,0.0
2022-09-01 11:09:59.553886+00:00,1662030599.5538857,12663.32,8.229,1.005005,0.028076,0.017212,-2.128601,1.38855,-1.220703,0.0,0.0,0.0
2022-09-01 11:09:59.574373+00:00,1662030599.5743735,12663.34,8.217,1.007324,0.029785,0.021484,-2.128601,1.411438,-1.228333,0.0,0.0,0.0
2022-09-01 11:09:59.594873+00:00,1662030599.5948732,12663.36,8.196,1.005859,0.025146,0.02063,-2.029419,1.441956,-1.228333,0.0,0.0,0.0
2022-09-01 11:09:59.615352+00:00,1662030599.615352,12663.38,8.22,1.005981,0.025635,0.016846,-2.128601,1.38092,-1.152039,0.0,0.0,0.0
2022-09-01 11:09:59.635865+00:00,1662030599.6358647,12663.4,8.208,1.007202,0.026245,0.022461,-2.090454,1.548767,-1.220703,0.0,0.0,0.0
2022-09-01 11:09:59.656356+00:00,1662030599.656356,12663.42,8.187,1.008301,0.028809,0.021118,-2.105713,1.426697,-1.182556,0.0,0.0,0.0
2022-09-01 11:09:59.676862+00:00,1662030599.6768615,12663.44,8.202,1.008545,0.023804,0.024048,-2.037048,1.480103,-1.213074,0.0,0.0,0.0
2022-09-01 11:09:59.697345+00:00,1662030599.6973453,12663.46,8.235,1.006592,0.027344,0.02063,-2.113342,1.419067,-1.289368,0.0,0.0,0.0
2022-09-01 11:09:59.717911+00:00,1662030599.7179105,12663.49,8.217,1.006836,0.027466,0.021729,-2.01416,1.464844,-1.228333,0.0,0.0,0.0
2022-09-01 11:09:59.738388+00:00,1662030599.7383883,12663.51,8.22,1.005737,0.027466,0.019409,-2.113342,1.457214,-1.205444,0.0,0.0,0.0
2022-09-01 11:09:59.758893+00:00,1662030599.758893,12663.53,8.208,1.00708,0.028931,0.023926,-2.044678,1.487732,-1.25885,0.0,0.0,0.0
2022-09-01 11:09:59.779380+00:00,1662030599.7793803,12663.55,8.22,1.005249,0.026733,0.023438,-2.082825,1.38855,-1.213074,0.0,0.0,0.0
2022-09-01 11:09:59.799850+00:00,1662030599.7998502,12663.57,8.223,1.004395,0.026367,0.018555,-2.098083,1.495361,-1.182556,0.0,0.0,0.0
2022-09-01 11:09:59.820314+00:00,1662030599.8203137,12663.59,8.193,1.005493,0.025269,0.019897,-2.059937,1.487732,-1.190186,0.0,0.0,0.0
2022-09-01 11:09:59.840829+00:00,1662030599.8408291,12663.61,8.211,1.008667,0.02771,0.023071,-1.983643,1.449585,-1.213074,0.0,0.0,0.0
2022-09-01 11:09:59.861300+00:00,1662030599.8613002,12663.63,8.202,1.006104,0.028687,0.022339,-2.090454,1.441956,-1.213074,0.0,0.0,0.0
2022-09-01 11:09:59.881803+00:00,1662030599.8818028,12663.65,8.226,1.005249,0.028442,0.022095,-2.105713,1.419067,-1.205444,0.0,0.0,0.0
2022-09-01 11:09:59.902281+00:00,1662030599.9022813,12663.67,8.22,1.005371,0.027832,0.02063,-2.067566,1.403809,-1.289368,0.0,0.0,0.0
2022-09-01 11:09:59.922797+00:00,1662030599.9227967,12663.69,8.202,1.005127,0.02771,0.024292,-2.113342,1.396179,-1.174927,0.0,0.0,0.0
2022-09-01 11:09:59.943288+00:00,1662030599.943288,12663.71,8.199,1.008423,0.026611,0.019043,-2.120972,1.365662,-1.304626,0.0,0.0,0.0
2022-09-01 11:09:59.963772+00:00,1662030599.9637716,12663.73,8.211,1.006348,0.025146,0.020508,-2.090454,1.38092,-1.281738,0.0,0.0,0.0
2022-09-01 11:09:59.984273+00:00,1662030599.9842727,12663.75,8.214,1.005371,0.026245,0.016724,-2.082825,1.457214,-1.235962,0.0,0.0,0.0
2022-09-01 11:10:00.004757+00:00,1662030600.0047572,12663.77,8.232,1.007812,0.02771,0.02478,-2.159119,1.434326,-1.289368,0.0,0.0,0.0
2022-09-01 11:10:00.025267+00:00,1662030600.0252666,12663.79,8.217,1.004395,0.028687,0.024902,-2.14386,1.358032,-1.266479,0.0,0.0,0.0
2022-09-01 11:10:00.045777+00:00,1662030600.0457773,12663.81,8.229,1.008057,0.027954,0.019897,-2.067566,1.373291,-1.228333,0.0,0.0,0.0
2022-09-01 11:10:00.066257+00:00,1662030600.0662565,12663.83,8.229,1.008911,0.026489,0.019409,-2.13623,1.464844,-1.205444,0.0,0.0,0.0
2022-09-01 11:10:00.086729+00:00,1662030600.086729,12663.85,8.22,1.007446,0.027466,0.025146,-2.120972,1.464844,-1.197815,0.0,0.0,0.0
2022-09-01 11:10:00.107202+00:00,1662030600.1072016,12663.87,8.232,1.007812,0.025879,0.017578,-2.120972,1.38855,-1.220703,0.0,0.0,0.0
2022-09-01 11:10:00.127700+00:00,1662030600.1276999,12663.9,8.223,1.005249,0.026733,0.019287,-2.075195,1.373291,-1.243591,0.0,0.0,0.0
2022-09-01 11:10:00.148177+00:00,1662030600.1481767,12663.92,8.232,1.005859,0.026855,0.019043,-2.075195,1.396179,-1.235962,0.0,0.0,0.0
2022-09-01 11:10:00.168670+00:00,1662030600.1686704,12663.94,8.208,1.008179,0.028809,0.022095,-2.120972,1.472473,-1.205444,0.0,0.0,0.0
2022-09-01 11:10:00.189542+00:00,1662030600.1895423,12663.96,8.211,1.00647,0.024902,0.02002,-2.075195,1.495361,-1.182556,0.0,0.0,0.0
2022-09-01 11:10:00.209955+00:00,1662030600.2099545,12663.98,8.229,1.004761,0.026733,0.019897,-2.075195,1.548767,-1.12915,0.0,0.0,0.0
2022-09-01 11:10:00.230450+00:00,1662030600.23045,12664.0,8.217,1.008423,0.024414,0.022583,-2.13623,1.441956,-1.220703,0.0,0.0,0.0
2022-09-01 11:10:00.251028+00:00,1662030600.251028,12664.02,8.223,1.006104,0.026611,0.021484,-2.120972,1.449585,-1.213074,0.0,0.0,0.0
2022-09-01 11:10:00.271343+00:00,1662030600.2713425,12664.04,8.205,1.00708,0.029175,0.016235,-2.113342,1.464844,-1.174927,0.0,0.0,0.0
2022-09-01 11:10:00.291821+00:00,1662030600.291821,12664.06,8.226,1.006714,0.026367,0.02417,-2.052307,1.495361,-1.190186,0.0,0.0,0.0
2022-09-01 11:10:00.312298+00:00,1662030600.3122983,12664.08,8.226,1.006958,0.028809,0.024292,-2.105713,1.426697,-1.266479,0.0,0.0,0.0
2022-09-01 11:10:00.332776+00:00,1662030600.3327763,12664.1,8.202,1.009399,0.026367,0.02002,-2.029419,1.342773,-1.25885,0.0,0.0,0.0
2022-09-01 11:10:00.353286+00:00,1662030600.3532856,12664.12,8.244,1.005981,0.026001,0.019287,-2.067566,1.464844,-1.243591,0.0,0.0,0.0
2022-09-01 11:10:00.373570+00:00,1662030600.3735704,12664.14,8.229,1.009521,0.025635,0.020874,-2.128601,1.419067,-1.235962,0.0,0.0,0.0
2022-09-01 11:10:00.394042+00:00,1662030600.3940415,12664.16,8.208,1.007202,0.02771,0.018433,-2.14386,1.365662,-1.213074,0.0,0.0,0.0
2022-09-01 11:10:00.414517+00:00,1662030600.4145172,12664.18,8.226,1.004761,0.027954,0.022583,-2.13623,1.457214,-1.266479,0.0,0.0,0.0
2022-09-01 11:10:00.434987+00:00,1662030600.4349866,12664.2,8.199,1.008545,0.025757,0.018311,-2.098083,1.426697,-1.220703,0.0,0.0,0.0
2022-09-01 11:10:00.455479+00:00,1662030600.4554791,12664.22,8.229,1.007202,0.027588,0.022705,-2.120972,1.335144,-1.213074,0.0,0.0,0.0
2022-09-01 11:10:00.475948+00:00,1662030600.4759479,12664.24,8.202,1.007446,0.029175,0.015259,-2.090454,1.38092,-1.228333,0.0,0.0,0.0
2022-09-01 11:10:00.496454+00:00,1662030600.4964545,12664.26,8.205,1.006348,0.030396,0.018677,-2.052307,1.495361,-1.243591,0.0,0.0,0.0
2022-09-01 11:10:00.516932+00:00,1662030600.5169315,12664.28,8.199,1.004028,0.029053,0.020874,-2.090454,1.449585,-1.197815,0.0,0.0,0.0
2022-09-01 11:10:00.537419+00:00,1662030600.5374186,12664.3,8.217,1.004761,0.025757,0.019165,-2.090454,1.403809,-1.25885,0.0,0.0,0.0
2022-09-01 11:10:00.557877+00:00,1662030600.557877,12664.33,8.226,1.003418,0.028076,0.020996,-2.098083,1.495361,-1.25885,0.0,0.0,0.0
2022-09-01 11:10:00.578348+00:00,1662030600.5783484,12664.35,8.223,1.005737,0.02771,0.020996,-2.029419,1.487732,-1.220703,0.0,0.0,0.0
2022-09-01 11:10:00.598874+00:00,1662030600.5988736,12664.37,8.208,1.007446,0.029785,0.019409,-2.059937,1.441956,-1.235962,0.0,0.0,0.0
2022-09-01 11:10:00.619299+00:00,1662030600.6192992,12664.39,8.223,1.006714,0.026978,0.0177,-2.14386,1.396179,-1.174927,0.0,0.0,0.0
2022-09-01 11:10:00.639796+00:00,1662030600.639796,12664.41,8.22,1.007202,0.027222,0.021362,-2.13623,1.373291,-1.228333,0.0,0.0,0.0
2022-09-01 11:10:00.660259+00:00,1662030600.6602592,12664.43,8.223,1.008179,0.026611,0.024536,-2.037048,1.457214,-1.213074,0.0,0.0,0.0
2022-09-01 11:10:00.680782+00:00,1662030600.6807816,12664.45,8.196,1.007324,0.025757,0.022705,-2.159119,1.51825,-1.235962,0.0,0.0,0.0
2022-09-01 11:10:00.701258+00:00,1662030600.7012582,12664.47,8.22,1.008545,0.028931,0.023315,-2.067566,1.449585,-1.213074,0.0,0.0,0.0
2022-09-01 11:10:00.721742+00:00,1662030600.721742,12664.49,8.214,1.006958,0.027222,0.02124,-2.128601,1.365662,-1.274109,0.0,0.0,0.0
2022-09-01 11:10:00.742244+00:00,1662030600.7422435,12664.51,8.199,1.007324,0.026123,0.02002,-2.189636,1.449585,-1.235962,0.0,0.0,0.0
2022-09-01 11:10:00.762721+00:00,1662030600.7627213,12664.53,8.229,1.008789,0.027954,0.024292,-2.044678,1.419067,-1.213074,0.0,0.0,0.0
2022-09-01 11:10:00.783196+00:00,1662030600.7831964,12664.55,8.229,1.007568,0.027954,0.014893,-2.105713,1.426697,-1.281738,0.0,0.0,0.0
2022-09-01 11:10:00.803679+00:00,1662030600.8036795,12664.57,8.226,1.005371,0.028931,0.024658,-2.052307,1.319885,-1.220703,0.0,0.0,0.0
2022-09-01 11:10:00.824145+00:00,1662030600.8241448,12664.59,8.199,1.009277,0.026855,0.02356,-2.120972,1.403809,-1.25885,0.0,0.0,0.0
2022-09-01 11:10:00.844647+00:00,1662030600.8446467,12664.61,8.205,1.007568,0.025269,0.023193,-2.067566,1.441956,-1.228333,0.0,0.0,0.0
2022-09-01 11:10:00.865116+00:00,1662030600.8651156,12664.63,8.211,1.005737,0.024902,0.019409,-2.098083,1.449585,-1.251221,0.0,0.0,0.0
2022-09-01 11:10:00.885582+00:00,1662030600.8855817,12664.65,8.214,1.005615,0.0271,0.021484,-2.13623,1.419067,-1.190186,0.0,0.0,0.0
2022-09-01 11:10:00.906046+00:00,1662030600.9060462,12664.67,8.196,1.005249,0.027222,0.021362,-2.128601,1.441956,-1.213074,0.0,0.0,0.0
2022-09-01 11:10:00.926581+00:00,1662030600.926581,12664.69,8.217,1.010864,0.028687,0.02417,-2.13623,1.38855,-1.281738,0.0,0.0,0.0
2022-09-01 11:10:00.947057+00:00,1662030600.9470565,12664.71,8.229,1.008789,0.026611,0.022827,-2.120972,1.426697,-1.197815,0.0,0.0,0.0
2022-09-01 11:10:00.967529+00:00,1662030600.9675288,12664.74,8.217,1.005615,0.025879,0.024048,-2.120972,1.434326,-1.197815,0.0,0.0,0.0
2022-09-01 11:10:00.988002+00:00,1662030600.9880016,12664.76,8.208,1.004883,0.029663,0.019897,-2.14386,1.434326,-1.213074,0.0,0.0,0.0
2022-09-01 11:10:01.008581+00:00,1662030601.0085807,12664.78,8.217,1.007568,0.028442,0.022217,-2.128601,1.38855,-1.220703,0.0,0.0,0.0
2022-09-01 11:10:01.029510+00:00,1662030601.0295103,12664.8,8.22,1.005615,0.029297,0.025757,-2.090454,1.403809,-1.174927,0.0,0.0,0.0
2022-09-01 11:10:01.048347+00:00,1662030601.0483472,12664.82,8.223,1.00647,0.027588,0.015625,-2.14386,1.434326,-1.167297,0.0,0.0,0.0
2022-09-01 11:10:01.068562+00:00,1662030601.0685623,12664.84,8.217,1.003418,0.023804,0.024536,-2.075195,1.426697,-1.182556,0.0,0.0,0.0
2022-09-01 11:10:01.088649+00:00,1662030601.0886488,12664.86,8.208,1.007812,0.027832,0.022095,-2.120972,1.434326,-1.213074,0.0,0.0,0.0
2022-09-01 11:10:01.108755+00:00,1662030601.1087554,12664.88,8.223,1.005249,0.02771,0.022583,-2.082825,1.426697,-1.152039,0.0,0.0,0.0
2022-09-01 11:10:01.129298+00:00,1662030601.1292982,12664.9,8.217,1.009521,0.028198,0.021851,-2.090454,1.411438,-1.228333,0.0,0.0,0.0
2022-09-01 11:10:01.151086+00:00,1662030601.1510859,12664.92,8.229,1.008545,0.029663,0.017456,-2.075195,1.533508,-1.235962,0.0,0.0,0.0
2022-09-01 11:10:01.171590+00:00,1662030601.1715896,12664.94,8.19,1.003784,0.026855,0.022949,-2.14386,1.365662,-1.220703,0.0,0.0,0.0
2022-09-01 11:10:01.192074+00:00,1662030601.1920736,12664.96,8.205,1.005737,0.029541,0.015625,-2.120972,1.480103,-1.251221,0.0,0.0,0.0
2022-09-01 11:10:01.212575+00:00,1662030601.2125752,12664.98,8.205,1.007324,0.028076,0.022095,-2.113342,1.457214,-1.228333,0.0,0.0,0.0
2022-09-01 11:10:01.233054+00:00,1662030601.233054,12665.0,8.22,1.007568,0.027222,0.017334,-2.128601,1.441956,-1.182556,0.0,0.0,0.0
2022-09-01 11:10:01.253534+00:00,1662030601.2535336,12665.02,8.211,1.009644,0.027954,0.019409,-2.166748,1.350403,-1.235962,0.0,0.0,0.0
2022-09-01 11:10:01.274014+00:00,1662030601.2740138,12665.04,8.202,1.007202,0.028809,0.02124,-2.090454,1.411438,-1.220703,0.0,0.0,0.0
2022-09-01 11:10:01.294493+00:00,1662030601.2944927,12665.06,8.214,1.006958,0.024414,0.018311,-2.151489,1.38092,-1.235962,0.0,0.0,0.0
2022-09-01 11:10:01.314962+00:00,1662030601.3149624,12665.08,8.208,1.007568,0.027588,0.019409,-2.098083,1.480103,-1.228333,0.0,0.0,0.0
2022-09-01 11:10:01.335462+00:00,1662030601.3354616,12665.1,8.232,1.005005,0.026978,0.023193,-2.105713,1.411438,-1.235962,0.0,0.0,0.0
2022-09-01 11:10:01.355938+00:00,1662030601.355938,12665.12,8.214,1.008667,0.028442,0.017456,-2.120972,1.480103,-1.228333,0.0,0.0,0.0
2022-09-01 11:10:01.376407+00:00,1662030601.3764071,12665.14,8.208,1.006958,0.028931,0.023071,-2.090454,1.441956,-1.213074,0.0,0.0,0.0
2022-09-01 11:10:01.396896+00:00,1662030601.3968964,12665.16,8.208,1.005249,0.028809,0.020386,-2.166748,1.472473,-1.251221,0.0,0.0,0.0
2022-09-01 11:10:01.417365+00:00,1662030601.417365,12665.18,8.223,1.005981,0.026489,0.019653,-2.113342,1.480103,-1.327515,0.0,0.0,0.0
2022-09-01 11:10:01.437873+00:00,1662030601.4378734,12665.21,8.211,1.00354,0.027588,0.013428,-2.098083,1.426697,-1.213074,0.0,0.0,0.0
2022-09-01 11:10:01.458889+00:00,1662030601.4588885,12665.23,8.202,1.005127,0.029053,0.024414,-2.13623,1.449585,-1.228333,0.0,0.0,0.0
2022-09-01 11:10:01.480301+00:00,1662030601.4803011,12665.25,8.217,1.005981,0.025879,0.021973,-2.029419,1.38092,-1.197815,0.0,0.0,0.0
2022-09-01 11:10:01.504351+00:00,1662030601.5043511,12665.27,8.202,1.003906,0.028564,0.02124,-2.120972,1.411438,-1.243591,0.0,0.0,0.0
2022-09-01 11:10:01.523775+00:00,1662030601.5237746,12665.29,8.229,1.009155,0.029419,0.020142,-2.120972,1.38855,-1.235962,0.0,0.0,0.0
2022-09-01 11:10:01.541968+00:00,1662030601.541968,12665.31,8.223,1.005493,0.02832,0.021484,-2.151489,1.403809,-1.228333,0.0,0.0,0.0
2022-09-01 11:10:01.562737+00:00,1662030601.5627372,12665.33,8.205,1.005249,0.027222,0.022339,-2.082825,1.38855,-1.182556,0.0,0.0,0.0
2022-09-01 11:10:01.583405+00:00,1662030601.583405,12665.35,8.229,1.005615,0.026611,0.016968,-2.075195,1.434326,-1.243591,0.0,0.0,0.0
2022-09-01 11:10:01.604055+00:00,1662030601.604055,12665.37,8.211,1.007446,0.028809,0.019653,-2.082825,1.441956,-1.167297,0.0,0.0,0.0
2022-09-01 11:10:01.624707+00:00,1662030601.6247065,12665.39,8.214,1.005493,0.027344,0.020264,-2.151489,1.525879,-1.243591,0.0,0.0,0.0
2022-09-01 11:10:01.647454+00:00,1662030601.6474538,12665.42,8.223,1.005127,0.02771,0.020874,-2.082825,1.365662,-1.228333,0.0,0.0,0.0
2022-09-01 11:10:01.668268+00:00,1662030601.6682684,12665.44,8.22,1.006226,0.028809,0.025757,-2.151489,1.434326,-1.182556,0.0,0.0,0.0
2022-09-01 11:10:01.688954+00:00,1662030601.688954,12665.46,8.22,1.007202,0.030151,0.022949,-2.120972,1.472473,-1.182556,0.0,0.0,0.0
2022-09-01 11:10:01.709638+00:00,1662030601.709638,12665.48,8.223,1.005981,0.030762,0.017456,-2.090454,1.480103,-1.205444,0.0,0.0,0.0
2022-09-01 11:10:01.730386+00:00,1662030601.7303858,12665.5,8.244,1.005859,0.026001,0.020386,-2.052307,1.38855,-1.228333,0.0,0.0,0.0
2022-09-01 11:10:01.751068+00:00,1662030601.7510679,12665.52,8.22,1.004272,0.027222,0.018921,-2.159119,1.457214,-1.235962,0.0,0.0,0.0
2022-09-01 11:10:01.771737+00:00,1662030601.7717373,12665.54,8.217,1.005371,0.026245,0.023315,-2.082825,1.411438,-1.251221,0.0,0.0,0.0
2022-09-01 11:10:01.792409+00:00,1662030601.7924094,12665.56,8.214,1.006714,0.025879,0.022583,-2.082825,1.426697,-1.174927,0.0,0.0,0.0
2022-09-01 11:10:01.813081+00:00,1662030601.813081,12665.58,8.223,1.004395,0.026978,0.019409,-2.151489,1.449585,-1.228333,0.0,0.0,0.0
2022-09-01 11:10:01.833788+00:00,1662030601.8337884,12665.6,8.226,1.006714,0.025391,0.019165,-2.151489,1.457214,-1.266479,0.0,0.0,0.0
2022-09-01 11:10:01.854461+00:00,1662030601.854461,12665.62,8.226,1.008179,0.027588,0.023315,-2.105713,1.495361,-1.167297,0.0,0.0,0.0
2022-09-01 11:10:01.875129+00:00,1662030601.8751285,12665.64,8.208,1.004272,0.026855,0.019531,-2.098083,1.449585,-1.243591,0.0,0.0,0.0
2022-09-01 11:10:01.895787+00:00,1662030601.8957865,12665.66,8.235,1.006592,0.029297,0.02417,-2.14386,1.373291,-1.182556,0.0,0.0,0.0
2022-09-01 11:10:01.916458+00:00,1662030601.916458,12665.68,8.217,1.008301,0.026855,0.019531,-2.082825,1.411438,-1.220703,0.0,0.0,0.0
2022-09-01 11:10:01.937184+00:00,1662030601.9371843,12665.7,8.211,1.003296,0.02832,0.018311,-2.189636,1.457214,-1.25885,0.0,0.0,0.0
2022-09-01 11:10:01.957948+00:00,1662030601.9579477,12665.73,8.226,1.006226,0.026978,0.017822,-2.113342,1.38855,-1.243591,0.0,0.0,0.0
2022-09-01 11:10:01.978939+00:00,1662030601.9789386,12665.75,8.229,1.006592,0.026245,0.021118,-2.090454,1.419067,-1.205444,0.0,0.0,0.0
2022-09-01 11:10:01.999742+00:00,1662030601.9997418,12665.77,8.214,1.004395,0.026123,0.026001,-2.159119,1.502991,-1.197815,0.0,0.0,0.0
2022-09-01 11:10:02.020534+00:00,1662030602.0205338,12665.79,8.208,1.007324,0.02832,0.018799,-2.105713,1.411438,-1.190186,0.0,0.0,0.0
2022-09-01 11:10:02.041012+00:00,1662030602.0410118,12665.81,8.217,1.008301,0.029297,0.02063,-2.105713,1.396179,-1.251221,0.0,0.0,0.0
2022-09-01 11:10:02.061201+00:00,1662030602.061201,12665.83,8.226,1.005615,0.026001,0.021851,-2.075195,1.441956,-1.197815,0.0,0.0,0.0
2022-09-01 11:10:02.081398+00:00,1662030602.0813975,12665.85,8.247,1.002808,0.026367,0.020508,-2.14386,1.457214,-1.228333,0.0,0.0,0.0
2022-09-01 11:10:02.101576+00:00,1662030602.1015759,12665.87,8.205,1.005981,0.028564,0.017212,-2.120972,1.403809,-1.266479,0.0,0.0,0.0
2022-09-01 11:10:02.121772+00:00,1662030602.1217718,12665.89,8.214,1.005371,0.02832,0.02124,-2.037048,1.396179,-1.251221,0.0,0.0,0.0
2022-09-01 11:10:02.142854+00:00,1662030602.1428542,12665.91,8.211,1.008423,0.02832,0.017456,-2.105713,1.472473,-1.235962,0.0,0.0,0.0
2022-09-01 11:10:02.163806+00:00,1662030602.1638062,12665.93,8.217,1.005127,0.029541,0.017578,-2.098083,1.449585,-1.235962,0.0,0.0,0.0
2022-09-01 11:10:02.184720+00:00,1662030602.1847203,12665.95,8.193,1.005981,0.026978,0.019653,-2.098083,1.403809,-1.228333,0.0,0.0,0.0
2022-09-01 11:10:02.205621+00:00,1662030602.205621,12665.97,8.208,1.009644,0.028076,0.022339,-2.02179,1.495361,-1.281738,0.0,0.0,0.0
2022-09-01 11:10:02.226521+00:00,1662030602.2265213,12665.99,8.205,1.004272,0.0271,0.021118,-2.075195,1.434326,-1.220703,0.0,0.0,0.0
2022-09-01 11:10:02.246672+00:00,1662030602.2466722,12666.01,8.223,1.005981,0.026855,0.023071,-2.14386,1.38855,-1.251221,0.0,0.0,0.0
2022-09-01 11:10:02.267745+00:00,1662030602.2677455,12666.04,8.208,1.009277,0.025269,0.020508,-2.120972,1.487732,-1.174927,0.0,0.0,0.0
2022-09-01 11:10:02.288835+00:00,1662030602.288835,12666.06,8.223,1.006226,0.026367,0.016968,-2.067566,1.487732,-1.205444,0.0,0.0,0.0
2022-09-01 11:10:02.308899+00:00,1662030602.308899,12666.08,8.205,1.005737,0.027466,0.023071,-2.098083,1.342773,-1.235962,0.0,0.0,0.0
2022-09-01 11:10:02.328861+00:00,1662030602.3288615,12666.1,8.229,1.005493,0.028809,0.018921,-2.128601,1.403809,-1.243591,0.0,0.0,0.0
2022-09-01 11:10:02.349150+00:00,1662030602.3491504,12666.12,8.223,1.007324,0.027222,0.017578,-2.120972,1.426697,-1.174927,0.0,0.0,0.0
2022-09-01 11:10:02.369395+00:00,1662030602.3693953,12666.14,8.22,1.007324,0.025757,0.02356,-2.098083,1.441956,-1.235962,0.0,0.0,0.0
2022-09-01 11:10:02.389602+00:00,1662030602.389602,12666.16,8.211,1.008423,0.024414,0.014893,-2.14386,1.419067,-1.205444,0.0,0.0,0.0
2022-09-01 11:10:02.409884+00:00,1662030602.4098837,12666.18,8.211,1.006592,0.026733,0.023682,-2.090454,1.434326,-1.228333,0.0,0.0,0.0
2022-09-01 11:10:02.430099+00:00,1662030602.4300992,12666.2,8.211,1.00769,0.028931,0.02124,-2.067566,1.38092,-1.251221,0.0,0.0,0.0
2022-09-01 11:10:02.451012+00:00,1662030602.4510121,12666.22,8.22,1.008301,0.025513,0.019531,-2.13623,1.441956,-1.251221,0.0,0.0,0.0
2022-09-01 11:10:02.471987+00:00,1662030602.4719865,12666.24,8.211,1.009644,0.027954,0.018433,-2.128601,1.419067,-1.243591,0.0,0.0,0.0
2022-09-01 11:10:02.492936+00:00,1662030602.4929357,12666.26,8.196,1.00647,0.026245,0.020996,-2.059937,1.38092,-1.220703,0.0,0.0,0.0
2022-09-01 11:10:02.513886+00:00,1662030602.5138862,12666.28,8.214,1.002808,0.027954,0.018311,-2.075195,1.38855,-1.197815,0.0,0.0,0.0
2022-09-01 11:10:02.534799+00:00,1662030602.5347986,12666.3,8.22,1.007935,0.029175,0.018921,-2.059937,1.373291,-1.197815,0.0,0.0,0.0
2022-09-01 11:10:02.555743+00:00,1662030602.5557425,12666.32,8.211,1.006592,0.031006,0.019775,-2.029419,1.38855,-1.205444,0.0,0.0,0.0
2022-09-01 11:10:02.576804+00:00,1662030602.5768042,12666.34,8.208,1.007202,0.028564,0.018921,-2.105713,1.403809,-1.205444,0.0,0.0,0.0
2022-09-01 11:10:02.597784+00:00,1662030602.5977838,12666.37,8.232,1.010132,0.02832,0.018066,-2.075195,1.358032,-1.205444,0.0,0.0,0.0
2022-09-01 11:10:02.618841+00:00,1662030602.618841,12666.39,8.196,1.009521,0.028564,0.016235,-2.14386,1.426697,-1.25885,0.0,0.0,0.0
2022-09-01 11:10:02.639808+00:00,1662030602.6398084,12666.41,8.199,1.005615,0.028687,0.018066,-2.14386,1.403809,-1.266479,0.0,0.0,0.0
2022-09-01 11:10:02.660847+00:00,1662030602.6608467,12666.43,8.226,1.007568,0.025024,0.021729,-2.075195,1.487732,-1.235962,0.0,0.0,0.0
2022-09-01 11:10:02.681770+00:00,1662030602.6817696,12666.45,8.199,1.007324,0.028931,0.02002,-2.128601,1.441956,-1.190186,0.0,0.0,0.0
2022-09-01 11:10:02.702708+00:00,1662030602.7027085,12666.47,8.214,1.003174,0.026611,0.022705,-2.029419,1.411438,-1.235962,0.0,0.0,0.0
2022-09-01 11:10:02.722951+00:00,1662030602.7229512,12666.49,8.226,1.003174,0.027344,0.018799,-2.120972,1.441956,-1.251221,0.0,0.0,0.0
2022-09-01 11:10:02.742563+00:00,1662030602.7425635,12666.51,8.226,1.006592,0.028198,0.016968,-2.082825,1.502991,-1.25885,0.0,0.0,0.0
2022-09-01 11:10:02.762729+00:00,1662030602.762729,12666.53,8.217,1.006226,0.027832,0.018555,-2.082825,1.426697,-1.243591,0.0,0.0,0.0
2022-09-01 11:10:02.782861+00:00,1662030602.7828615,12666.55,8.199,1.006958,0.026001,0.021851,-2.113342,1.541138,-1.182556,0.0,0.0,0.0
2022-09-01 11:10:02.802987+00:00,1662030602.802987,12666.57,8.238,1.005737,0.028809,0.019653,-2.105713,1.434326,-1.205444,0.0,0.0,0.0
2022-09-01 11:10:02.823117+00:00,1662030602.823117,12666.59,8.226,1.005859,0.027954,0.023315,-2.059937,1.502991,-1.25885,0.0,0.0,0.0
2022-09-01 11:10:02.844019+00:00,1662030602.844019,12666.61,8.187,1.009155,0.029419,0.022705,-2.075195,1.548767,-1.266479,0.0,0.0,0.0
2022-09-01 11:10:02.865115+00:00,1662030602.8651147,12666.63,8.211,1.006592,0.02771,0.024292,-2.105713,1.441956,-1.220703,0.0,0.0,0.0
2022-09-01 11:10:02.885111+00:00,1662030602.8851109,12666.65,8.229,1.003906,0.029175,0.020508,-2.13623,1.434326,-1.182556,0.0,0.0,0.0
2022-09-01 11:10:02.906112+00:00,1662030602.9061117,12666.67,8.226,1.005249,0.027466,0.019653,-2.151489,1.441956,-1.220703,0.0,0.0,0.0
2022-09-01 11:10:02.926889+00:00,1662030602.926889,12666.69,8.232,1.006592,0.025391,0.019775,-2.13623,1.38855,-1.25885,0.0,0.0,0.0
2022-09-01 11:10:02.947635+00:00,1662030602.9476352,12666.72,8.223,1.005005,0.027588,0.018921,-2.090454,1.358032,-1.243591,0.0,0.0,0.0
2022-09-01 11:10:02.968328+00:00,1662030602.9683282,12666.74,8.232,1.005859,0.026001,0.021606,-2.052307,1.403809,-1.197815,0.0,0.0,0.0
2022-09-01 11:10:02.989016+00:00,1662030602.989016,12666.76,8.211,1.00769,0.029785,0.021362,-2.067566,1.464844,-1.220703,0.0,0.0,0.0
2022-09-01 11:10:03.009691+00:00,1662030603.0096912,12666.78,8.208,1.003296,0.024902,0.02417,-2.13623,1.449585,-1.243591,0.0,0.0,0.0
2022-09-01 11:10:03.030364+00:00,1662030603.0303643,12666.8,8.217,1.00647,0.025757,0.019653,-2.151489,1.419067,-1.190186,0.0,0.0,0.0
2022-09-01 11:10:03.051039+00:00,1662030603.0510385,12666.82,8.199,1.006592,0.027222,0.019775,-2.075195,1.365662,-1.205444,0.0,0.0,0.0
2022-09-01 11:10:03.071709+00:00,1662030603.0717092,12666.84,8.235,1.007202,0.028931,0.018066,-2.128601,1.502991,-1.251221,0.0,0.0,0.0
2022-09-01 11:10:03.092380+00:00,1662030603.0923798,12666.86,8.187,1.005859,0.026489,0.019897,-2.14386,1.419067,-1.213074,0.0,0.0,0.0
2022-09-01 11:10:03.113052+00:00,1662030603.1130524,12666.88,8.208,1.006226,0.026489,0.017822,-2.120972,1.457214,-1.25885,0.0,0.0,0.0
2022-09-01 11:10:03.133727+00:00,1662030603.133727,12666.9,8.199,1.005859,0.026855,0.022339,-2.113342,1.487732,-1.251221,0.0,0.0,0.0
2022-09-01 11:10:03.154414+00:00,1662030603.154414,12666.92,8.19,1.009521,0.028442,0.022583,-2.059937,1.350403,-1.190186,0.0,0.0,0.0
2022-09-01 11:10:03.175104+00:00,1662030603.175104,12666.94,8.22,1.008301,0.029053,0.018555,-2.037048,1.457214,-1.235962,0.0,0.0,0.0
2022-09-01 11:10:03.195835+00:00,1662030603.1958354,12666.96,8.226,1.007446,0.027832,0.023071,-2.044678,1.419067,-1.220703,0.0,0.0,0.0
2022-09-01 11:10:03.216511+00:00,1662030603.2165108,12666.98,8.193,1.005005,0.028931,0.020752,-2.075195,1.480103,-1.266479,0.0,0.0,0.0
2022-09-01 11:10:03.237176+00:00,1662030603.2371757,12667.0,8.208,1.007568,0.027466,0.018188,-2.120972,1.419067,-1.213074,0.0,0.0,0.0
2022-09-01 11:10:03.257892+00:00,1662030603.2578924,12667.03,8.229,1.008057,0.027466,0.022217,-2.090454,1.38092,-1.190186,0.0,0.0,0.0
2022-09-01 11:10:03.278572+00:00,1662030603.2785723,12667.05,8.232,1.008545,0.027954,0.019531,-2.029419,1.38092,-1.205444,0.0,0.0,0.0
2022-09-01 11:10:03.299258+00:00,1662030603.2992578,12667.07,8.223,1.007324,0.027222,0.021118,-2.120972,1.411438,-1.251221,0.0,0.0,0.0
2022-09-01 11:10:03.319928+00:00,1662030603.3199284,12667.09,8.22,1.01001,0.025269,0.0177,-2.13623,1.434326,-1.174927,0.0,0.0,0.0
2022-09-01 11:10:03.340634+00:00,1662030603.3406343,12667.11,8.211,1.004761,0.025879,0.021118,-2.067566,1.457214,-1.243591,0.0,0.0,0.0
2022-09-01 11:10:03.361308+00:00,1662030603.3613083,12667.13,8.217,1.00415,0.02478,0.024292,-2.052307,1.487732,-1.228333,0.0,0.0,0.0
2022-09-01 11:10:03.381975+00:00,1662030603.381975,12667.15,8.229,1.006348,0.028809,0.02124,-2.105713,1.495361,-1.274109,0.0,0.0,0.0
2022-09-01 11:10:03.402636+00:00,1662030603.4026356,12667.17,8.217,1.007446,0.026489,0.019775,-2.059937,1.342773,-1.220703,0.0,0.0,0.0
2022-09-01 11:10:03.423298+00:00,1662030603.4232984,12667.19,8.196,1.008057,0.027832,0.023071,-2.151489,1.426697,-1.251221,0.0,0.0,0.0
2022-09-01 11:10:03.444013+00:00,1662030603.4440129,12667.21,8.214,1.003784,0.028564,0.018799,-2.128601,1.38092,-1.197815,0.0,0.0,0.0
2022-09-01 11:10:03.464303+00:00,1662030603.4643028,12667.23,8.217,1.006836,0.026245,0.019653,-2.113342,1.472473,-1.213074,0.0,0.0,0.0
2022-09-01 11:10:03.484849+00:00,1662030603.4848495,12667.25,8.196,1.006958,0.029785,0.022095,-2.113342,1.441956,-1.190186,0.0,0.0,0.0
2022-09-01 11:10:03.505609+00:00,1662030603.5056088,12667.27,8.202,1.005615,0.0271,0.023438,-2.044678,1.525879,-1.190186,0.0,0.0,0.0
2022-09-01 11:10:03.526056+00:00,1662030603.5260563,12667.29,8.226,1.005859,0.026001,0.02124,-2.059937,1.464844,-1.281738,0.0,0.0,0.0
2022-09-01 11:10:03.543378+00:00,1662030603.543378,12667.31,8.229,1.004272,0.028076,0.02124,-2.090454,1.449585,-1.205444,0.0,0.0,0.0
2022-09-01 11:10:03.564086+00:00,1662030603.5640864,12667.33,8.217,1.006836,0.027588,0.019287,-2.105713,1.38855,-1.174927,0.0,0.0,0.0
2022-09-01 11:10:03.584688+00:00,1662030603.5846877,12667.35,8.217,1.004761,0.026855,0.021606,-2.128601,1.396179,-1.205444,0.0,0.0,0.0
2022-09-01 11:10:03.605239+00:00,1662030603.6052392,12667.37,8.217,1.005859,0.026001,0.019043,-2.120972,1.480103,-1.205444,0.0,0.0,0.0
2022-09-01 11:10:03.625863+00:00,1662030603.6258626,12667.39,8.217,1.007202,0.029297,0.021484,-2.120972,1.434326,-1.243591,0.0,0.0,0.0
2022-09-01 11:10:03.646469+00:00,1662030603.6464694,12667.41,8.217,1.006592,0.026978,0.020508,-2.098083,1.480103,-1.220703,0.0,0.0,0.0
2022-09-01 11:10:03.667094+00:00,1662030603.667094,12667.43,8.232,1.007202,0.026611,0.02124,-2.090454,1.396179,-1.289368,0.0,0.0,0.0
2022-09-01 11:10:03.687714+00:00,1662030603.6877143,12667.46,8.217,1.009155,0.026123,0.021484,-2.113342,1.487732,-1.251221,0.0,0.0,0.0
2022-09-01 11:10:03.708323+00:00,1662030603.7083228,12667.48,8.211,1.006592,0.027954,0.020142,-2.113342,1.411438,-1.251221,0.0,0.0,0.0
2022-09-01 11:10:03.728933+00:00,1662030603.7289333,12667.5,8.241,1.043335,0.074463,0.09668,-2.258301,1.312256,-1.358032,0.0,0.0,0.0
2022-09-01 11:10:03.749541+00:00,1662030603.749541,12667.52,8.22,0.996704,0.097046,-0.130859,-0.87738,2.13623,-1.152039,0.0,0.0,0.0
2022-09-01 11:10:03.770145+00:00,1662030603.7701452,12667.54,8.211,1.032715,0.12793,-0.130737,-4.402161,2.555847,-0.465393,0.0,0.0,0.0
2022-09-01 11:10:03.790778+00:00,1662030603.7907784,12667.56,8.205,0.989136,0.067993,-0.275879,1.556396,2.510071,-1.701355,0.0,0.0,0.0
2022-09-01 11:10:03.811409+00:00,1662030603.8114092,12667.58,8.196,0.979736,0.157593,0.020874,-2.807617,1.00708,-1.037598,0.0,0.0,0.0
2022-09-01 11:10:03.832040+00:00,1662030603.8320396,12667.6,8.202,1.045776,0.082275,0.184448,-0.167847,-1.373291,-0.465393,0.0,0.0,0.0
2022-09-01 11:10:03.852656+00:00,1662030603.8526561,12667.62,8.214,0.992676,0.022949,-0.10791,-3.204346,1.014709,-2.243042,0.0,0.0,0.0
2022-09-01 11:10:03.873264+00:00,1662030603.8732638,12667.64,8.196,0.952637,0.249756,0.18689,-2.716064,-2.304077,-0.900269,0.0,0.0,0.0
2022-09-01 11:10:03.893875+00:00,1662030603.8938746,12667.66,8.22,1.043335,-0.173706,0.055786,-2.937317,-1.464844,-2.639771,0.0,0.0,0.0
2022-09-01 11:10:03.914483+00:00,1662030603.9144833,12667.68,8.223,1.050903,0.136719,0.057007,-1.586914,-2.754211,-1.914978,0.0,0.0,0.0
2022-09-01 11:10:03.935087+00:00,1662030603.9350874,12667.7,8.211,1.033569,0.25708,-0.065552,-5.088806,-1.121521,-2.27356,0.0,0.0,0.0
2022-09-01 11:10:03.955751+00:00,1662030603.955751,12667.72,8.235,0.953003,-0.223633,-0.027588,-2.426147,-1.335144,-1.876831,0.0,0.0,0.0
2022-09-01 11:10:03.976371+00:00,1662030603.9763706,12667.74,8.226,1.079834,0.179688,0.264282,-4.646301,-2.479553,-0.396729,0.0,0.0,0.0
2022-09-01 11:10:03.997094+00:00,1662030603.9970942,12667.76,8.214,0.909546,-0.236816,-0.330688,-0.37384,-0.930786,-2.792358,0.0,0.0,0.0
2022-09-01 11:10:04.017876+00:00,1662030604.0178757,12667.79,8.226,1.020508,0.261597,-0.092529,-2.967834,-1.968384,-2.326965,0.0,0.0,0.0
2022-09-01 11:10:04.038484+00:00,1662030604.0384836,12667.81,8.223,0.995483,-0.060303,-0.154663,-0.259399,-1.251221,-2.090454,0.0,0.0,0.0
2022-09-01 11:10:04.059064+00:00,1662030604.059064,12667.83,8.232,1.044067,0.26355,0.14978,-5.706787,-0.595093,-1.121521,0.0,0.0,0.0
2022-09-01 11:10:04.079643+00:00,1662030604.0796425,12667.85,8.211,0.994019,-0.332153,0.009399,1.25885,2.189636,-1.220703,0.0,0.0,0.0
2022-09-01 11:10:04.100219+00:00,1662030604.1002195,12667.87,8.22,1.039795,0.268555,0.156006,-2.983093,0.930786,-0.732422,0.0,0.0,0.0
2022-09-01 11:10:04.120892+00:00,1662030604.1208916,12667.89,8.208,1.014282,-0.237305,-0.13269,-1.754761,4.837036,-0.640869,0.0,0.0,0.0
2022-09-01 11:10:04.141486+00:00,1662030604.1414864,12667.91,8.208,1.010986,0.128906,0.387451,-2.304077,5.355835,-0.442505,0.0,0.0,0.0
2022-09-01 11:10:04.162036+00:00,1662030604.162036,12667.93,8.238,1.008057,-0.022217,-0.098511,-3.173828,6.057739,-0.190735,0.0,0.0,0.0
2022-09-01 11:10:04.182616+00:00,1662030604.1826155,12667.95,8.223,0.942871,0.015381,-0.079102,-2.067566,4.379272,-0.816345,0.0,0.0,0.0
2022-09-01 11:10:04.203196+00:00,1662030604.203196,12667.97,8.229,1.061157,0.077515,-0.120239,-1.876831,5.912781,-0.709534,0.0,0.0,0.0
2022-09-01 11:10:04.223749+00:00,1662030604.2237492,12667.99,8.211,0.983765,0.021729,0.321167,-2.510071,3.02124,-0.923157,0.0,0.0,0.0
2022-09-01 11:10:04.247328+00:00,1662030604.2473276,12668.01,8.208,1.046631,-0.019043,-0.087891,-1.144409,2.639771,-0.968933,0.0,0.0,0.0
2022-09-01 11:10:04.268123+00:00,1662030604.268123,12668.04,8.229,0.991333,0.115234,0.112061,-2.235413,1.419067,-0.984192,0.0,0.0,0.0
2022-09-01 11:10:04.288835+00:00,1662030604.2888346,12668.06,8.238,1.034546,0.063721,-0.001587,-2.120972,2.090454,-1.365662,0.0,0.0,0.0
2022-09-01 11:10:04.309525+00:00,1662030604.3095255,12668.08,8.22,0.966553,-0.031372,-0.075928,-1.930237,1.350403,-0.801086,0.0,0.0,0.0
2022-09-01 11:10:04.330204+00:00,1662030604.3302042,12668.1,8.208,0.988403,-0.038818,0.234985,-6.187439,0.053406,-1.068115,0.0,0.0,0.0
2022-09-01 11:10:04.350888+00:00,1662030604.350888,12668.12,8.211,0.98584,-0.176758,-0.006104,3.669739,-1.220703,-3.051758,0.0,0.0,0.0
2022-09-01 11:10:04.371563+00:00,1662030604.3715634,12668.14,8.238,1.152344,0.623169,-0.081177,-2.067566,-2.182007,-1.014709,0.0,0.0,0.0
2022-09-01 11:10:04.392269+00:00,1662030604.3922687,12668.16,8.223,0.87793,-0.216675,0.139526,-4.730225,-1.426697,-2.983093,0.0,0.0,0.0
2022-09-01 11:10:04.412946+00:00,1662030604.412946,12668.18,8.232,1.069092,-0.345093,-0.045898,2.311707,-4.432678,-2.6474,0.0,0.0,0.0
2022-09-01 11:10:04.433615+00:00,1662030604.4336147,12668.2,8.241,1.021484,0.415039,0.345215,-7.484436,-1.76239,0.419617,0.0,0.0,0.0
2022-09-01 11:10:04.454320+00:00,1662030604.45432,12668.22,8.208,0.967651,-0.754761,-0.40686,-0.053406,-0.198364,-2.380371,0.0,0.0,0.0
2022-09-01 11:10:04.474993+00:00,1662030604.4749932,12668.24,8.229,1.077393,0.200195,0.033081,0.305176,-0.907898,-4.058838,0.0,0.0,0.0
2022-09-01 11:10:04.495661+00:00,1662030604.4956605,12668.26,8.256,0.976074,0.681152,0.158813,-4.196167,-1.747131,0.38147,0.0,0.0,0.0
2022-09-01 11:10:04.516326+00:00,1662030604.516326,12668.28,8.202,0.986572,-0.437256,-0.208252,-4.142761,0.75531,-0.152588,0.0,0.0,0.0
2022-09-01 11:10:04.536988+00:00,1662030604.5369875,12668.3,8.22,1.03418,-0.2323,-0.001709,-0.640869,1.144409,-1.167297,0.0,0.0,0.0
2022-09-01 11:10:04.557683+00:00,1662030604.557683,12668.33,8.229,0.966431,0.595459,-0.018921,-8.056641,2.26593,1.876831,0.0,0.0,0.0
2022-09-01 11:10:04.578367+00:00,1662030604.5783668,12668.35,8.208,1.033447,-0.058472,-0.002197,2.746582,5.065918,-2.502441,0.0,0.0,0.0
2022-09-01 11:10:04.599034+00:00,1662030604.5990338,12668.37,8.232,1.031128,0.436157,0.121826,-2.914429,4.646301,-1.876831,0.0,0.0,0.0
2022-09-01 11:10:04.619708+00:00,1662030604.619708,12668.39,8.22,0.970947,0.010742,0.003784,-1.487732,2.716064,1.541138,0.0,0.0,0.0
2022-09-01 11:10:04.640392+00:00,1662030604.6403923,12668.41,8.235,1.048218,-0.194824,0.035767,-3.250122,6.011963,-0.991821,0.0,0.0,0.0
2022-09-01 11:10:04.661068+00:00,1662030604.6610682,12668.43,8.214,0.98291,0.133423,-0.011963,-1.846313,5.653381,-1.609802,0.0,0.0,0.0
2022-09-01 11:10:04.681738+00:00,1662030604.6817377,12668.45,8.217,1.006348,0.160522,0.059448,-2.471924,4.40979,-0.343323,0.0,0.0,0.0
2022-09-01 11:10:04.702413+00:00,1662030604.7024128,12668.47,8.217,1.009766,-0.137085,-0.050171,-2.555847,4.386902,-1.617432,0.0,0.0,0.0
2022-09-01 11:10:04.723108+00:00,1662030604.7231083,12668.49,8.232,0.994629,0.007812,0.008301,-1.922607,2.5177,-0.694275,0.0,0.0,0.0
2022-09-01 11:10:04.743779+00:00,1662030604.7437787,12668.51,8.229,1.018921,-0.02478,0.051392,-1.869202,1.495361,-0.541687,0.0,0.0,0.0
2022-09-01 11:10:04.764457+00:00,1662030604.7644575,12668.53,8.205,0.996826,-0.025635,0.039673,-1.571655,1.457214,-1.792908,0.0,0.0,0.0
2022-09-01 11:10:04.785125+00:00,1662030604.785125,12668.55,8.226,1.004639,0.111938,0.037964,-1.525879,-0.305176,-1.800537,0.0,0.0,0.0
2022-09-01 11:10:04.805783+00:00,1662030604.805783,12668.57,8.211,1.005981,0.0177,0.062744,-3.723145,-1.144409,-1.327515,0.0,0.0,0.0
2022-09-01 11:10:04.826447+00:00,1662030604.8264465,12668.59,8.241,1.01062,-0.088135,0.029053,-1.335144,-1.51825,-1.838684,0.0,0.0,0.0
2022-09-01 11:10:04.847108+00:00,1662030604.8471081,12668.61,8.226,1.009888,0.118774,0.009155,-3.318787,-2.426147,-1.579285,0.0,0.0,0.0
2022-09-01 11:10:04.867772+00:00,1662030604.8677719,12668.64,8.211,1.001099,0.05481,0.005371,-1.571655,-1.724243,-1.876831,0.0,0.0,0.0
2022-09-01 11:10:04.888438+00:00,1662030604.888438,12668.66,8.226,1.016357,-0.058594,-0.004639,-1.76239,-1.266479,-2.189636,0.0,0.0,0.0
2022-09-01 11:10:04.909093+00:00,1662030604.9090934,12668.68,8.211,1.001587,0.119507,0.038208,-2.471924,-1.88446,-1.541138,0.0,0.0,0.0
2022-09-01 11:10:04.929758+00:00,1662030604.9297578,12668.7,8.211,1.007446,-0.062134,-0.05188,-1.647949,-0.518799,-1.693726,0.0,0.0,0.0
2022-09-01 11:10:04.950457+00:00,1662030604.9504566,12668.72,8.193,1.005981,0.094116,-0.019165,-2.876282,0.022888,-1.564026,0.0,0.0,0.0
2022-09-01 11:10:04.971134+00:00,1662030604.9711342,12668.74,8.208,0.995605,0.026245,-0.015625,-1.655579,0.389099,-1.419067,0.0,0.0,0.0
2022-09-01 11:10:04.991829+00:00,1662030604.991829,12668.76,8.223,1.015503,0.027344,-0.025635,-1.800537,2.159119,-1.281738,0.0,0.0,0.0
2022-09-01 11:10:05.012525+00:00,1662030605.0125246,12668.78,8.208,0.997925,0.021484,-0.014282,-2.349854,2.502441,-0.839233,0.0,0.0,0.0
2022-09-01 11:10:05.033194+00:00,1662030605.0331936,12668.8,8.208,1.011963,0.056274,-0.00769,-1.533508,3.723145,-0.839233,0.0,0.0,0.0
2022-09-01 11:10:05.053891+00:00,1662030605.0538912,12668.82,8.202,1.007324,0.026978,0.007812,-2.365112,4.356384,-0.656128,0.0,0.0,0.0
2022-09-01 11:10:05.074557+00:00,1662030605.0745566,12668.84,8.244,0.998901,0.036743,0.01416,-2.14386,4.53186,-0.564575,0.0,0.0,0.0
2022-09-01 11:10:05.095219+00:00,1662030605.095219,12668.86,8.22,1.012939,0.032104,0.005493,-2.120972,4.936218,-0.648499,0.0,0.0,0.0
2022-09-01 11:10:05.115880+00:00,1662030605.1158798,12668.88,8.229,1.001343,0.025269,0.029297,-2.677917,4.341125,-0.450134,0.0,0.0,0.0
2022-09-01 11:10:05.136544+00:00,1662030605.136544,12668.9,8.226,1.004272,0.019775,0.003174,-1.945496,4.440308,-0.701904,0.0,0.0,0.0
2022-09-01 11:10:05.157232+00:00,1662030605.157232,12668.92,8.217,1.008667,0.046631,0.046143,-2.174377,3.799438,-0.778198,0.0,0.0,0.0
2022-09-01 11:10:05.177895+00:00,1662030605.1778948,12668.95,8.223,0.999756,0.004883,0.0271,-1.861572,3.067017,-0.854492,0.0,0.0,0.0
2022-09-01 11:10:05.198584+00:00,1662030605.1985838,12668.97,8.247,1.007202,0.05188,0.063477,-1.808167,1.739502,-1.144409,0.0,0.0,0.0
2022-09-01 11:10:05.219277+00:00,1662030605.2192771,12668.99,8.238,1.008179,0.0,0.040649,-2.067566,0.999451,-1.289368,0.0,0.0,0.0
2022-09-01 11:10:05.239943+00:00,1662030605.239943,12669.01,8.232,1.007324,0.036621,0.051514,-2.326965,-0.061035,-1.38855,0.0,0.0,0.0
2022-09-01 11:10:05.260704+00:00,1662030605.2607036,12669.03,8.217,1.014648,0.013672,0.039429,-1.945496,-0.480652,-1.663208,0.0,0.0,0.0
2022-09-01 11:10:05.281643+00:00,1662030605.281643,12669.05,8.223,1.006958,0.029175,0.027466,-2.502441,-1.449585,-1.77002,0.0,0.0,0.0
2022-09-01 11:10:05.302345+00:00,1662030605.3023448,12669.07,8.226,1.007935,0.035156,0.02356,-1.968384,-1.945496,-1.922607,0.0,0.0,0.0
2022-09-01 11:10:05.323048+00:00,1662030605.323048,12669.09,8.211,1.005371,0.012451,-0.010986,-2.204895,-1.64032,-1.953125,0.0,0.0,0.0
2022-09-01 11:10:05.343728+00:00,1662030605.3437278,12669.11,8.247,0.999756,0.040894,0.008789,-2.166748,-2.14386,-1.869202,0.0,0.0,0.0
2022-09-01 11:10:05.364416+00:00,1662030605.364416,12669.13,8.238,1.009033,0.034058,-0.019531,-2.067566,-1.350403,-1.846313,0.0,0.0,0.0
2022-09-01 11:10:05.385118+00:00,1662030605.385118,12669.15,8.229,1.005005,0.024414,-0.017334,-2.01416,-0.976562,-1.724243,0.0,0.0,0.0
2022-09-01 11:10:05.405788+00:00,1662030605.4057877,12669.17,8.211,1.006348,0.059692,-0.00647,-2.258301,-0.335693,-1.396179,0.0,0.0,0.0
2022-09-01 11:10:05.426464+00:00,1662030605.4264643,12669.19,8.226,1.008667,0.00293,-0.021851,-1.739502,0.87738,-1.396179,0.0,0.0,0.0
2022-09-01 11:10:05.447145+00:00,1662030605.4471447,12669.21,8.238,1.003052,0.049194,-0.005737,-2.319336,1.63269,-1.106262,0.0,0.0,0.0
2022-09-01 11:10:05.467825+00:00,1662030605.4678252,12669.24,8.226,1.00415,0.036987,-0.014038,-1.876831,2.632141,-1.083374,0.0,0.0,0.0
2022-09-01 11:10:05.488503+00:00,1662030605.4885032,12669.26,8.229,1.003784,0.027466,-0.008179,-2.304077,3.746033,-0.808716,0.0,0.0,0.0
2022-09-01 11:10:05.509175+00:00,1662030605.509175,12669.28,8.229,1.003784,0.048462,0.003296,-2.128601,4.013062,-0.648499,0.0,0.0,0.0
2022-09-01 11:10:05.529837+00:00,1662030605.5298374,12669.3,8.217,1.007324,0.016724,-0.000366,-2.067566,4.798889,-0.656128,0.0,0.0,0.0
2022-09-01 11:10:05.550504+00:00,1662030605.5505044,12669.32,8.241,1.002686,0.036499,0.004395,-2.174377,4.714966,-0.640869,0.0,0.0,0.0
2022-09-01 11:10:05.571166+00:00,1662030605.5711663,12669.34,8.199,1.004272,0.033813,0.02124,-2.151489,4.486084,-0.602722,0.0,0.0,0.0
2022-09-01 11:10:05.591849+00:00,1662030605.5918493,12669.36,8.223,1.008789,0.016968,0.02124,-1.976013,4.325867,-0.701904,0.0,0.0,0.0
2022-09-01 11:10:05.612523+00:00,1662030605.6125233,12669.38,8.214,1.008911,0.030396,0.035278,-2.250671,3.562927,-0.75531,0.0,0.0,0.0
2022-09-01 11:10:05.633187+00:00,1662030605.6331873,12669.4,8.217,1.006348,0.026367,0.040161,-1.922607,2.906799,-0.87738,0.0,0.0,0.0
2022-09-01 11:10:05.653857+00:00,1662030605.6538575,12669.42,8.226,1.013184,0.016724,0.041626,-2.082825,2.14386,-1.144409,0.0,0.0,0.0
2022-09-01 11:10:05.674531+00:00,1662030605.6745307,12669.44,8.25,1.008911,0.032471,0.05249,-2.250671,1.159668,-1.25885,0.0,0.0,0.0
2022-09-01 11:10:05.695213+00:00,1662030605.695213,12669.46,8.217,1.010742,0.015869,0.037964,-2.052307,0.450134,-1.480103,0.0,0.0,0.0
2022-09-01 11:10:05.715895+00:00,1662030605.715895,12669.48,8.226,1.011475,0.02124,0.035156,-2.304077,-0.457764,-1.533508,0.0,0.0,0.0
2022-09-01 11:10:05.736564+00:00,1662030605.7365642,12669.5,8.22,1.003296,0.032959,0.026489,-2.220154,-1.327515,-1.64032,0.0,0.0,0.0
2022-09-01 11:10:05.757263+00:00,1662030605.7572627,12669.52,8.217,1.010376,0.022217,0.020508,-1.930237,-1.602173,-1.899719,0.0,0.0,0.0
2022-09-01 11:10:05.777972+00:00,1662030605.7779715,12669.55,8.226,1.004761,0.027466,0.010742,-2.365112,-1.724243,-1.792908,0.0,0.0,0.0
2022-09-01 11:10:05.798630+00:00,1662030605.7986305,12669.57,8.211,1.007324,0.032593,0.005371,-1.88446,-1.724243,-1.823425,0.0,0.0,0.0
2022-09-01 11:10:05.819277+00:00,1662030605.8192768,12669.59,8.241,1.006104,0.023926,-0.010864,-2.182007,-1.274109,-1.808167,0.0,0.0,0.0
2022-09-01 11:10:05.839943+00:00,1662030605.8399434,12669.61,8.241,1.002686,0.044678,-0.003662,-2.227783,-1.037598,-1.63269,0.0,0.0,0.0
2022-09-01 11:10:05.860644+00:00,1662030605.860644,12669.63,8.22,1.004761,0.024414,-0.014893,-1.88446,-0.175476,-1.586914,0.0,0.0,0.0
2022-09-01 11:10:05.881315+00:00,1662030605.8813145,12669.65,8.226,1.007812,0.035645,-0.019409,-2.27356,0.724792,-1.327515,0.0,0.0,0.0
2022-09-01 11:10:05.901983+00:00,1662030605.901983,12669.67,8.238,1.004761,0.036987,-0.012939,-2.01416,1.617432,-1.152039,0.0,0.0,0.0
2022-09-01 11:10:05.922662+00:00,1662030605.9226625,12669.69,8.22,1.004517,0.026123,-0.018799,-2.113342,2.792358,-1.045227,0.0,0.0,0.0
2022-09-01 11:10:05.943357+00:00,1662030605.943357,12669.71,8.235,1.002563,0.041992,-0.015503,-2.212524,3.395081,-0.846863,0.0,0.0,0.0
2022-09-01 11:10:05.964026+00:00,1662030605.964026,12669.73,8.22,1.009033,0.031616,-0.012207,-1.907349,4.173279,-0.75531,0.0,0.0,0.0
2022-09-01 11:10:05.984698+00:00,1662030605.9846978,12669.75,8.223,1.003418,0.025635,-0.001831,-2.250671,4.447937,-0.602722,0.0,0.0,0.0
2022-09-01 11:10:06.005358+00:00,1662030606.0053582,12669.77,8.229,1.004395,0.041748,0.014771,-2.13623,4.440308,-0.534058,0.0,0.0,0.0
2022-09-01 11:10:06.026020+00:00,1662030606.02602,12669.79,8.211,1.005371,0.017212,0.007324,-1.968384,4.53186,-0.686646,0.0,0.0,0.0
2022-09-01 11:10:06.046681+00:00,1662030606.0466814,12669.81,8.217,1.006958,0.033813,0.032715,-2.197266,3.959656,-0.640869,0.0,0.0,0.0
2022-09-01 11:10:06.067338+00:00,1662030606.067338,12669.83,8.208,1.006958,0.027344,0.034912,-2.02179,3.677368,-0.816345,0.0,0.0,0.0
2022-09-01 11:10:06.088034+00:00,1662030606.0880344,12669.86,8.232,1.009277,0.017334,0.037231,-2.151489,2.990723,-0.953674,0.0,0.0,0.0
2022-09-01 11:10:06.108696+00:00,1662030606.1086965,12669.88,8.217,1.005859,0.027832,0.041138,-2.174377,2.059937,-1.052856,0.0,0.0,0.0
2022-09-01 11:10:06.129354+00:00,1662030606.1293538,12669.9,8.208,1.009644,0.024902,0.044312,-2.037048,1.365662,-1.213074,0.0,0.0,0.0
2022-09-01 11:10:06.150046+00:00,1662030606.1500456,12669.92,8.217,1.005493,0.019531,0.035645,-2.082825,0.564575,-1.464844,0.0,0.0,0.0
2022-09-01 11:10:06.170755+00:00,1662030606.170755,12669.94,8.208,1.007446,0.031616,0.039307,-2.174377,-0.480652,-1.51062,0.0,0.0,0.0
2022-09-01 11:10:06.191440+00:00,1662030606.19144,12669.96,8.202,1.005981,0.016113,0.024658,-1.976013,-1.12915,-1.686096,0.0,0.0,0.0
2022-09-01 11:10:06.212112+00:00,1662030606.2121124,12669.98,8.226,1.006348,0.03064,0.020386,-2.250671,-1.800537,-1.77002,0.0,0.0,0.0
2022-09-01 11:10:06.232768+00:00,1662030606.2327683,12670.0,8.22,1.006836,0.036011,0.019043,-2.029419,-1.602173,-1.88446,0.0,0.0,0.0
2022-09-01 11:10:06.253519+00:00,1662030606.2535186,12670.02,8.223,1.008545,0.025269,0.001587,-2.166748,-1.594543,-1.831055,0.0,0.0,0.0
2022-09-01 11:10:06.274195+00:00,1662030606.2741954,12670.04,8.217,1.003784,0.040283,0.002686,-2.151489,-1.403809,-1.708984,0.0,0.0,0.0
2022-09-01 11:10:06.294864+00:00,1662030606.2948644,12670.06,8.22,1.006104,0.031006,-0.006592,-2.006531,-0.732422,-1.701355,0.0,0.0,0.0
2022-09-01 11:10:06.315528+00:00,1662030606.315528,12670.08,8.214,1.005127,0.028809,-0.014771,-2.098083,-0.190735,-1.63269,0.0,0.0,0.0
2022-09-01 11:10:06.336189+00:00,1662030606.3361893,12670.1,8.214,1.002319,0.045654,-0.010254,-2.174377,0.526428,-1.365662,0.0,0.0,0.0
2022-09-01 11:10:06.356907+00:00,1662030606.3569067,12670.12,8.229,1.006104,0.022705,-0.021362,-1.968384,1.899719,-1.190186,0.0,0.0,0.0
2022-09-01 11:10:06.377603+00:00,1662030606.377603,12670.15,8.229,1.005005,0.03772,-0.014038,-2.227783,2.441406,-0.953674,0.0,0.0,0.0
2022-09-01 11:10:06.398271+00:00,1662030606.3982713,12670.17,8.223,1.003052,0.036133,-0.012695,-1.945496,3.311157,-0.846863,0.0,0.0,0.0
2022-09-01 11:10:06.418935+00:00,1662030606.4189348,12670.19,8.208,1.007935,0.025146,-0.006836,-2.204895,3.883362,-0.724792,0.0,0.0,0.0
2022-09-01 11:10:06.439593+00:00,1662030606.439593,12670.21,8.196,1.003784,0.036987,0.004272,-2.281189,3.959656,-0.671387,0.0,0.0,0.0
2022-09-01 11:10:06.460286+00:00,1662030606.460286,12670.23,8.238,1.005615,0.024902,0.005371,-1.968384,4.623413,-0.694275,0.0,0.0,0.0
2022-09-01 11:10:06.480944+00:00,1662030606.4809444,12670.25,8.226,1.006714,0.03064,0.0177,-2.182007,4.585266,-0.62561,0.0,0.0,0.0
2022-09-01 11:10:06.501600+00:00,1662030606.5016003,12670.27,8.226,1.00769,0.032349,0.025513,-2.02179,4.142761,-0.75531,0.0,0.0,0.0
2022-09-01 11:10:06.522258+00:00,1662030606.5222578,12670.29,8.241,1.009521,0.017456,0.021851,-1.983643,3.761292,-0.793457,0.0,0.0,0.0
2022-09-01 11:10:06.543182+00:00,1662030606.5431821,12670.31,8.238,1.010986,0.028564,0.031494,-2.166748,2.845764,-0.87738,0.0,0.0,0.0
2022-09-01 11:10:06.563912+00:00,1662030606.5639124,12670.33,8.217,1.008545,0.02124,0.039795,-1.953125,2.288818,-1.098633,0.0,0.0,0.0
2022-09-01 11:10:06.584601+00:00,1662030606.5846012,12670.35,8.244,1.012207,0.023926,0.042725,-2.182007,1.495361,-1.182556,0.0,0.0,0.0
2022-09-01 11:10:06.605271+00:00,1662030606.605271,12670.37,8.22,1.007568,0.029907,0.040649,-2.098083,0.541687,-1.350403,0.0,0.0,0.0
2022-09-01 11:10:06.625940+00:00,1662030606.62594,12670.39,8.205,1.007446,0.023193,0.030273,-2.044678,-0.137329,-1.556396,0.0,0.0,0.0
2022-09-01 11:10:06.646631+00:00,1662030606.646631,12670.41,8.247,1.005615,0.023682,0.024292,-2.250671,-1.13678,-1.655579,0.0,0.0,0.0
2022-09-01 11:10:06.667300+00:00,1662030606.6673005,12670.43,8.241,1.007446,0.033081,0.023926,-2.120972,-1.51825,-1.701355,0.0,0.0,0.0
2022-09-01 11:10:06.688007+00:00,1662030606.6880074,12670.46,8.226,1.006958,0.025146,0.01001,-2.075195,-1.701355,-1.89209,0.0,0.0,0.0
2022-09-01 11:10:06.708678+00:00,1662030606.7086782,12670.48,8.223,1.005005,0.033691,0.006958,-2.281189,-1.777649,-1.823425,0.0,0.0,0.0
2022-09-01 11:10:06.729358+00:00,1662030606.7293577,12670.5,8.229,1.00647,0.032593,0.000366,-1.998901,-1.312256,-1.800537,0.0,0.0,0.0
2022-09-01 11:10:06.750040+00:00,1662030606.7500396,12670.52,8.25,1.009033,0.0271,-0.005493,-2.113342,-0.679016,-1.686096,0.0,0.0,0.0
2022-09-01 11:10:06.770749+00:00,1662030606.7707489,12670.54,8.232,1.003662,0.039429,-0.005493,-2.151489,-0.190735,-1.472473,0.0,0.0,0.0
2022-09-01 11:10:06.791444+00:00,1662030606.7914443,12670.56,8.235,1.007568,0.030396,-0.013062,-2.052307,0.831604,-1.365662,0.0,0.0,0.0
2022-09-01 11:10:06.812126+00:00,1662030606.8121257,12670.58,8.241,1.005493,0.032227,-0.017822,-2.159119,1.594543,-1.220703,0.0,0.0,0.0
2022-09-01 11:10:06.832777+00:00,1662030606.8327765,12670.6,8.235,1.005737,0.040894,-0.015015,-2.037048,2.456665,-1.052856,0.0,0.0,0.0
2022-09-01 11:10:06.853482+00:00,1662030606.853482,12670.62,8.241,1.005737,0.025146,-0.015137,-2.067566,3.288269,-0.846863,0.0,0.0,0.0
2022-09-01 11:10:06.874152+00:00,1662030606.874152,12670.64,8.214,1.00708,0.040283,-0.006226,-2.243042,3.738403,-0.732422,0.0,0.0,0.0
2022-09-01 11:10:06.894816+00:00,1662030606.8948162,12670.66,8.241,1.005737,0.029541,0.000732,-2.082825,4.089355,-0.656128,0.0,0.0,0.0
2022-09-01 11:10:06.915475+00:00,1662030606.9154751,12670.68,8.217,1.004761,0.024414,0.004395,-2.113342,4.402161,-0.671387,0.0,0.0,0.0
2022-09-01 11:10:06.936131+00:00,1662030606.9361315,12670.7,8.244,1.005737,0.037231,0.019409,-2.098083,4.341125,-0.617981,0.0,0.0,0.0
2022-09-01 11:10:06.956834+00:00,1662030606.9568336,12670.72,8.229,1.007568,0.021484,0.023438,-2.052307,4.226685,-0.762939,0.0,0.0,0.0
2022-09-01 11:10:06.977499+00:00,1662030606.9774995,12670.75,8.214,1.004517,0.027588,0.030273,-2.212524,3.52478,-0.75531,0.0,0.0,0.0
2022-09-01 11:10:06.998191+00:00,1662030606.998191,12670.77,8.235,1.006836,0.02832,0.034302,-2.02179,2.983093,-0.915527,0.0,0.0,0.0
2022-09-01 11:10:07.018854+00:00,1662030607.0188541,12670.79,8.223,1.007202,0.019897,0.03833,-2.044678,2.311707,-1.106262,0.0,0.0,0.0
2022-09-01 11:10:07.039516+00:00,1662030607.039516,12670.81,8.235,1.007812,0.031372,0.037598,-2.098083,1.502991,-1.190186,0.0,0.0,0.0
2022-09-01 11:10:07.060203+00:00,1662030607.0602028,12670.83,8.229,1.009888,0.020264,0.040527,-2.006531,0.778198,-1.38092,0.0,0.0,0.0
2022-09-01 11:10:07.080871+00:00,1662030607.080871,12670.85,8.223,1.007568,0.020142,0.033081,-2.166748,-0.144958,-1.556396,0.0,0.0,0.0
2022-09-01 11:10:07.101531+00:00,1662030607.1015308,12670.87,8.229,1.005737,0.032959,0.029175,-2.082825,-1.029968,-1.625061,0.0,0.0,0.0
2022-09-01 11:10:07.122197+00:00,1662030607.122197,12670.89,8.214,1.008789,0.02124,0.021118,-2.075195,-1.312256,-1.731873,0.0,0.0,0.0
2022-09-01 11:10:07.142924+00:00,1662030607.142924,12670.91,8.208,1.007568,0.029175,0.016357,-2.212524,-1.693726,-1.739502,0.0,0.0,0.0
2022-09-01 11:10:07.163931+00:00,1662030607.1639311,12670.93,8.232,1.006348,0.030762,0.009155,-2.182007,-1.541138,-1.861572,0.0,0.0,0.0
2022-09-01 11:10:07.184852+00:00,1662030607.1848524,12670.95,8.226,1.005615,0.027466,-0.003662,-2.120972,-1.25885,-1.76239,0.0,0.0,0.0
2022-09-01 11:10:07.205568+00:00,1662030607.2055678,12670.97,8.244,1.005493,0.036865,-0.008301,-2.166748,-0.762939,-1.625061,0.0,0.0,0.0
2022-09-01 11:10:07.226255+00:00,1662030607.2262554,12670.99,8.202,1.00708,0.032471,-0.015137,-1.998901,-0.213623,-1.564026,0.0,0.0,0.0
2022-09-01 11:10:07.246969+00:00,1662030607.2469687,12671.01,8.214,1.005615,0.031738,-0.014893,-2.128601,0.762939,-1.327515,0.0,0.0,0.0
2022-09-01 11:10:07.267668+00:00,1662030607.2676685,12671.04,8.238,1.001221,0.039062,-0.015259,-2.01416,1.51825,-1.152039,0.0,0.0,0.0
2022-09-01 11:10:07.288363+00:00,1662030607.2883632,12671.06,8.223,1.005981,0.029907,-0.016602,-2.02179,2.403259,-1.113892,0.0,0.0,0.0
2022-09-01 11:10:07.309041+00:00,1662030607.3090408,12671.08,8.226,1.003662,0.035156,-0.010132,-2.220154,3.02887,-0.907898,0.0,0.0,0.0
2022-09-01 11:10:07.329718+00:00,1662030607.3297184,12671.1,8.223,1.004517,0.031738,-0.004395,-2.059937,3.662109,-0.823975,0.0,0.0,0.0
2022-09-01 11:10:07.350445+00:00,1662030607.350445,12671.12,8.226,1.007202,0.028198,0.00415,-2.113342,4.234314,-0.762939,0.0,0.0,0.0
2022-09-01 11:10:07.371127+00:00,1662030607.371127,12671.14,8.214,1.006592,0.033936,0.009033,-2.174377,4.234314,-0.617981,0.0,0.0,0.0
2022-09-01 11:10:07.391806+00:00,1662030607.391806,12671.16,8.229,1.00708,0.026367,0.012817,-1.960754,4.348755,-0.694275,0.0,0.0,0.0
2022-09-01 11:10:07.412520+00:00,1662030607.4125204,12671.18,8.208,1.008301,0.022461,0.021484,-2.204895,3.952026,-0.740051,0.0,0.0,0.0
2022-09-01 11:10:07.433188+00:00,1662030607.4331884,12671.2,8.22,1.007202,0.030151,0.02832,-2.120972,3.692627,-0.724792,0.0,0.0,0.0
2022-09-01 11:10:07.453892+00:00,1662030607.4538915,12671.22,8.226,1.009888,0.02063,0.031128,-2.113342,3.135681,-0.946045,0.0,0.0,0.0
2022-09-01 11:10:07.474570+00:00,1662030607.47457,12671.24,8.22,1.006958,0.030151,0.037964,-2.197266,2.304077,-0.999451,0.0,0.0,0.0
2022-09-01 11:10:07.495235+00:00,1662030607.4952347,12671.26,8.226,1.009033,0.024292,0.034546,-2.044678,1.647949,-1.159668,0.0,0.0,0.0
2022-09-01 11:10:07.515898+00:00,1662030607.5158982,12671.28,8.241,1.007202,0.022827,0.03833,-2.044678,0.862122,-1.342773,0.0,0.0,0.0
2022-09-01 11:10:07.536561+00:00,1662030607.536561,12671.3,8.253,1.006348,0.030396,0.034424,-2.113342,-0.312805,-1.525879,0.0,0.0,0.0
2022-09-01 11:10:07.557223+00:00,1662030607.5572226,12671.32,8.244,1.007324,0.020264,0.032471,-2.120972,-0.854492,-1.63269,0.0,0.0,0.0
2022-09-01 11:10:07.577884+00:00,1662030607.5778844,12671.35,8.217,1.005005,0.027588,0.020264,-2.204895,-1.251221,-1.731873,0.0,0.0,0.0
2022-09-01 11:10:07.598549+00:00,1662030607.598549,12671.37,8.226,1.006226,0.031006,0.015747,-2.044678,-1.426697,-1.724243,0.0,0.0,0.0
2022-09-01 11:10:07.619212+00:00,1662030607.6192117,12671.39,8.211,1.004761,0.027954,0.002319,-2.052307,-1.38092,-1.77002,0.0,0.0,0.0
2022-09-01 11:10:07.639877+00:00,1662030607.6398773,12671.41,8.217,1.005615,0.033936,0.007812,-2.227783,-1.350403,-1.686096,0.0,0.0,0.0
2022-09-01 11:10:07.660548+00:00,1662030607.6605482,12671.43,8.232,1.004883,0.031006,-0.005493,-2.090454,-0.701904,-1.670837,0.0,0.0,0.0
2022-09-01 11:10:07.681226+00:00,1662030607.6812258,12671.45,8.226,1.006958,0.029541,-0.010498,-2.120972,-0.068665,-1.586914,0.0,0.0,0.0
2022-09-01 11:10:07.701890+00:00,1662030607.70189,12671.47,8.244,1.002075,0.039307,-0.011597,-2.090454,0.595093,-1.296997,0.0,0.0,0.0
2022-09-01 11:10:07.722692+00:00,1662030607.7226915,12671.49,8.241,1.006958,0.029663,-0.018677,-2.090454,1.426697,-1.235962,0.0,0.0,0.0
2022-09-01 11:10:07.743391+00:00,1662030607.7433913,12671.51,8.235,1.006958,0.032593,-0.011353,-2.159119,2.159119,-1.052856,0.0,0.0,0.0
2022-09-01 11:10:07.764079+00:00,1662030607.764079,12671.53,8.226,1.005615,0.034668,-0.008179,-2.166748,2.883911,-0.907898,0.0,0.0,0.0
2022-09-01 11:10:07.784754+00:00,1662030607.7847536,12671.55,8.235,1.003296,0.025391,-0.011108,-2.067566,3.547668,-0.87738,0.0,0.0,0.0
2022-09-01 11:10:07.805645+00:00,1662030607.805645,12671.57,8.223,1.00647,0.036621,0.001343,-2.174377,3.807068,-0.793457,0.0,0.0,0.0
2022-09-01 11:10:07.826358+00:00,1662030607.8263576,12671.59,8.226,1.005615,0.028198,0.005127,-2.105713,4.203796,-0.732422,0.0,0.0,0.0
2022-09-01 11:10:07.847057+00:00,1662030607.847057,12671.61,8.241,1.007935,0.0271,0.009521,-2.13623,4.180908,-0.740051,0.0,0.0,0.0
2022-09-01 11:10:07.867745+00:00,1662030607.8677452,12671.64,8.214,1.004761,0.032349,0.021973,-2.113342,3.990173,-0.724792,0.0,0.0,0.0
2022-09-01 11:10:07.888429+00:00,1662030607.8884294,12671.66,8.232,1.007446,0.02124,0.027466,-2.059937,3.684998,-0.808716,0.0,0.0,0.0
2022-09-01 11:10:07.909122+00:00,1662030607.9091222,12671.68,8.217,1.007446,0.030884,0.039795,-2.090454,3.082275,-0.953674,0.0,0.0,0.0
2022-09-01 11:10:07.929793+00:00,1662030607.9297931,12671.7,8.238,1.00708,0.024536,0.034302,-2.098083,2.410889,-1.052856,0.0,0.0,0.0
2022-09-01 11:10:07.950459+00:00,1662030607.9504595,12671.72,8.214,1.01001,0.019897,0.035522,-2.082825,1.686096,-1.243591,0.0,0.0,0.0
2022-09-01 11:10:07.971132+00:00,1662030607.9711318,12671.74,8.196,1.008545,0.028931,0.037231,-2.197266,0.892639,-1.312256,0.0,0.0,0.0
2022-09-01 11:10:07.991799+00:00,1662030607.9917989,12671.76,8.229,1.006348,0.022217,0.035522,-2.105713,-0.1297,-1.51062,0.0,0.0,0.0
2022-09-01 11:10:08.012515+00:00,1662030608.0125148,12671.78,8.217,1.005493,0.024048,0.026001,-2.151489,-0.823975,-1.594543,0.0,0.0,0.0
2022-09-01 11:10:08.033181+00:00,1662030608.0331814,12671.8,8.22,1.006958,0.030151,0.022095,-2.082825,-1.121521,-1.670837,0.0,0.0,0.0
2022-09-01 11:10:08.053862+00:00,1662030608.053862,12671.82,8.241,1.00647,0.026489,0.015015,-2.082825,-1.266479,-1.739502,0.0,0.0,0.0
2022-09-01 11:10:08.074534+00:00,1662030608.074534,12671.84,8.238,1.004639,0.032227,0.010254,-2.243042,-1.457214,-1.701355,0.0,0.0,0.0
2022-09-01 11:10:08.095193+00:00,1662030608.0951931,12671.86,8.235,1.003174,0.03125,0.000854,-2.14386,-1.060486,-1.716614,0.0,0.0,0.0
2022-09-01 11:10:08.115858+00:00,1662030608.1158578,12671.88,8.238,1.006348,0.032715,-0.00293,-2.075195,-0.694275,-1.64032,0.0,0.0,0.0
2022-09-01 11:10:08.136520+00:00,1662030608.1365197,12671.9,8.241,1.004761,0.03479,-0.014893,-2.090454,0.030518,-1.396179,0.0,0.0,0.0
2022-09-01 11:10:08.157216+00:00,1662030608.1572158,12671.92,8.238,1.003906,0.032227,-0.01001,-2.059937,0.656128,-1.373291,0.0,0.0,0.0
2022-09-01 11:10:08.177934+00:00,1662030608.1779342,12671.95,8.211,1.008057,0.032349,-0.012573,-2.204895,1.350403,-1.243591,0.0,0.0,0.0
2022-09-01 11:10:08.198610+00:00,1662030608.19861,12671.97,8.211,1.001831,0.032959,-0.014893,-2.13623,2.120972,-1.121521,0.0,0.0,0.0
2022-09-01 11:10:08.219281+00:00,1662030608.219281,12671.99,8.244,1.00647,0.028687,-0.013184,-2.113342,2.876282,-0.999451,0.0,0.0,0.0
2022-09-01 11:10:08.239957+00:00,1662030608.2399566,12672.01,8.223,1.003662,0.035889,-0.00415,-2.197266,3.295898,-0.854492,0.0,0.0,0.0
2022-09-01 11:10:08.260629+00:00,1662030608.260629,12672.03,8.214,1.005127,0.030029,0.004883,-2.059937,3.852844,-0.793457,0.0,0.0,0.0
2022-09-01 11:10:08.281302+00:00,1662030608.281302,12672.05,8.217,1.007446,0.024414,0.003174,-2.067566,4.188538,-0.762939,0.0,0.0,0.0
2022-09-01 11:10:08.301966+00:00,1662030608.3019657,12672.07,8.244,1.00708,0.032959,0.017334,-2.159119,4.104614,-0.679016,0.0,0.0,0.0
2022-09-01 11:10:08.322648+00:00,1662030608.322648,12672.09,8.22,1.007935,0.025635,0.017944,-2.006531,4.096985,-0.854492,0.0,0.0,0.0
2022-09-01 11:10:08.343336+00:00,1662030608.3433359,12672.11,8.244,1.009155,0.025146,0.023071,-2.13623,3.593445,-0.88501,0.0,0.0,0.0
2022-09-01 11:10:08.364007+00:00,1662030608.3640072,12672.13,8.247,1.00647,0.025146,0.033081,-2.067566,3.013611,-0.930786,0.0,0.0,0.0
2022-09-01 11:10:08.384696+00:00,1662030608.3846965,12672.15,8.226,1.012573,0.022461,0.029419,-2.052307,2.410889,-1.068115,0.0,0.0,0.0
2022-09-01 11:10:08.405356+00:00,1662030608.405356,12672.17,8.235,1.006348,0.028442,0.037964,-2.098083,1.663208,-1.144409,0.0,0.0,0.0
2022-09-01 11:10:08.426018+00:00,1662030608.426018,12672.19,8.235,1.008057,0.022705,0.035034,-2.113342,0.999451,-1.38855,0.0,0.0,0.0
2022-09-01 11:10:08.446674+00:00,1662030608.4466736,12672.21,8.199,1.010132,0.023926,0.032104,-2.105713,0.0,-1.495361,0.0,0.0,0.0
2022-09-01 11:10:08.467470+00:00,1662030608.46747,12672.24,8.25,1.006348,0.028564,0.032349,-2.258301,-0.648499,-1.571655,0.0,0.0,0.0
2022-09-01 11:10:08.487869+00:00,1662030608.487869,12672.26,8.244,1.004028,0.023926,0.02002,-2.059937,-1.037598,-1.724243,0.0,0.0,0.0
2022-09-01 11:10:08.508686+00:00,1662030608.5086858,12672.28,8.211,1.007446,0.031982,0.014404,-2.159119,-1.373291,-1.708984,0.0,0.0,0.0
2022-09-01 11:10:08.529132+00:00,1662030608.529132,12672.3,8.235,1.006836,0.029663,0.011475,-2.052307,-1.205444,-1.678467,0.0,0.0,0.0
2022-09-01 11:10:08.549651+00:00,1662030608.549651,12672.32,8.241,1.006836,0.026123,0.004028,-2.075195,-1.037598,-1.647949,0.0,0.0,0.0
2022-09-01 11:10:08.567492+00:00,1662030608.5674922,12672.34,8.235,1.005493,0.032471,-0.006104,-2.128601,-0.701904,-1.647949,0.0,0.0,0.0
2022-09-01 11:10:08.588117+00:00,1662030608.588117,12672.36,8.244,1.004761,0.029419,-0.011108,-2.01416,-0.144958,-1.594543,0.0,0.0,0.0
2022-09-01 11:10:08.608679+00:00,1662030608.608679,12672.38,8.223,1.004395,0.031372,-0.008301,-1.976013,0.450134,-1.38855,0.0,0.0,0.0
2022-09-01 11:10:08.629223+00:00,1662030608.629223,12672.4,8.244,1.001953,0.035522,-0.007202,-2.151489,1.152039,-1.235962,0.0,0.0,0.0
2022-09-01 11:10:08.649763+00:00,1662030608.6497626,12672.42,8.229,1.008301,0.03125,-0.013306,-2.075195,2.052307,-1.121521,0.0,0.0,0.0
2022-09-01 11:10:08.670299+00:00,1662030608.670299,12672.44,8.232,1.005371,0.03479,-0.013062,-2.113342,2.792358,-0.946045,0.0,0.0,0.0
2022-09-01 11:10:08.690834+00:00,1662030608.6908338,12672.46,8.223,1.004883,0.032959,-0.003662,-2.059937,3.295898,-0.915527,0.0,0.0,0.0
2022-09-01 11:10:08.711370+00:00,1662030608.7113698,12672.48,8.241,1.006592,0.028564,-0.001709,-2.090454,3.829956,-0.869751,0.0,0.0,0.0
2022-09-01 11:10:08.731910+00:00,1662030608.7319095,12672.5,8.223,1.008667,0.031494,0.008057,-2.14386,3.936768,-0.762939,0.0,0.0,0.0
2022-09-01 11:10:08.752448+00:00,1662030608.7524476,12672.52,8.217,1.00708,0.027588,0.013672,-2.052307,4.066467,-0.724792,0.0,0.0,0.0
2022-09-01 11:10:08.772982+00:00,1662030608.7729816,12672.54,8.232,1.009521,0.028076,0.020386,-2.052307,4.013062,-0.770569,0.0,0.0,0.0
2022-09-01 11:10:08.793522+00:00,1662030608.7935224,12672.56,8.223,1.006592,0.029053,0.02417,-2.113342,3.601074,-0.854492,0.0,0.0,0.0
2022-09-01 11:10:08.814059+00:00,1662030608.814059,12672.58,8.229,1.008179,0.022705,0.032837,-2.082825,3.295898,-0.846863,0.0,0.0,0.0
2022-09-01 11:10:08.834589+00:00,1662030608.8345895,12672.6,8.244,1.008423,0.025635,0.031372,-2.067566,2.586365,-0.999451,0.0,0.0,0.0
2022-09-01 11:10:08.855116+00:00,1662030608.8551164,12672.62,8.235,1.006958,0.0271,0.036377,-2.029419,1.716614,-1.13678,0.0,0.0,0.0
2022-09-01 11:10:08.875644+00:00,1662030608.8756444,12672.64,8.238,1.006348,0.025757,0.030151,-2.01416,1.098633,-1.281738,0.0,0.0,0.0
2022-09-01 11:10:08.896171+00:00,1662030608.896171,12672.66,8.241,1.005859,0.028809,0.034058,-2.128601,0.190735,-1.449585,0.0,0.0,0.0
2022-09-01 11:10:08.916701+00:00,1662030608.9167006,12672.68,8.229,1.010498,0.023071,0.025513,-2.090454,-0.343323,-1.579285,0.0,0.0,0.0
2022-09-01 11:10:08.937237+00:00,1662030608.9372373,12672.7,8.232,1.006958,0.027344,0.018188,-2.120972,-0.88501,-1.64032,0.0,0.0,0.0
2022-09-01 11:10:08.957775+00:00,1662030608.9577754,12672.73,8.241,1.007202,0.030151,0.020264,-2.075195,-1.091003,-1.686096,0.0,0.0,0.0
2022-09-01 11:10:08.978330+00:00,1662030608.9783301,12672.75,8.223,1.005493,0.026245,0.013306,-2.098083,-1.205444,-1.754761,0.0,0.0,0.0
2022-09-01 11:10:08.998868+00:00,1662030608.9988678,12672.77,8.238,1.00647,0.033081,0.001953,-2.14386,-1.304626,-1.754761,0.0,0.0,0.0
2022-09-01 11:10:09.019410+00:00,1662030609.0194101,12672.79,8.235,1.004272,0.035522,-0.001465,-2.13623,-0.762939,-1.716614,0.0,0.0,0.0
2022-09-01 11:10:09.039954+00:00,1662030609.0399542,12672.81,8.223,1.006226,0.029663,-0.005615,-2.037048,-0.175476,-1.51825,0.0,0.0,0.0
2022-09-01 11:10:09.060487+00:00,1662030609.0604873,12672.83,8.22,1.005859,0.034302,-0.008423,-2.151489,0.427246,-1.411438,0.0,0.0,0.0
2022-09-01 11:10:09.081260+00:00,1662030609.08126,12672.85,8.238,1.005127,0.032104,-0.016968,-2.082825,1.029968,-1.266479,0.0,0.0,0.0
2022-09-01 11:10:09.101921+00:00,1662030609.1019208,12672.87,8.244,1.005249,0.029419,-0.011353,-2.113342,1.838684,-1.075745,0.0,0.0,0.0
2022-09-01 11:10:09.122554+00:00,1662030609.1225543,12672.89,8.241,1.003906,0.032837,-0.006104,-1.983643,2.418518,-1.060486,0.0,0.0,0.0
2022-09-01 11:10:09.143124+00:00,1662030609.1431239,12672.91,8.25,1.006836,0.029419,-0.007202,-2.044678,3.112793,-0.953674,0.0,0.0,0.0
2022-09-01 11:10:09.163705+00:00,1662030609.1637049,12672.93,8.22,1.007202,0.030884,-0.005249,-2.090454,3.585815,-0.869751,0.0,0.0,0.0
2022-09-01 11:10:09.184292+00:00,1662030609.1842923,12672.95,8.226,1.005859,0.032959,0.003662,-2.105713,3.807068,-0.823975,0.0,0.0,0.0
2022-09-01 11:10:09.204908+00:00,1662030609.2049084,12672.97,8.238,1.006226,0.027832,0.007202,-2.044678,3.997803,-0.801086,0.0,0.0,0.0
2022-09-01 11:10:09.225493+00:00,1662030609.225493,12672.99,8.229,1.006958,0.030151,0.021118,-2.166748,3.929138,-0.724792,0.0,0.0,0.0
2022-09-01 11:10:09.246082+00:00,1662030609.2460818,12673.01,8.25,1.008301,0.025513,0.025269,-2.052307,3.723145,-0.839233,0.0,0.0,0.0
2022-09-01 11:10:09.270450+00:00,1662030609.27045,12673.04,8.244,1.007324,0.026611,0.032227,-2.113342,3.15094,-0.900269,0.0,0.0,0.0
2022-09-01 11:10:09.290937+00:00,1662030609.290937,12673.06,8.25,1.00415,0.026245,0.030518,-2.029419,2.563477,-0.968933,0.0,0.0,0.0
2022-09-01 11:10:09.311399+00:00,1662030609.3113985,12673.08,8.22,1.009033,0.023682,0.032959,-2.044678,1.998901,-1.12915,0.0,0.0,0.0
2022-09-01 11:10:09.331850+00:00,1662030609.3318503,12673.1,8.22,1.005615,0.027588,0.035522,-2.105713,1.068115,-1.274109,0.0,0.0,0.0
2022-09-01 11:10:09.352300+00:00,1662030609.3523,12673.12,8.235,1.006958,0.027954,0.030518,-2.059937,0.389099,-1.449585,0.0,0.0,0.0
2022-09-01 11:10:09.371584+00:00,1662030609.3715837,12673.14,8.259,1.008179,0.022583,0.029053,-2.113342,-0.289917,-1.541138,0.0,0.0,0.0
2022-09-01 11:10:09.391712+00:00,1662030609.3917124,12673.16,8.238,1.005493,0.03125,0.023193,-2.197266,-0.846863,-1.609802,0.0,0.0,0.0
2022-09-01 11:10:09.411834+00:00,1662030609.411834,12673.18,8.232,1.008179,0.028931,0.019287,-2.090454,-1.029968,-1.63269,0.0,0.0,0.0
2022-09-01 11:10:09.431956+00:00,1662030609.431956,12673.2,8.238,1.007202,0.02832,0.010742,-2.174377,-1.121521,-1.670837,0.0,0.0,0.0
2022-09-01 11:10:09.452074+00:00,1662030609.4520738,12673.22,8.229,1.006592,0.029785,0.005493,-2.105713,-1.152039,-1.670837,0.0,0.0,0.0
2022-09-01 11:10:09.473142+00:00,1662030609.4731417,12673.24,8.235,1.003906,0.030151,-0.000244,-2.067566,-0.823975,-1.625061,0.0,0.0,0.0
2022-09-01 11:10:09.494132+00:00,1662030609.4941318,12673.26,8.253,1.004517,0.031982,-0.00708,-2.075195,-0.259399,-1.502991,0.0,0.0,0.0
2022-09-01 11:10:09.515115+00:00,1662030609.515115,12673.28,8.226,1.004761,0.03418,-0.010132,-2.090454,0.175476,-1.464844,0.0,0.0,0.0
2022-09-01 11:10:09.536063+00:00,1662030609.5360632,12673.3,8.27,1.004639,0.030762,-0.010986,-2.075195,0.801086,-1.319885,0.0,0.0,0.0
2022-09-01 11:10:09.557108+00:00,1662030609.557108,12673.32,8.229,1.002197,0.037354,-0.01416,-2.13623,1.708984,-1.098633,0.0,0.0,0.0
2022-09-01 11:10:09.578021+00:00,1662030609.5780208,12673.35,8.235,1.003174,0.031128,-0.009521,-2.044678,2.464294,-1.113892,0.0,0.0,0.0
2022-09-01 11:10:09.598943+00:00,1662030609.598943,12673.37,8.238,1.004272,0.033325,-0.008667,-2.113342,3.02887,-0.915527,0.0,0.0,0.0
2022-09-01 11:10:09.619842+00:00,1662030609.6198416,12673.39,8.232,1.004395,0.034668,0.00354,-2.075195,3.471375,-0.915527,0.0,0.0,0.0
2022-09-01 11:10:09.640852+00:00,1662030609.6408522,12673.41,8.235,1.005615,0.025879,0.005737,-2.098083,3.799438,-0.823975,0.0,0.0,0.0
2022-09-01 11:10:09.661814+00:00,1662030609.661814,12673.43,8.217,1.005127,0.031372,0.011597,-2.128601,3.845215,-0.770569,0.0,0.0,0.0
2022-09-01 11:10:09.682802+00:00,1662030609.6828017,12673.45,8.241,1.006714,0.028564,0.0177,-2.113342,3.929138,-0.839233,0.0,0.0,0.0
2022-09-01 11:10:09.703507+00:00,1662030609.7035074,12673.47,8.226,1.008423,0.02832,0.020142,-2.159119,3.578186,-0.87738,0.0,0.0,0.0
2022-09-01 11:10:09.724197+00:00,1662030609.7241974,12673.49,8.262,1.007935,0.028687,0.030029,-2.075195,3.051758,-0.892639,0.0,0.0,0.0
2022-09-01 11:10:09.744878+00:00,1662030609.744878,12673.51,8.217,1.007324,0.022705,0.030151,-2.075195,2.639771,-1.00708,0.0,0.0,0.0
2022-09-01 11:10:09.765588+00:00,1662030609.7655876,12673.53,8.238,1.010132,0.025391,0.031982,-2.159119,2.01416,-1.113892,0.0,0.0,0.0
2022-09-01 11:10:09.786266+00:00,1662030609.7862659,12673.55,8.247,1.008789,0.025269,0.034668,-2.059937,1.419067,-1.312256,0.0,0.0,0.0
2022-09-01 11:10:09.806946+00:00,1662030609.806946,12673.57,8.223,1.005127,0.023315,0.031128,-2.174377,0.495911,-1.403809,0.0,0.0,0.0
2022-09-01 11:10:09.827647+00:00,1662030609.8276467,12673.6,8.223,1.005981,0.025513,0.025757,-2.128601,-0.213623,-1.564026,0.0,0.0,0.0
2022-09-01 11:10:09.848325+00:00,1662030609.8483248,12673.62,8.25,1.008179,0.024902,0.021606,-2.098083,-0.656128,-1.579285,0.0,0.0,0.0
2022-09-01 11:10:09.869029+00:00,1662030609.869029,12673.64,8.217,1.006714,0.028442,0.016479,-2.128601,-0.915527,-1.586914,0.0,0.0,0.0
2022-09-01 11:10:09.889702+00:00,1662030609.8897018,12673.66,8.235,1.003418,0.030518,0.013306,-2.128601,-1.052856,-1.686096,0.0,0.0,0.0
2022-09-01 11:10:09.910363+00:00,1662030609.9103634,12673.68,8.238,1.00708,0.030029,-0.000244,-2.067566,-0.953674,-1.670837,0.0,0.0,0.0
2022-09-01 11:10:09.931029+00:00,1662030609.9310293,12673.7,8.22,1.006348,0.03064,-0.001709,-2.120972,-0.747681,-1.533508,0.0,0.0,0.0
2022-09-01 11:10:09.951693+00:00,1662030609.9516928,12673.72,8.226,1.005615,0.030518,-0.002441,-2.082825,-0.213623,-1.51062,0.0,0.0,0.0
2022-09-01 11:10:09.972389+00:00,1662030609.9723892,12673.74,8.217,1.00415,0.032593,-0.011597,-2.120972,0.358582,-1.449585,0.0,0.0,0.0
2022-09-01 11:10:09.993061+00:00,1662030609.993061,12673.76,8.241,1.004639,0.032715,-0.011719,-2.098083,1.00708,-1.266479,0.0,0.0,0.0
2022-09-01 11:10:10.013728+00:00,1662030610.0137281,12673.78,8.238,1.006348,0.032593,-0.01123,-2.120972,1.77002,-1.159668,0.0,0.0,0.0
2022-09-01 11:10:10.034396+00:00,1662030610.0343962,12673.8,8.247,1.005493,0.029053,-0.003784,-2.105713,2.296448,-1.052856,0.0,0.0,0.0
2022-09-01 11:10:10.055055+00:00,1662030610.055055,12673.82,8.229,1.004883,0.033936,-0.006592,-2.13623,2.944946,-0.923157,0.0,0.0,0.0
2022-09-01 11:10:10.075167+00:00,1662030610.0751667,12673.84,8.247,1.006592,0.029419,-0.003784,-2.128601,3.372192,-0.87738,0.0,0.0,0.0
2022-09-01 11:10:10.096124+00:00,1662030610.0961242,12673.86,8.226,1.005127,0.032349,0.006714,-2.090454,3.692627,-0.793457,0.0,0.0,0.0
2022-09-01 11:10:10.116936+00:00,1662030610.116936,12673.88,8.235,1.005493,0.029663,0.012085,-2.105713,3.768921,-0.762939,0.0,0.0,0.0
2022-09-01 11:10:10.137638+00:00,1662030610.1376379,12673.91,8.241,1.006958,0.028931,0.013306,-2.189636,3.791809,-0.808716,0.0,0.0,0.0
2022-09-01 11:10:10.158314+00:00,1662030610.158314,12673.93,8.235,1.007446,0.029785,0.022217,-2.082825,3.471375,-0.823975,0.0,0.0,0.0
2022-09-01 11:10:10.178989+00:00,1662030610.1789892,12673.95,8.22,1.007935,0.027466,0.024292,-2.082825,3.067017,-0.968933,0.0,0.0,0.0
2022-09-01 11:10:10.199656+00:00,1662030610.1996562,12673.97,8.232,1.007324,0.02478,0.027954,-2.113342,2.693176,-1.037598,0.0,0.0,0.0
2022-09-01 11:10:10.220343+00:00,1662030610.220343,12673.99,8.217,1.005859,0.0271,0.034912,-2.082825,2.01416,-1.190186,0.0,0.0,0.0
2022-09-01 11:10:10.241012+00:00,1662030610.2410119,12674.01,8.247,1.00769,0.024536,0.034302,-2.067566,1.419067,-1.25885,0.0,0.0,0.0
2022-09-01 11:10:10.261729+00:00,1662030610.261729,12674.03,8.223,1.005859,0.028564,0.03125,-2.082825,0.518799,-1.304626,0.0,0.0,0.0
2022-09-01 11:10:10.282405+00:00,1662030610.2824047,12674.05,8.235,1.007202,0.0271,0.028809,-2.067566,-0.083923,-1.525879,0.0,0.0,0.0
2022-09-01 11:10:10.303079+00:00,1662030610.3030794,12674.07,8.235,1.009033,0.026123,0.027344,-2.151489,-0.640869,-1.564026,0.0,0.0,0.0
2022-09-01 11:10:10.323767+00:00,1662030610.3237667,12674.09,8.244,1.006592,0.026978,0.018311,-2.204895,-0.915527,-1.63269,0.0,0.0,0.0
2022-09-01 11:10:10.345048+00:00,1662030610.3450484,12674.11,8.247,1.008667,0.029907,0.011719,-2.052307,-1.029968,-1.678467,0.0,0.0,0.0
2022-09-01 11:10:10.366034+00:00,1662030610.3660343,12674.13,8.235,1.00708,0.030273,0.007324,-2.067566,-0.892639,-1.617432,0.0,0.0,0.0
2022-09-01 11:10:10.386169+00:00,1662030610.3861694,12674.15,8.25,1.005737,0.03064,-0.00061,-2.189636,-0.724792,-1.579285,0.0,0.0,0.0
2022-09-01 11:10:10.407208+00:00,1662030610.4072082,12674.17,8.238,1.005127,0.030151,-0.003906,-2.105713,-0.022888,-1.51062,0.0,0.0,0.0
2022-09-01 11:10:10.427997+00:00,1662030610.4279969,12674.2,8.244,1.005249,0.033447,-0.008301,-2.090454,0.38147,-1.396179,0.0,0.0,0.0
2022-09-01 11:10:10.448712+00:00,1662030610.4487116,12674.22,8.226,1.006348,0.033081,-0.009277,-2.098083,0.930786,-1.25885,0.0,0.0,0.0
2022-09-01 11:10:10.469435+00:00,1662030610.4694352,12674.24,8.256,1.006348,0.032715,-0.012451,-2.029419,1.708984,-1.220703,0.0,0.0,0.0
2022-09-01 11:10:10.490119+00:00,1662030610.4901187,12674.26,8.232,1.004883,0.035278,-0.010742,-2.098083,2.220154,-1.045227,0.0,0.0,0.0
2022-09-01 11:10:10.510828+00:00,1662030610.5108283,12674.28,8.25,1.005615,0.031128,-0.008179,-2.120972,2.838135,-0.923157,0.0,0.0,0.0
2022-09-01 11:10:10.531524+00:00,1662030610.531524,12674.3,8.253,1.007202,0.03125,0.002197,-2.090454,3.40271,-0.846863,0.0,0.0,0.0
2022-09-01 11:10:10.552218+00:00,1662030610.5522182,12674.32,8.238,1.003784,0.034058,0.001709,-2.113342,3.631592,-0.862122,0.0,0.0,0.0
2022-09-01 11:10:10.572933+00:00,1662030610.5729327,12674.34,8.244,1.009155,0.025269,0.007568,-2.090454,3.738403,-0.816345,0.0,0.0,0.0
2022-09-01 11:10:10.593617+00:00,1662030610.5936172,12674.36,8.229,1.008423,0.028931,0.018921,-2.13623,3.692627,-0.846863,0.0,0.0,0.0
2022-09-01 11:10:10.614285+00:00,1662030610.6142855,12674.38,8.229,1.007202,0.024902,0.022583,-2.075195,3.53241,-0.854492,0.0,0.0,0.0
2022-09-01 11:10:10.634936+00:00,1662030610.6349356,12674.4,8.235,1.00647,0.023682,0.026123,-2.090454,3.097534,-0.961304,0.0,0.0,0.0
2022-09-01 11:10:10.655594+00:00,1662030610.6555939,12674.42,8.229,1.00293,0.029907,0.031738,-2.120972,2.76947,-1.045227,0.0,0.0,0.0
2022-09-01 11:10:10.676287+00:00,1662030610.676287,12674.44,8.22,1.007935,0.024414,0.028564,-2.14386,1.937866,-1.152039,0.0,0.0,0.0
2022-09-01 11:10:10.696950+00:00,1662030610.6969502,12674.46,8.229,1.009399,0.028809,0.033325,-2.113342,1.251221,-1.235962,0.0,0.0,0.0
2022-09-01 11:10:10.717638+00:00,1662030610.7176383,12674.49,8.229,1.008057,0.026489,0.030273,-2.090454,0.587463,-1.38855,0.0,0.0,0.0
2022-09-01 11:10:10.738307+00:00,1662030610.7383075,12674.51,8.256,1.005859,0.025635,0.0271,-2.166748,-0.045776,-1.441956,0.0,0.0,0.0
2022-09-01 11:10:10.758972+00:00,1662030610.758972,12674.53,8.235,1.005615,0.026367,0.025024,-2.14386,-0.549316,-1.533508,0.0,0.0,0.0
2022-09-01 11:10:10.779639+00:00,1662030610.7796388,12674.55,8.235,1.010376,0.026001,0.016724,-2.128601,-0.801086,-1.602173,0.0,0.0,0.0
2022-09-01 11:10:10.800344+00:00,1662030610.8003435,12674.57,8.244,1.00769,0.028442,0.013428,-2.128601,-0.938416,-1.617432,0.0,0.0,0.0
2022-09-01 11:10:10.821019+00:00,1662030610.8210192,12674.59,8.223,1.007202,0.031738,0.007446,-2.044678,-0.839233,-1.617432,0.0,0.0,0.0
2022-09-01 11:10:10.841680+00:00,1662030610.8416803,12674.61,8.244,1.004639,0.03125,0.001831,-2.098083,-0.579834,-1.541138,0.0,0.0,0.0
2022-09-01 11:10:10.862348+00:00,1662030610.8623478,12674.63,8.241,1.009644,0.034058,-0.003662,-2.105713,-0.068665,-1.495361,0.0,0.0,0.0
2022-09-01 11:10:10.883034+00:00,1662030610.8830342,12674.65,8.256,1.004272,0.029785,-0.008423,-2.02179,0.38147,-1.411438,0.0,0.0,0.0
2022-09-01 11:10:10.903696+00:00,1662030610.903696,12674.67,8.241,1.00293,0.030884,-0.008667,-2.052307,0.915527,-1.327515,0.0,0.0,0.0
2022-09-01 11:10:10.924360+00:00,1662030610.9243598,12674.69,8.238,1.004395,0.031738,-0.010742,-2.090454,1.63269,-1.12915,0.0,0.0,0.0
2022-09-01 11:10:10.945020+00:00,1662030610.94502,12674.71,8.267,1.006226,0.031128,-0.00647,-2.120972,2.120972,-1.037598,0.0,0.0,0.0
2022-09-01 11:10:10.965714+00:00,1662030610.9657135,12674.73,8.247,1.00293,0.029419,-0.000488,-2.113342,2.700806,-0.953674,0.0,0.0,0.0
2022-09-01 11:10:10.986383+00:00,1662030610.9863834,12674.75,8.247,1.004272,0.032349,-0.000122,-2.098083,3.318787,-0.923157,0.0,0.0,0.0
2022-09-01 11:10:11.007092+00:00,1662030611.0070925,12674.77,8.244,1.005615,0.028076,0.0,-2.082825,3.585815,-0.869751,0.0,0.0,0.0
2022-09-01 11:10:11.027753+00:00,1662030611.0277534,12674.8,8.253,1.003662,0.027832,0.010254,-2.105713,3.631592,-0.793457,0.0,0.0,0.0
2022-09-01 11:10:11.048424+00:00,1662030611.048424,12674.82,8.238,1.004639,0.028198,0.016479,-2.090454,3.692627,-0.846863,0.0,0.0,0.0
2022-09-01 11:10:11.069120+00:00,1662030611.0691204,12674.84,8.238,1.005371,0.029663,0.016724,-2.13623,3.486633,-0.831604,0.0,0.0,0.0
2022-09-01 11:10:11.089788+00:00,1662030611.0897884,12674.86,8.244,1.008179,0.027954,0.020386,-2.098083,3.112793,-0.88501,0.0,0.0,0.0
2022-09-01 11:10:11.110449+00:00,1662030611.1104488,12674.88,8.259,1.004395,0.026855,0.030396,-2.128601,2.655029,-1.00708,0.0,0.0,0.0
2022-09-01 11:10:11.131110+00:00,1662030611.1311097,12674.9,8.256,1.007568,0.026978,0.030762,-2.067566,2.037048,-1.106262,0.0,0.0,0.0
2022-09-01 11:10:11.151767+00:00,1662030611.1517668,12674.92,8.232,1.010254,0.029907,0.033936,-2.120972,1.304626,-1.266479,0.0,0.0,0.0
2022-09-01 11:10:11.172457+00:00,1662030611.1724565,12674.94,8.238,1.007446,0.023071,0.033325,-2.113342,0.701904,-1.419067,0.0,0.0,0.0
2022-09-01 11:10:11.193141+00:00,1662030611.1931412,12674.96,8.223,1.008423,0.026611,0.026489,-2.166748,0.061035,-1.487732,0.0,0.0,0.0
2022-09-01 11:10:11.213839+00:00,1662030611.2138393,12674.98,8.232,1.005859,0.02771,0.021362,-2.082825,-0.343323,-1.502991,0.0,0.0,0.0
2022-09-01 11:10:11.234505+00:00,1662030611.2345052,12675.0,8.229,1.006592,0.029175,0.017944,-2.166748,-0.793457,-1.586914,0.0,0.0,0.0
2022-09-01 11:10:11.255188+00:00,1662030611.255188,12675.02,8.235,1.008545,0.03064,0.008667,-2.120972,-0.984192,-1.64032,0.0,0.0,0.0
2022-09-01 11:10:11.275890+00:00,1662030611.27589,12675.04,8.235,1.005615,0.029297,0.00415,-2.098083,-0.762939,-1.64032,0.0,0.0,0.0
2022-09-01 11:10:11.296558+00:00,1662030611.296558,12675.06,8.244,1.008179,0.029541,0.001465,-2.159119,-0.518799,-1.533508,0.0,0.0,0.0
2022-09-01 11:10:11.317228+00:00,1662030611.317228,12675.08,8.25,1.004395,0.032471,-0.004395,-2.113342,-0.068665,-1.495361,0.0,0.0,0.0
2022-09-01 11:10:11.337968+00:00,1662030611.3379679,12675.11,8.244,1.005249,0.031616,-0.008667,-2.113342,0.343323,-1.403809,0.0,0.0,0.0
2022-09-01 11:10:11.358648+00:00,1662030611.3586483,12675.13,8.232,1.005371,0.033081,-0.006226,-2.105713,0.88501,-1.266479,0.0,0.0,0.0
2022-09-01 11:10:11.379323+00:00,1662030611.3793232,12675.15,8.247,1.002563,0.032837,-0.01062,-2.075195,1.541138,-1.190186,0.0,0.0,0.0
2022-09-01 11:10:11.399994+00:00,1662030611.3999941,12675.17,8.244,1.004272,0.029663,-0.008667,-2.105713,2.090454,-1.091003,0.0,0.0,0.0
2022-09-01 11:10:11.420669+00:00,1662030611.420669,12675.19,8.223,1.005127,0.031982,-0.006104,-2.159119,2.716064,-0.984192,0.0,0.0,0.0
2022-09-01 11:10:11.441348+00:00,1662030611.441348,12675.21,8.238,1.004272,0.029053,-0.001587,-2.082825,3.288269,-0.923157,0.0,0.0,0.0
2022-09-01 11:10:11.462015+00:00,1662030611.4620154,12675.23,8.217,1.005981,0.029907,0.002319,-2.059937,3.440857,-0.900269,0.0,0.0,0.0
2022-09-01 11:10:11.482683+00:00,1662030611.4826827,12675.25,8.217,1.006104,0.031738,0.002441,-2.120972,3.646851,-0.831604,0.0,0.0,0.0
2022-09-01 11:10:11.503349+00:00,1662030611.5033486,12675.27,8.235,1.007202,0.028198,0.013184,-2.090454,3.631592,-0.923157,0.0,0.0,0.0
2022-09-01 11:10:11.524021+00:00,1662030611.524021,12675.29,8.229,1.009155,0.029541,0.019409,-2.075195,3.387451,-0.923157,0.0,0.0,0.0
2022-09-01 11:10:11.544729+00:00,1662030611.5447288,12675.31,8.238,1.008179,0.023926,0.030029,-2.02179,3.189087,-1.052856,0.0,0.0,0.0
2022-09-01 11:10:11.565392+00:00,1662030611.565392,12675.33,8.235,1.005615,0.026855,0.026367,-2.082825,2.685547,-0.961304,0.0,0.0,0.0
2022-09-01 11:10:11.586456+00:00,1662030611.5864558,12675.35,8.253,1.007812,0.027588,0.027954,-2.075195,1.968384,-1.152039,0.0,0.0,0.0
2022-09-01 11:10:11.606833+00:00,1662030611.606833,12675.37,8.226,1.007202,0.024414,0.031494,-2.059937,1.335144,-1.266479,0.0,0.0,0.0
2022-09-01 11:10:11.627831+00:00,1662030611.6278305,12675.4,8.253,1.01001,0.027344,0.029175,-2.067566,0.846863,-1.38092,0.0,0.0,0.0
2022-09-01 11:10:11.648825+00:00,1662030611.648825,12675.42,8.259,1.005127,0.024536,0.026001,-2.128601,0.167847,-1.480103,0.0,0.0,0.0
2022-09-01 11:10:11.668967+00:00,1662030611.668967,12675.44,8.265,1.008179,0.02832,0.026123,-2.098083,-0.350952,-1.495361,0.0,0.0,0.0
2022-09-01 11:10:11.689994+00:00,1662030611.6899943,12675.46,8.235,1.007568,0.027466,0.016724,-2.166748,-0.724792,-1.541138,0.0,0.0,0.0
2022-09-01 11:10:11.710970+00:00,1662030611.7109697,12675.48,8.238,1.007446,0.027588,0.014038,-2.105713,-0.778198,-1.609802,0.0,0.0,0.0
2022-09-01 11:10:11.731889+00:00,1662030611.7318895,12675.5,8.25,1.007812,0.029907,0.007568,-2.151489,-0.740051,-1.609802,0.0,0.0,0.0
2022-09-01 11:10:11.752849+00:00,1662030611.7528486,12675.52,8.265,1.007324,0.032471,0.00415,-2.082825,-0.495911,-1.548767,0.0,0.0,0.0
2022-09-01 11:10:11.773280+00:00,1662030611.7732797,12675.54,8.232,1.006714,0.033325,-0.005615,-2.189636,-0.061035,-1.51062,0.0,0.0,0.0
2022-09-01 11:10:11.793439+00:00,1662030611.793439,12675.56,8.244,1.006104,0.033447,-0.005127,-2.090454,0.427246,-1.358032,0.0,0.0,0.0
2022-09-01 11:10:11.813593+00:00,1662030611.8135934,12675.58,8.244,1.008423,0.027832,-0.010864,-2.159119,0.839233,-1.25885,0.0,0.0,0.0
2022-09-01 11:10:11.833768+00:00,1662030611.8337684,12675.6,8.244,1.007202,0.029907,-0.011108,-2.159119,1.403809,-1.167297,0.0,0.0,0.0
2022-09-01 11:10:11.853957+00:00,1662030611.8539572,12675.62,8.241,1.005005,0.033691,-0.007324,-2.197266,2.037048,-1.098633,0.0,0.0,0.0
2022-09-01 11:10:11.874631+00:00,1662030611.874631,12675.64,8.238,1.006592,0.03186,-0.004761,-2.120972,2.578735,-1.029968,0.0,0.0,0.0
2022-09-01 11:10:11.895425+00:00,1662030611.8954248,12675.66,8.232,1.007202,0.03125,-0.000977,-2.113342,3.089905,-0.900269,0.0,0.0,0.0
2022-09-01 11:10:11.916202+00:00,1662030611.9162023,12675.68,8.25,1.007568,0.029785,0.005249,-2.13623,3.40271,-0.938416,0.0,0.0,0.0
2022-09-01 11:10:11.937047+00:00,1662030611.937047,12675.7,8.241,1.008545,0.028809,0.005859,-2.105713,3.471375,-0.862122,0.0,0.0,0.0
2022-09-01 11:10:11.957819+00:00,1662030611.957819,12675.73,8.244,1.008057,0.028564,0.014404,-2.189636,3.578186,-0.823975,0.0,0.0,0.0
2022-09-01 11:10:11.978029+00:00,1662030611.9780288,12675.75,8.244,1.008911,0.028687,0.019287,-2.113342,3.448486,-0.984192,0.0,0.0,0.0
2022-09-01 11:10:11.998151+00:00,1662030611.998151,12675.77,8.25,1.007202,0.0271,0.025146,-2.052307,3.128052,-0.961304,0.0,0.0,0.0
2022-09-01 11:10:12.018339+00:00,1662030612.0183392,12675.79,8.256,1.007812,0.025879,0.026245,-2.13623,2.700806,-1.075745,0.0,0.0,0.0
2022-09-01 11:10:12.038513+00:00,1662030612.0385134,12675.81,8.217,1.01123,0.027588,0.029053,-2.029419,2.220154,-1.13678,0.0,0.0,0.0
2022-09-01 11:10:12.058742+00:00,1662030612.0587416,12675.83,8.247,1.01001,0.026489,0.026489,-2.082825,1.556396,-1.182556,0.0,0.0,0.0
2022-09-01 11:10:12.079503+00:00,1662030612.079503,12675.85,8.235,1.005859,0.026001,0.03125,-2.113342,0.869751,-1.342773,0.0,0.0,0.0
2022-09-01 11:10:12.100257+00:00,1662030612.1002567,12675.87,8.235,1.009277,0.023682,0.026611,-2.166748,0.343323,-1.441956,0.0,0.0,0.0
2022-09-01 11:10:12.121001+00:00,1662030612.1210008,12675.89,8.232,1.005005,0.028809,0.025513,-2.13623,-0.137329,-1.480103,0.0,0.0,0.0
2022-09-01 11:10:12.141750+00:00,1662030612.1417496,12675.91,8.238,1.006348,0.026367,0.021973,-2.13623,-0.488281,-1.609802,0.0,0.0,0.0
2022-09-01 11:10:12.162513+00:00,1662030612.1625128,12675.93,8.241,1.008179,0.029419,0.009644,-2.166748,-0.709534,-1.556396,0.0,0.0,0.0
2022-09-01 11:10:12.182915+00:00,1662030612.1829147,12675.95,8.238,1.008423,0.029907,0.009888,-2.105713,-0.770569,-1.556396,0.0,0.0,0.0
2022-09-01 11:10:12.203132+00:00,1662030612.2031317,12675.97,8.25,1.004517,0.028931,0.002563,-2.113342,-0.556946,-1.464844,0.0,0.0,0.0
2022-09-01 11:10:12.223384+00:00,1662030612.2233841,12675.99,8.22,1.004883,0.032104,0.001465,-2.159119,-0.320435,-1.495361,0.0,0.0,0.0
2022-09-01 11:10:12.243478+00:00,1662030612.243478,12676.01,8.238,1.004272,0.031494,-0.007446,-2.113342,0.175476,-1.396179,0.0,0.0,0.0
2022-09-01 11:10:12.263658+00:00,1662030612.2636578,12676.03,8.235,1.006958,0.029297,-0.00293,-2.174377,0.701904,-1.274109,0.0,0.0,0.0
2022-09-01 11:10:12.284312+00:00,1662030612.2843115,12676.05,8.232,1.00415,0.034058,-0.006714,-2.090454,1.205444,-1.205444,0.0,0.0,0.0
2022-09-01 11:10:12.304993+00:00,1662030612.3049927,12676.07,8.247,1.008667,0.028198,-0.005127,-2.037048,1.76239,-1.045227,0.0,0.0,0.0
2022-09-01 11:10:12.325661+00:00,1662030612.3256614,12676.09,8.22,1.006348,0.030273,-0.002808,-2.059937,2.464294,-1.029968,0.0,0.0,0.0
2022-09-01 11:10:12.346396+00:00,1662030612.3463962,12676.11,8.232,1.004272,0.034424,-0.003052,-2.067566,2.944946,-1.00708,0.0,0.0,0.0
2022-09-01 11:10:12.367093+00:00,1662030612.3670928,12676.13,8.25,1.005249,0.028442,-0.000854,-2.120972,3.288269,-0.915527,0.0,0.0,0.0
2022-09-01 11:10:12.387768+00:00,1662030612.3877678,12676.16,8.238,1.007935,0.028564,0.004272,-2.14386,3.433228,-0.88501,0.0,0.0,0.0
2022-09-01 11:10:12.408439+00:00,1662030612.4084387,12676.18,8.235,1.009766,0.027832,0.011841,-2.044678,3.631592,-0.869751,0.0,0.0,0.0
2022-09-01 11:10:12.429107+00:00,1662030612.4291072,12676.2,8.247,1.005981,0.028809,0.019043,-2.052307,3.433228,-0.930786,0.0,0.0,0.0
2022-09-01 11:10:12.449774+00:00,1662030612.449774,12676.22,8.253,1.006836,0.028564,0.021362,-2.098083,3.196716,-0.930786,0.0,0.0,0.0
2022-09-01 11:10:12.470469+00:00,1662030612.4704695,12676.24,8.256,1.005859,0.024536,0.028442,-2.120972,2.807617,-1.052856,0.0,0.0,0.0
2022-09-01 11:10:12.491135+00:00,1662030612.491135,12676.26,8.253,1.00647,0.027954,0.033691,-2.128601,2.250671,-1.091003,0.0,0.0,0.0
2022-09-01 11:10:12.511795+00:00,1662030612.5117948,12676.28,8.235,1.008667,0.025146,0.028198,-2.189636,1.556396,-1.25885,0.0,0.0,0.0
2022-09-01 11:10:12.532504+00:00,1662030612.532504,12676.3,8.226,1.007202,0.026001,0.029541,-2.044678,0.938416,-1.365662,0.0,0.0,0.0
2022-09-01 11:10:12.553173+00:00,1662030612.5531733,12676.32,8.265,1.01001,0.02478,0.028442,-2.204895,0.419617,-1.396179,0.0,0.0,0.0
2022-09-01 11:10:12.573857+00:00,1662030612.5738566,12676.34,8.259,1.005981,0.026123,0.026123,-2.075195,-0.083923,-1.472473,0.0,0.0,0.0
2022-09-01 11:10:12.594529+00:00,1662030612.5945294,12676.36,8.232,1.005371,0.029663,0.016846,-2.166748,-0.442505,-1.564026,0.0,0.0,0.0
2022-09-01 11:10:12.615191+00:00,1662030612.6151912,12676.38,8.265,1.00769,0.031128,0.018921,-2.128601,-0.63324,-1.464844,0.0,0.0,0.0
2022-09-01 11:10:12.635859+00:00,1662030612.6358588,12676.4,8.238,1.007812,0.02832,0.014771,-2.105713,-0.587463,-1.586914,0.0,0.0,0.0
2022-09-01 11:10:12.656577+00:00,1662030612.656577,12676.42,8.244,1.006592,0.030029,0.007202,-2.13623,-0.427246,-1.480103,0.0,0.0,0.0
2022-09-01 11:10:12.677285+00:00,1662030612.677285,12676.44,8.253,1.006836,0.032349,0.002563,-2.059937,-0.190735,-1.441956,0.0,0.0,0.0
2022-09-01 11:10:12.697996+00:00,1662030612.6979957,12676.47,8.262,1.006958,0.03186,-0.000122,-2.090454,0.25177,-1.396179,0.0,0.0,0.0
2022-09-01 11:10:12.718673+00:00,1662030612.7186728,12676.49,8.247,1.006104,0.033325,-0.007446,-2.13623,0.679016,-1.296997,0.0,0.0,0.0
2022-09-01 11:10:12.739339+00:00,1662030612.7393394,12676.51,8.25,1.004517,0.034546,-0.005981,-2.02179,1.152039,-1.235962,0.0,0.0,0.0
2022-09-01 11:10:12.760014+00:00,1662030612.7600136,12676.53,8.256,1.006592,0.03186,-0.009033,-2.098083,1.800537,-1.13678,0.0,0.0,0.0
2022-09-01 11:10:12.780773+00:00,1662030612.7807727,12676.55,8.256,1.001587,0.032349,-0.005615,-2.105713,2.326965,-1.022339,0.0,0.0,0.0
2022-09-01 11:10:12.801492+00:00,1662030612.8014922,12676.57,8.273,1.005859,0.030273,-0.000977,-2.098083,2.922058,-1.00708,0.0,0.0,0.0
2022-09-01 11:10:12.822180+00:00,1662030612.8221796,12676.59,8.265,1.006104,0.029541,0.002441,-2.105713,3.303528,-0.930786,0.0,0.0,0.0
2022-09-01 11:10:12.842854+00:00,1662030612.8428538,12676.61,8.253,1.008789,0.02771,0.007446,-2.052307,3.486633,-0.900269,0.0,0.0,0.0
2022-09-01 11:10:12.863749+00:00,1662030612.8637488,12676.63,8.253,1.007935,0.027222,0.012207,-2.151489,3.379822,-0.869751,0.0,0.0,0.0
2022-09-01 11:10:12.884490+00:00,1662030612.8844895,12676.65,8.267,1.00708,0.026855,0.01709,-2.113342,3.395081,-0.907898,0.0,0.0,0.0
2022-09-01 11:10:12.905167+00:00,1662030612.9051666,12676.67,8.247,1.004639,0.029297,0.024414,-2.120972,3.097534,-1.037598,0.0,0.0,0.0
2022-09-01 11:10:12.925834+00:00,1662030612.925834,12676.69,8.229,1.008057,0.026245,0.024292,-2.128601,2.677917,-1.075745,0.0,0.0,0.0
2022-09-01 11:10:12.946509+00:00,1662030612.9465091,12676.71,8.244,1.008667,0.0271,0.030029,-2.120972,2.105713,-1.152039,0.0,0.0,0.0
2022-09-01 11:10:12.967258+00:00,1662030612.9672577,12676.73,8.235,1.006592,0.024658,0.033936,-2.13623,1.609802,-1.327515,0.0,0.0,0.0
2022-09-01 11:10:12.987994+00:00,1662030612.9879944,12676.76,8.247,1.008667,0.026001,0.027466,-2.029419,1.052856,-1.266479,0.0,0.0,0.0
2022-09-01 11:10:13.008679+00:00,1662030613.0086792,12676.78,8.244,1.006348,0.026733,0.028687,-2.105713,0.488281,-1.411438,0.0,0.0,0.0
2022-09-01 11:10:13.029354+00:00,1662030613.0293543,12676.8,8.25,1.004761,0.0271,0.022705,-2.044678,0.0,-1.464844,0.0,0.0,0.0
2022-09-01 11:10:13.050023+00:00,1662030613.0500233,12676.82,8.235,1.006836,0.027344,0.020142,-2.14386,-0.411987,-1.487732,0.0,0.0,0.0
2022-09-01 11:10:13.070698+00:00,1662030613.0706985,12676.84,8.25,1.005371,0.030151,0.014893,-2.14386,-0.617981,-1.556396,0.0,0.0,0.0
2022-09-01 11:10:13.091370+00:00,1662030613.0913699,12676.86,8.267,1.010376,0.028931,0.01123,-2.14386,-0.541687,-1.548767,0.0,0.0,0.0
2022-09-01 11:10:13.112039+00:00,1662030613.1120389,12676.88,8.253,1.005615,0.030273,0.004517,-2.182007,-0.534058,-1.472473,0.0,0.0,0.0
2022-09-01 11:10:13.132755+00:00,1662030613.1327548,12676.9,8.241,1.008057,0.031494,0.001099,-2.052307,-0.030518,-1.434326,0.0,0.0,0.0
2022-09-01 11:10:13.153428+00:00,1662030613.1534283,12676.92,8.25,1.006958,0.032471,-0.005371,-2.075195,0.228882,-1.342773,0.0,0.0,0.0
2022-09-01 11:10:13.174128+00:00,1662030613.1741278,12676.94,8.253,1.006592,0.028931,-0.003906,-2.105713,0.686646,-1.251221,0.0,0.0,0.0
2022-09-01 11:10:13.194813+00:00,1662030613.194813,12676.96,8.256,1.003174,0.033447,-0.008301,-2.098083,1.251221,-1.197815,0.0,0.0,0.0
2022-09-01 11:10:13.215479+00:00,1662030613.2154791,12676.98,8.238,1.005249,0.031738,-0.004395,-2.128601,1.77002,-1.13678,0.0,0.0,0.0
2022-09-01 11:10:13.236140+00:00,1662030613.2361403,12677.0,8.235,1.006104,0.03064,-0.004883,-2.067566,2.365112,-1.029968,0.0,0.0,0.0
2022-09-01 11:10:13.256854+00:00,1662030613.256854,12677.02,8.235,1.00647,0.032104,-0.004028,-2.01416,2.830505,-0.953674,0.0,0.0,0.0
2022-09-01 11:10:13.277524+00:00,1662030613.2775242,12677.05,8.232,1.003052,0.029663,0.003052,-2.075195,3.204346,-0.900269,0.0,0.0,0.0
2022-09-01 11:10:13.298222+00:00,1662030613.298222,12677.07,8.253,1.006348,0.026733,0.009521,-2.067566,3.364563,-0.854492,0.0,0.0,0.0
2022-09-01 11:10:13.318889+00:00,1662030613.3188887,12677.09,8.253,1.005981,0.031006,0.015137,-2.082825,3.372192,-0.900269,0.0,0.0,0.0
2022-09-01 11:10:13.339551+00:00,1662030613.339551,12677.11,8.25,1.003662,0.030151,0.014648,-2.029419,3.379822,-0.938416,0.0,0.0,0.0
2022-09-01 11:10:13.360220+00:00,1662030613.3602204,12677.13,8.223,1.008789,0.024658,0.020996,-2.075195,3.158569,-0.976562,0.0,0.0,0.0
2022-09-01 11:10:13.380896+00:00,1662030613.380896,12677.15,8.247,1.00769,0.027466,0.022339,-2.189636,2.677917,-1.098633,0.0,0.0,0.0
2022-09-01 11:10:13.401597+00:00,1662030613.4015975,12677.17,8.27,1.009888,0.026733,0.026733,-2.082825,2.204895,-1.182556,0.0,0.0,0.0
2022-09-01 11:10:13.422271+00:00,1662030613.4222705,12677.19,8.229,1.012451,0.025146,0.029663,-2.151489,1.541138,-1.167297,0.0,0.0,0.0
2022-09-01 11:10:13.442940+00:00,1662030613.4429405,12677.21,8.25,1.006226,0.026733,0.029053,-2.075195,1.083374,-1.319885,0.0,0.0,0.0
2022-09-01 11:10:13.463673+00:00,1662030613.463673,12677.23,8.241,1.008911,0.026001,0.028931,-2.044678,0.579834,-1.396179,0.0,0.0,0.0
2022-09-01 11:10:13.484546+00:00,1662030613.484546,12677.25,8.22,1.010254,0.029541,0.021973,-2.120972,0.114441,-1.472473,0.0,0.0,0.0
2022-09-01 11:10:13.505001+00:00,1662030613.505001,12677.27,8.259,1.006226,0.02771,0.018311,-2.120972,-0.328064,-1.51062,0.0,0.0,0.0
2022-09-01 11:10:13.524922+00:00,1662030613.5249217,12677.29,8.25,1.004028,0.029541,0.02002,-2.14386,-0.411987,-1.541138,0.0,0.0,0.0
2022-09-01 11:10:13.545760+00:00,1662030613.5457602,12677.31,8.259,1.00708,0.03186,0.011963,-2.128601,-0.50354,-1.548767,0.0,0.0,0.0
2022-09-01 11:10:13.566608+00:00,1662030613.566608,12677.33,8.25,1.00415,0.030762,0.008667,-2.182007,-0.320435,-1.457214,0.0,0.0,0.0
2022-09-01 11:10:13.584292+00:00,1662030613.5842924,12677.35,8.226,1.00769,0.032837,0.006348,-2.113342,-0.320435,-1.403809,0.0,0.0,0.0
2022-09-01 11:10:13.604850+00:00,1662030613.6048496,12677.37,8.256,1.005493,0.031738,-0.004028,-2.052307,0.259399,-1.426697,0.0,0.0,0.0
2022-09-01 11:10:13.625391+00:00,1662030613.625391,12677.39,8.256,1.006348,0.032837,-0.007324,-2.029419,0.602722,-1.289368,0.0,0.0,0.0
2022-09-01 11:10:13.645928+00:00,1662030613.645928,12677.41,8.253,1.004761,0.034302,-0.008057,-2.151489,1.220703,-1.152039,0.0,0.0,0.0
2022-09-01 11:10:13.666461+00:00,1662030613.666461,12677.43,8.256,1.005615,0.032837,-0.005371,-2.174377,1.76239,-1.068115,0.0,0.0,0.0
2022-09-01 11:10:13.686990+00:00,1662030613.6869895,12677.45,8.265,1.001465,0.031128,-0.002563,-2.082825,2.204895,-1.037598,0.0,0.0,0.0
2022-09-01 11:10:13.707519+00:00,1662030613.7075186,12677.48,8.259,1.003906,0.033081,0.000732,-2.105713,2.693176,-1.00708,0.0,0.0,0.0
2022-09-01 11:10:13.728148+00:00,1662030613.728148,12677.5,8.259,1.004883,0.029419,0.000488,-2.02179,3.143311,-0.88501,0.0,0.0,0.0
2022-09-01 11:10:13.748703+00:00,1662030613.7487032,12677.52,8.226,1.006592,0.028931,0.003418,-2.113342,3.288269,-0.869751,0.0,0.0,0.0
2022-09-01 11:10:13.769243+00:00,1662030613.7692435,12677.54,8.241,1.005493,0.029419,0.012817,-2.052307,3.288269,-0.953674,0.0,0.0,0.0
2022-09-01 11:10:13.789777+00:00,1662030613.789777,12677.56,8.253,1.006836,0.028931,0.014648,-2.13623,3.265381,-0.915527,0.0,0.0,0.0
2022-09-01 11:10:13.810310+00:00,1662030613.81031,12677.58,8.244,1.00708,0.028564,0.021362,-2.105713,3.097534,-0.984192,0.0,0.0,0.0
2022-09-01 11:10:13.830840+00:00,1662030613.8308403,12677.6,8.259,1.007935,0.026978,0.025635,-2.13623,2.624512,-1.052856,0.0,0.0,0.0
2022-09-01 11:10:13.851367+00:00,1662030613.8513675,12677.62,8.265,1.007935,0.0271,0.030518,-2.105713,2.357483,-1.121521,0.0,0.0,0.0
2022-09-01 11:10:13.871895+00:00,1662030613.8718953,12677.64,8.241,1.008911,0.025757,0.025024,-2.075195,1.785278,-1.182556,0.0,0.0,0.0
2022-09-01 11:10:13.892428+00:00,1662030613.8924277,12677.66,8.253,1.008301,0.028687,0.031982,-2.082825,1.25885,-1.281738,0.0,0.0,0.0
2022-09-01 11:10:13.912960+00:00,1662030613.9129596,12677.68,8.259,1.007446,0.026245,0.027222,-2.067566,0.732422,-1.38855,0.0,0.0,0.0
2022-09-01 11:10:13.933490+00:00,1662030613.9334903,12677.7,8.241,1.006348,0.027344,0.025024,-2.14386,0.228882,-1.480103,0.0,0.0,0.0
2022-09-01 11:10:13.954032+00:00,1662030613.954032,12677.72,8.253,1.008301,0.029419,0.024414,-2.082825,-0.106812,-1.487732,0.0,0.0,0.0
2022-09-01 11:10:13.974607+00:00,1662030613.9746075,12677.74,8.244,1.006348,0.026733,0.016724,-2.174377,-0.427246,-1.51062,0.0,0.0,0.0
2022-09-01 11:10:13.995159+00:00,1662030613.9951587,12677.76,8.256,1.005737,0.02832,0.010498,-2.13623,-0.572205,-1.571655,0.0,0.0,0.0
2022-09-01 11:10:14.015709+00:00,1662030614.0157092,12677.78,8.259,1.00647,0.030762,0.006958,-2.182007,-0.419617,-1.502991,0.0,0.0,0.0
2022-09-01 11:10:14.036291+00:00,1662030614.036291,12677.8,8.259,1.005371,0.029053,0.002808,-2.075195,-0.228882,-1.51825,0.0,0.0,0.0
2022-09-01 11:10:14.057099+00:00,1662030614.0570989,12677.82,8.241,1.007324,0.029297,0.001221,-2.082825,0.114441,-1.411438,0.0,0.0,0.0
2022-09-01 11:10:14.077732+00:00,1662030614.077732,12677.85,8.235,1.006348,0.032349,-0.003296,-2.052307,0.587463,-1.342773,0.0,0.0,0.0
2022-09-01 11:10:14.098352+00:00,1662030614.0983524,12677.87,8.244,1.006226,0.033569,-0.001953,-2.13623,1.083374,-1.190186,0.0,0.0,0.0
2022-09-01 11:10:14.118994+00:00,1662030614.1189935,12677.89,8.259,1.005493,0.03186,-0.011108,-2.105713,1.556396,-1.174927,0.0,0.0,0.0
2022-09-01 11:10:14.139311+00:00,1662030614.1393113,12677.91,8.273,1.007568,0.032104,-0.004272,-2.090454,2.075195,-1.068115,0.0,0.0,0.0
2022-09-01 11:10:14.159983+00:00,1662030614.1599827,12677.93,8.247,1.004395,0.030273,-0.006958,-2.113342,2.632141,-0.991821,0.0,0.0,0.0
2022-09-01 11:10:14.180584+00:00,1662030614.1805837,12677.95,8.25,1.006592,0.030518,0.003174,-2.120972,3.013611,-0.968933,0.0,0.0,0.0
2022-09-01 11:10:14.201237+00:00,1662030614.2012374,12677.97,8.247,1.006348,0.029419,0.010742,-2.105713,3.158569,-0.900269,0.0,0.0,0.0
2022-09-01 11:10:14.221895+00:00,1662030614.2218955,12677.99,8.25,1.004517,0.03064,0.012573,-2.13623,3.303528,-0.961304,0.0,0.0,0.0
2022-09-01 11:10:14.242558+00:00,1662030614.2425582,12678.01,8.256,1.008423,0.030273,0.012695,-2.159119,3.295898,-0.915527,0.0,0.0,0.0
2022-09-01 11:10:14.263159+00:00,1662030614.2631588,12678.03,8.259,1.009155,0.02771,0.024658,-2.105713,3.105164,-1.00708,0.0,0.0,0.0
2022-09-01 11:10:14.287466+00:00,1662030614.2874658,12678.06,8.267,1.010254,0.026245,0.025391,-2.120972,2.502441,-1.052856,0.0,0.0,0.0
2022-09-01 11:10:14.307936+00:00,1662030614.307936,12678.08,8.256,1.006714,0.026367,0.029663,-2.128601,2.357483,-1.12915,0.0,0.0,0.0
2022-09-01 11:10:14.328349+00:00,1662030614.328349,12678.1,8.247,1.008911,0.026123,0.026489,-2.059937,1.754761,-1.251221,0.0,0.0,0.0
2022-09-01 11:10:14.348762+00:00,1662030614.3487618,12678.12,8.241,1.006348,0.026123,0.027222,-2.090454,1.358032,-1.319885,0.0,0.0,0.0
2022-09-01 11:10:14.369272+00:00,1662030614.3692725,12678.14,8.259,1.007446,0.028442,0.022339,-2.075195,0.816345,-1.365662,0.0,0.0,0.0
2022-09-01 11:10:14.389387+00:00,1662030614.3893867,12678.16,8.256,1.007935,0.029663,0.02124,-2.151489,0.328064,-1.449585,0.0,0.0,0.0
2022-09-01 11:10:14.410424+00:00,1662030614.4104238,12678.18,8.253,1.00647,0.029419,0.020264,-2.151489,-0.106812,-1.480103,0.0,0.0,0.0
2022-09-01 11:10:14.431450+00:00,1662030614.4314497,12678.2,8.244,1.006958,0.028076,0.018677,-2.212524,-0.396729,-1.541138,0.0,0.0,0.0
2022-09-01 11:10:14.452443+00:00,1662030614.4524431,12678.22,8.247,1.00647,0.029053,0.012085,-2.067566,-0.488281,-1.487732,0.0,0.0,0.0
2022-09-01 11:10:14.473488+00:00,1662030614.4734883,12678.24,8.262,1.005981,0.030518,0.00708,-2.067566,-0.366211,-1.472473,0.0,0.0,0.0
2022-09-01 11:10:14.494470+00:00,1662030614.4944701,12678.26,8.253,1.006836,0.031738,-0.002319,-2.075195,-0.25177,-1.403809,0.0,0.0,0.0
2022-09-01 11:10:14.515436+00:00,1662030614.515436,12678.28,8.262,1.005005,0.031494,0.000488,-2.113342,0.274658,-1.411438,0.0,0.0,0.0
2022-09-01 11:10:14.536450+00:00,1662030614.53645,12678.3,8.259,1.005493,0.032104,-0.002075,-2.059937,0.648499,-1.281738,0.0,0.0,0.0
2022-09-01 11:10:14.557425+00:00,1662030614.5574255,12678.33,8.226,1.007202,0.031128,-0.004639,-2.075195,1.037598,-1.197815,0.0,0.0,0.0
2022-09-01 11:10:14.578214+00:00,1662030614.578214,12678.35,8.241,1.005615,0.03418,-0.004761,-2.197266,1.647949,-1.113892,0.0,0.0,0.0
2022-09-01 11:10:14.598927+00:00,1662030614.5989273,12678.37,8.235,1.003418,0.031616,-0.002686,-2.029419,2.14386,-1.037598,0.0,0.0,0.0
2022-09-01 11:10:14.619635+00:00,1662030614.6196346,12678.39,8.232,1.009033,0.029907,-0.000122,-2.075195,2.609253,-1.022339,0.0,0.0,0.0
2022-09-01 11:10:14.640376+00:00,1662030614.6403756,12678.41,8.253,1.008423,0.030762,0.003906,-2.090454,2.967834,-0.961304,0.0,0.0,0.0
2022-09-01 11:10:14.661085+00:00,1662030614.661085,12678.43,8.259,1.007202,0.030396,0.006592,-2.120972,3.227234,-0.946045,0.0,0.0,0.0
2022-09-01 11:10:14.681820+00:00,1662030614.6818204,12678.45,8.256,1.00647,0.027954,0.008057,-2.082825,3.257751,-0.976562,0.0,0.0,0.0
2022-09-01 11:10:14.702534+00:00,1662030614.7025344,12678.47,8.253,1.006592,0.026367,0.015381,-2.128601,3.15094,-0.953674,0.0,0.0,0.0
2022-09-01 11:10:14.723219+00:00,1662030614.7232187,12678.49,8.256,1.005737,0.025757,0.023682,-2.13623,3.02124,-1.045227,0.0,0.0,0.0
2022-09-01 11:10:14.743916+00:00,1662030614.7439158,12678.51,8.241,1.008301,0.027832,0.022827,-2.128601,2.593994,-1.068115,0.0,0.0,0.0
2022-09-01 11:10:14.764623+00:00,1662030614.7646227,12678.53,8.235,1.008057,0.026855,0.026855,-2.13623,2.388,-1.174927,0.0,0.0,0.0
2022-09-01 11:10:14.785336+00:00,1662030614.7853363,12678.55,8.247,1.007202,0.027954,0.028931,-2.067566,1.88446,-1.251221,0.0,0.0,0.0
2022-09-01 11:10:14.806038+00:00,1662030614.8060377,12678.57,8.238,1.007324,0.027954,0.02771,-2.128601,1.335144,-1.296997,0.0,0.0,0.0
2022-09-01 11:10:14.826737+00:00,1662030614.8267374,12678.59,8.244,1.009399,0.026245,0.026489,-2.044678,0.770569,-1.350403,0.0,0.0,0.0
2022-09-01 11:10:14.847411+00:00,1662030614.8474114,12678.61,8.256,1.008301,0.028076,0.02124,-2.113342,0.198364,-1.449585,0.0,0.0,0.0
2022-09-01 11:10:14.868125+00:00,1662030614.8681247,12678.64,8.253,1.006958,0.027954,0.022583,-2.166748,-0.1297,-1.464844,0.0,0.0,0.0
2022-09-01 11:10:14.888839+00:00,1662030614.8888395,12678.66,8.22,1.005981,0.03186,0.013062,-2.075195,-0.320435,-1.51825,0.0,0.0,0.0
2022-09-01 11:10:14.909522+00:00,1662030614.9095218,12678.68,8.259,1.005493,0.028931,0.01123,-2.113342,-0.350952,-1.464844,0.0,0.0,0.0
2022-09-01 11:10:14.930233+00:00,1662030614.930233,12678.7,8.259,1.004028,0.033081,0.003052,-2.098083,-0.205994,-1.457214,0.0,0.0,0.0
2022-09-01 11:10:14.950953+00:00,1662030614.9509535,12678.72,8.229,1.006836,0.030762,0.002197,-2.212524,-0.167847,-1.419067,0.0,0.0,0.0
2022-09-01 11:10:14.971661+00:00,1662030614.9716613,12678.74,8.259,1.005859,0.032471,0.000488,-2.082825,0.358582,-1.319885,0.0,0.0,0.0
2022-09-01 11:10:14.992392+00:00,1662030614.9923916,12678.76,8.25,1.004639,0.030029,-0.001465,-2.13623,0.686646,-1.281738,0.0,0.0,0.0
2022-09-01 11:10:15.013083+00:00,1662030615.0130835,12678.78,8.273,1.004517,0.032104,-0.002686,-2.113342,1.144409,-1.167297,0.0,0.0,0.0
2022-09-01 11:10:15.033770+00:00,1662030615.0337703,12678.8,8.259,1.007935,0.032227,-0.005249,-2.075195,1.625061,-1.12915,0.0,0.0,0.0
2022-09-01 11:10:15.054469+00:00,1662030615.0544693,12678.82,8.241,1.006958,0.031738,-0.009277,-2.067566,2.037048,-1.068115,0.0,0.0,0.0
2022-09-01 11:10:15.075146+00:00,1662030615.0751457,12678.84,8.25,1.002197,0.03125,-0.003052,-2.082825,2.555847,-0.938416,0.0,0.0,0.0
2022-09-01 11:10:15.095989+00:00,1662030615.0959895,12678.86,8.241,1.008179,0.030273,0.003296,-2.01416,2.815247,-0.915527,0.0,0.0,0.0
2022-09-01 11:10:15.116683+00:00,1662030615.116683,12678.88,8.267,1.005981,0.033447,0.006226,-2.105713,3.143311,-0.892639,0.0,0.0,0.0
2022-09-01 11:10:15.137405+00:00,1662030615.1374054,12678.9,8.259,1.005859,0.027344,0.009277,-2.098083,3.15094,-0.946045,0.0,0.0,0.0
2022-09-01 11:10:15.158104+00:00,1662030615.1581044,12678.93,8.253,1.008423,0.029053,0.018555,-2.113342,3.143311,-0.892639,0.0,0.0,0.0
2022-09-01 11:10:15.178877+00:00,1662030615.1788769,12678.95,8.27,1.006836,0.027222,0.020752,-2.105713,2.891541,-1.083374,0.0,0.0,0.0
2022-09-01 11:10:15.199576+00:00,1662030615.1995761,12678.97,8.235,1.00708,0.026733,0.017822,-2.052307,2.700806,-1.091003,0.0,0.0,0.0
2022-09-01 11:10:15.220266+00:00,1662030615.2202659,12678.99,8.241,1.006348,0.027588,0.026978,-2.113342,2.27356,-1.144409,0.0,0.0,0.0
2022-09-01 11:10:15.240969+00:00,1662030615.2409694,12679.01,8.247,1.008545,0.026001,0.027588,-2.075195,1.922607,-1.281738,0.0,0.0,0.0
2022-09-01 11:10:15.261693+00:00,1662030615.2616928,12679.03,8.25,1.009033,0.027832,0.026733,-2.052307,1.213074,-1.251221,0.0,0.0,0.0
2022-09-01 11:10:15.282412+00:00,1662030615.2824118,12679.05,8.262,1.009399,0.028198,0.026733,-2.113342,0.732422,-1.38092,0.0,0.0,0.0
2022-09-01 11:10:15.303210+00:00,1662030615.3032095,12679.07,8.256,1.005371,0.027832,0.025757,-2.067566,0.297546,-1.426697,0.0,0.0,0.0
2022-09-01 11:10:15.323974+00:00,1662030615.3239744,12679.09,8.265,1.008057,0.029419,0.019897,-2.166748,-0.076294,-1.502991,0.0,0.0,0.0
2022-09-01 11:10:15.344677+00:00,1662030615.3446772,12679.11,8.244,1.004517,0.027832,0.017334,-2.159119,-0.228882,-1.434326,0.0,0.0,0.0
2022-09-01 11:10:15.365389+00:00,1662030615.365389,12679.13,8.253,1.006226,0.029175,0.009888,-2.059937,-0.480652,-1.457214,0.0,0.0,0.0
2022-09-01 11:10:15.386061+00:00,1662030615.386061,12679.15,8.247,1.004761,0.031616,0.006592,-2.13623,-0.267029,-1.434326,0.0,0.0,0.0
2022-09-01 11:10:15.406946+00:00,1662030615.4069457,12679.17,8.256,1.006226,0.031372,0.005127,-2.044678,0.030518,-1.365662,0.0,0.0,0.0
2022-09-01 11:10:15.427653+00:00,1662030615.427653,12679.2,8.279,1.005981,0.032227,0.001099,-2.075195,0.289917,-1.38855,0.0,0.0,0.0
2022-09-01 11:10:15.448335+00:00,1662030615.4483352,12679.22,8.226,1.004028,0.032349,-0.00354,-2.120972,0.686646,-1.281738,0.0,0.0,0.0
2022-09-01 11:10:15.469020+00:00,1662030615.46902,12679.24,8.229,1.006592,0.031738,-0.000366,-2.082825,1.213074,-1.174927,0.0,0.0,0.0
2022-09-01 11:10:15.489737+00:00,1662030615.489737,12679.26,8.253,1.004517,0.031738,-0.005493,-2.082825,1.602173,-1.174927,0.0,0.0,0.0
2022-09-01 11:10:15.510446+00:00,1662030615.510446,12679.28,8.241,1.005371,0.029541,0.000732,-2.075195,2.052307,-1.045227,0.0,0.0,0.0
2022-09-01 11:10:15.531533+00:00,1662030615.5315325,12679.3,8.256,1.010132,0.029663,0.001099,-2.120972,2.471924,-1.029968,0.0,0.0,0.0
2022-09-01 11:10:15.552300+00:00,1662030615.5522997,12679.32,8.253,1.006226,0.027588,0.000854,-2.113342,2.868652,-0.976562,0.0,0.0,0.0
2022-09-01 11:10:15.572983+00:00,1662030615.5729833,12679.34,8.241,1.004883,0.028442,0.006104,-2.090454,3.067017,-0.900269,0.0,0.0,0.0
2022-09-01 11:10:15.593672+00:00,1662030615.593672,12679.36,8.244,1.00647,0.027466,0.011475,-2.128601,3.181458,-0.930786,0.0,0.0,0.0
2022-09-01 11:10:15.614552+00:00,1662030615.6145515,12679.38,8.259,1.005615,0.028442,0.016235,-2.098083,3.067017,-0.968933,0.0,0.0,0.0
2022-09-01 11:10:15.635273+00:00,1662030615.6352725,12679.4,8.238,1.006104,0.025513,0.019287,-2.059937,2.883911,-1.052856,0.0,0.0,0.0
2022-09-01 11:10:15.655954+00:00,1662030615.6559536,12679.42,8.273,1.007812,0.025146,0.021118,-2.090454,2.693176,-1.159668,0.0,0.0,0.0
2022-09-01 11:10:15.676661+00:00,1662030615.676661,12679.44,8.247,1.008057,0.024292,0.026978,-2.067566,2.227783,-1.243591,0.0,0.0,0.0
2022-09-01 11:10:15.697353+00:00,1662030615.697353,12679.46,8.244,1.009644,0.027466,0.025513,-2.098083,1.800537,-1.266479,0.0,0.0,0.0
2022-09-01 11:10:15.718066+00:00,1662030615.7180655,12679.49,8.244,1.008545,0.026001,0.026855,-2.113342,1.327515,-1.327515,0.0,0.0,0.0
2022-09-01 11:10:15.739292+00:00,1662030615.739292,12679.51,8.265,1.008179,0.028076,0.02002,-2.105713,0.846863,-1.358032,0.0,0.0,0.0
2022-09-01 11:10:15.760235+00:00,1662030615.760235,12679.53,8.25,1.006104,0.025146,0.022949,-2.13623,0.411987,-1.411438,0.0,0.0,0.0
2022-09-01 11:10:15.781154+00:00,1662030615.7811537,12679.55,8.256,1.006104,0.02771,0.0177,-2.098083,-0.091553,-1.441956,0.0,0.0,0.0
2022-09-01 11:10:15.802099+00:00,1662030615.8020992,12679.57,8.285,1.004395,0.027344,0.0177,-2.105713,-0.190735,-1.51825,0.0,0.0,0.0
2022-09-01 11:10:15.822828+00:00,1662030615.8228283,12679.59,8.259,1.004272,0.031372,0.01416,-2.128601,-0.389099,-1.441956,0.0,0.0,0.0
2022-09-01 11:10:15.843384+00:00,1662030615.8433836,12679.61,8.253,1.003174,0.032837,0.005981,-2.098083,-0.1297,-1.426697,0.0,0.0,0.0
2022-09-01 11:10:15.864112+00:00,1662030615.864112,12679.63,8.259,1.007446,0.028198,0.002441,-2.075195,-0.030518,-1.403809,0.0,0.0,0.0
2022-09-01 11:10:15.884848+00:00,1662030615.8848476,12679.65,8.235,1.004395,0.031128,0.001709,-2.128601,0.38147,-1.350403,0.0,0.0,0.0
2022-09-01 11:10:15.905556+00:00,1662030615.905556,12679.67,8.244,1.004395,0.033936,-0.003296,-2.098083,0.694275,-1.274109,0.0,0.0,0.0
2022-09-01 11:10:15.926241+00:00,1662030615.9262407,12679.69,8.262,1.006348,0.028809,-0.002808,-2.082825,1.190186,-1.144409,0.0,0.0,0.0
2022-09-01 11:10:15.946924+00:00,1662030615.9469242,12679.71,8.267,1.004761,0.032349,-0.007446,-2.105713,1.747131,-1.098633,0.0,0.0,0.0
2022-09-01 11:10:15.967639+00:00,1662030615.9676387,12679.74,8.247,1.008057,0.029663,-0.001831,-2.082825,2.037048,-1.037598,0.0,0.0,0.0
2022-09-01 11:10:15.988308+00:00,1662030615.9883084,12679.76,8.223,1.007202,0.030884,0.000977,-2.128601,2.548218,-1.029968,0.0,0.0,0.0
2022-09-01 11:10:16.008990+00:00,1662030616.0089898,12679.78,8.259,1.006348,0.030396,0.009521,-2.082825,2.799988,-1.060486,0.0,0.0,0.0
2022-09-01 11:10:16.029679+00:00,1662030616.029679,12679.8,8.244,1.007812,0.031128,0.007812,-2.204895,2.944946,-1.029968,0.0,0.0,0.0
2022-09-01 11:10:16.050359+00:00,1662030616.0503588,12679.82,8.238,1.00708,0.030884,0.011841,-2.120972,2.983093,-0.999451,0.0,0.0,0.0
2022-09-01 11:10:16.071046+00:00,1662030616.0710459,12679.84,8.226,1.006104,0.027466,0.015137,-2.075195,2.944946,-1.014709,0.0,0.0,0.0
2022-09-01 11:10:16.091739+00:00,1662030616.0917394,12679.86,8.232,1.007935,0.028931,0.017578,-2.098083,2.883911,-1.075745,0.0,0.0,0.0
2022-09-01 11:10:16.112420+00:00,1662030616.1124196,12679.88,8.229,1.009277,0.026245,0.023193,-2.13623,2.609253,-1.159668,0.0,0.0,0.0
2022-09-01 11:10:16.133172+00:00,1662030616.133172,12679.9,8.235,1.006104,0.026245,0.027344,-2.067566,2.166748,-1.197815,0.0,0.0,0.0
2022-09-01 11:10:16.153899+00:00,1662030616.153899,12679.92,8.22,1.00708,0.028076,0.027344,-2.037048,1.846313,-1.25885,0.0,0.0,0.0
2022-09-01 11:10:16.174417+00:00,1662030616.1744168,12679.94,8.253,1.007935,0.02771,0.02771,-2.113342,1.228333,-1.327515,0.0,0.0,0.0
2022-09-01 11:10:16.195109+00:00,1662030616.1951094,12679.96,8.235,1.006836,0.026733,0.027832,-2.197266,0.808716,-1.342773,0.0,0.0,0.0
2022-09-01 11:10:16.215804+00:00,1662030616.2158039,12679.98,8.256,1.007812,0.028198,0.023315,-2.098083,0.396729,-1.403809,0.0,0.0,0.0
2022-09-01 11:10:16.236475+00:00,1662030616.2364752,12680.0,8.247,1.00708,0.028198,0.019287,-2.197266,0.022888,-1.457214,0.0,0.0,0.0
2022-09-01 11:10:16.257157+00:00,1662030616.2571573,12680.02,8.238,1.006226,0.030884,0.016724,-2.044678,-0.221252,-1.472473,0.0,0.0,0.0
2022-09-01 11:10:16.277884+00:00,1662030616.2778845,12680.05,8.22,1.006836,0.030151,0.012573,-2.098083,-0.328064,-1.441956,0.0,0.0,0.0
2022-09-01 11:10:16.298572+00:00,1662030616.298572,12680.07,8.25,1.008179,0.028076,0.006836,-2.067566,-0.015259,-1.419067,0.0,0.0,0.0
2022-09-01 11:10:16.319259+00:00,1662030616.3192592,12680.09,8.241,1.005737,0.031982,0.00061,-2.090454,0.022888,-1.342773,0.0,0.0,0.0
2022-09-01 11:10:16.339947+00:00,1662030616.3399465,12680.11,8.235,1.004761,0.029907,-0.003174,-2.075195,0.274658,-1.281738,0.0,0.0,0.0
2022-09-01 11:10:16.360655+00:00,1662030616.3606546,12680.13,8.259,1.006226,0.03064,-0.000977,-2.037048,0.816345,-1.220703,0.0,0.0,0.0
2022-09-01 11:10:16.381348+00:00,1662030616.3813481,12680.15,8.244,1.006104,0.031982,-0.004639,-2.14386,1.159668,-1.182556,0.0,0.0,0.0
2022-09-01 11:10:16.402075+00:00,1662030616.4020748,12680.17,8.247,1.005859,0.030396,-0.00708,-2.105713,1.739502,-1.098633,0.0,0.0,0.0
2022-09-01 11:10:16.422780+00:00,1662030616.4227803,12680.19,8.262,1.005249,0.032715,-0.003296,-2.075195,1.991272,-1.037598,0.0,0.0,0.0
2022-09-01 11:10:16.443474+00:00,1662030616.4434738,12680.21,8.247,1.006592,0.031128,-0.001099,-2.052307,2.433777,-1.014709,0.0,0.0,0.0
2022-09-01 11:10:16.464159+00:00,1662030616.4641595,12680.23,8.244,1.005371,0.032837,0.00293,-2.067566,2.784729,-0.991821,0.0,0.0,0.0
2022-09-01 11:10:16.484845+00:00,1662030616.4848447,12680.25,8.235,1.007568,0.028931,0.005371,-2.166748,2.876282,-0.991821,0.0,0.0,0.0
2022-09-01 11:10:16.505551+00:00,1662030616.5055509,12680.27,8.223,1.007202,0.028564,0.007324,-2.052307,2.990723,-0.984192,0.0,0.0,0.0
2022-09-01 11:10:16.526234+00:00,1662030616.5262337,12680.29,8.241,1.007446,0.030029,0.015259,-2.14386,3.082275,-1.045227,0.0,0.0,0.0
2022-09-01 11:10:16.546902+00:00,1662030616.5469024,12680.31,8.232,1.009033,0.028564,0.017212,-2.151489,2.792358,-1.045227,0.0,0.0,0.0
2022-09-01 11:10:16.567615+00:00,1662030616.567615,12680.34,8.247,1.005371,0.026001,0.021362,-2.113342,2.52533,-1.182556,0.0,0.0,0.0
2022-09-01 11:10:16.588299+00:00,1662030616.5882993,12680.36,8.244,1.007812,0.026367,0.025513,-2.098083,2.174377,-1.228333,0.0,0.0,0.0
2022-09-01 11:10:16.608998+00:00,1662030616.6089976,12680.38,8.253,1.010376,0.026733,0.024048,-2.113342,1.853943,-1.220703,0.0,0.0,0.0
2022-09-01 11:10:16.629673+00:00,1662030616.629673,12680.4,8.247,1.008545,0.025757,0.028809,-2.037048,1.373291,-1.411438,0.0,0.0,0.0
2022-09-01 11:10:16.650361+00:00,1662030616.6503606,12680.42,8.265,1.003906,0.028076,0.027222,-2.052307,0.923157,-1.335144,0.0,0.0,0.0
2022-09-01 11:10:16.671085+00:00,1662030616.6710851,12680.44,8.256,1.009399,0.027954,0.024902,-2.090454,0.335693,-1.449585,0.0,0.0,0.0
2022-09-01 11:10:16.691831+00:00,1662030616.691831,12680.46,8.253,1.00769,0.029175,0.019287,-2.113342,0.007629,-1.434326,0.0,0.0,0.0
2022-09-01 11:10:16.712539+00:00,1662030616.7125394,12680.48,8.247,1.005737,0.030884,0.013306,-2.082825,-0.244141,-1.464844,0.0,0.0,0.0
2022-09-01 11:10:16.733358+00:00,1662030616.7333581,12680.5,8.241,1.006348,0.028809,0.009277,-2.098083,-0.175476,-1.487732,0.0,0.0,0.0
2022-09-01 11:10:16.753934+00:00,1662030616.753934,12680.52,8.238,1.006958,0.030518,0.008057,-2.037048,-0.099182,-1.411438,0.0,0.0,0.0
2022-09-01 11:10:16.774630+00:00,1662030616.7746303,12680.54,8.247,1.005493,0.030029,0.002563,-2.037048,0.068665,-1.365662,0.0,0.0,0.0
2022-09-01 11:10:16.795336+00:00,1662030616.795336,12680.56,8.244,1.003784,0.03125,-0.000732,-2.151489,0.289917,-1.342773,0.0,0.0,0.0
2022-09-01 11:10:16.816208+00:00,1662030616.816208,12680.58,8.256,1.007324,0.033569,-0.00415,-2.159119,0.778198,-1.289368,0.0,0.0,0.0
2022-09-01 11:10:16.836751+00:00,1662030616.8367512,12680.6,8.259,1.003052,0.031006,-0.004028,-2.029419,1.213074,-1.182556,0.0,0.0,0.0
2022-09-01 11:10:16.857446+00:00,1662030616.8574464,12680.63,8.253,1.003052,0.034058,-0.003784,-2.128601,1.556396,-1.106262,0.0,0.0,0.0
2022-09-01 11:10:16.878130+00:00,1662030616.8781304,12680.65,8.247,1.00415,0.031006,0.0,-2.13623,1.983643,-0.984192,0.0,0.0,0.0
2022-09-01 11:10:16.898829+00:00,1662030616.8988295,12680.67,8.244,1.005493,0.032715,0.00293,-2.090454,2.365112,-1.052856,0.0,0.0,0.0
2022-09-01 11:10:16.919536+00:00,1662030616.9195364,12680.69,8.244,1.004761,0.027588,-0.002441,-2.13623,2.639771,-0.953674,0.0,0.0,0.0
2022-09-01 11:10:16.940216+00:00,1662030616.9402163,12680.71,8.241,1.00647,0.028687,0.006836,-2.052307,2.815247,-1.00708,0.0,0.0,0.0
2022-09-01 11:10:16.960921+00:00,1662030616.9609213,12680.73,8.265,1.004028,0.026489,0.008911,-2.075195,3.051758,-0.938416,0.0,0.0,0.0
2022-09-01 11:10:16.981602+00:00,1662030616.9816017,12680.75,8.256,1.006836,0.026001,0.014282,-2.113342,2.922058,-1.052856,0.0,0.0,0.0
2022-09-01 11:10:17.002290+00:00,1662030617.0022905,12680.77,8.235,1.003784,0.024658,0.0177,-2.02179,2.716064,-1.052856,0.0,0.0,0.0
2022-09-01 11:10:17.022990+00:00,1662030617.0229902,12680.79,8.253,1.006348,0.028076,0.026367,-2.13623,2.563477,-1.13678,0.0,0.0,0.0
2022-09-01 11:10:17.043696+00:00,1662030617.0436964,12680.81,8.229,1.007568,0.027344,0.024658,-2.082825,2.227783,-1.174927,0.0,0.0,0.0
2022-09-01 11:10:17.064407+00:00,1662030617.0644073,12680.83,8.253,1.007812,0.027588,0.024902,-2.098083,1.876831,-1.274109,0.0,0.0,0.0
2022-09-01 11:10:17.085089+00:00,1662030617.0850892,12680.85,8.247,1.006348,0.026978,0.025635,-2.067566,1.335144,-1.312256,0.0,0.0,0.0
2022-09-01 11:10:17.105806+00:00,1662030617.1058056,12680.87,8.244,1.007568,0.02832,0.024658,-2.105713,0.892639,-1.38092,0.0,0.0,0.0
2022-09-01 11:10:17.126500+00:00,1662030617.1265004,12680.89,8.259,1.007324,0.028687,0.018433,-2.151489,0.427246,-1.426697,0.0,0.0,0.0
2022-09-01 11:10:17.147188+00:00,1662030617.1471877,12680.91,8.253,1.009644,0.030762,0.019287,-2.098083,0.038147,-1.441956,0.0,0.0,0.0
2022-09-01 11:10:17.167922+00:00,1662030617.1679225,12680.94,8.259,1.008057,0.02832,0.018188,-2.174377,-0.1297,-1.38092,0.0,0.0,0.0
2022-09-01 11:10:17.188639+00:00,1662030617.188639,12680.96,8.259,1.005615,0.029663,0.010132,-2.174377,-0.221252,-1.38855,0.0,0.0,0.0
2022-09-01 11:10:17.209373+00:00,1662030617.2093728,12680.98,8.238,1.007568,0.031982,0.007202,-2.029419,-0.083923,-1.411438,0.0,0.0,0.0
2022-09-01 11:10:17.230085+00:00,1662030617.2300854,12681.0,8.247,1.006958,0.029419,0.007324,-2.113342,0.12207,-1.358032,0.0,0.0,0.0
2022-09-01 11:10:17.250802+00:00,1662030617.2508023,12681.02,8.235,1.00647,0.029419,0.003906,-2.105713,0.427246,-1.296997,0.0,0.0,0.0
2022-09-01 11:10:17.271469+00:00,1662030617.2714694,12681.04,8.241,1.005249,0.033813,-0.000122,-2.037048,0.846863,-1.228333,0.0,0.0,0.0
2022-09-01 11:10:17.292200+00:00,1662030617.2921996,12681.06,8.25,1.006348,0.032837,-0.002808,-2.075195,1.167297,-1.159668,0.0,0.0,0.0
2022-09-01 11:10:17.312894+00:00,1662030617.3128936,12681.08,8.25,1.006714,0.030396,-0.003418,-2.090454,1.564026,-1.068115,0.0,0.0,0.0
2022-09-01 11:10:17.333670+00:00,1662030617.3336701,12681.1,8.276,1.005981,0.030151,0.001587,-2.082825,1.968384,-1.075745,0.0,0.0,0.0
2022-09-01 11:10:17.354221+00:00,1662030617.3542213,12681.12,8.262,1.005371,0.02771,0.002441,-2.098083,2.357483,-1.098633,0.0,0.0,0.0
2022-09-01 11:10:17.374917+00:00,1662030617.3749166,12681.14,8.256,1.004272,0.028198,0.002686,-2.098083,2.632141,-1.00708,0.0,0.0,0.0
2022-09-01 11:10:17.395612+00:00,1662030617.3956125,12681.16,8.259,1.002563,0.030029,0.006836,-2.113342,2.792358,-0.999451,0.0,0.0,0.0
2022-09-01 11:10:17.416298+00:00,1662030617.416298,12681.18,8.241,1.005615,0.02771,0.009399,-2.159119,2.876282,-1.060486,0.0,0.0,0.0
2022-09-01 11:10:17.436983+00:00,1662030617.4369829,12681.2,8.247,1.008789,0.029175,0.015259,-2.090454,2.876282,-1.037598,0.0,0.0,0.0
2022-09-01 11:10:17.457671+00:00,1662030617.457671,12681.23,8.256,1.00708,0.027588,0.018677,-2.082825,2.731323,-1.152039,0.0,0.0,0.0
2022-09-01 11:10:17.478354+00:00,1662030617.4783535,12681.25,8.235,1.006226,0.028442,0.023804,-2.120972,2.456665,-1.152039,0.0,0.0,0.0
2022-09-01 11:10:17.499037+00:00,1662030617.4990373,12681.27,8.244,1.007202,0.024658,0.025024,-2.067566,2.227783,-1.174927,0.0,0.0,0.0
2022-09-01 11:10:17.519717+00:00,1662030617.5197172,12681.29,8.25,1.005371,0.025146,0.024902,-2.02179,1.777649,-1.281738,0.0,0.0,0.0
2022-09-01 11:10:17.540396+00:00,1662030617.5403962,12681.31,8.259,1.005615,0.026489,0.028809,-2.113342,1.434326,-1.312256,0.0,0.0,0.0
2022-09-01 11:10:17.561070+00:00,1662030617.5610697,12681.33,8.27,1.009399,0.029053,0.026855,-2.151489,0.823975,-1.365662,0.0,0.0,0.0
2022-09-01 11:10:17.581753+00:00,1662030617.5817535,12681.35,8.241,1.00769,0.028198,0.024414,-2.220154,0.495911,-1.396179,0.0,0.0,0.0
2022-09-01 11:10:17.602446+00:00,1662030617.6024456,12681.37,8.244,1.008667,0.029053,0.019287,-2.082825,0.12207,-1.434326,0.0,0.0,0.0
2022-09-01 11:10:17.623196+00:00,1662030617.6231956,12681.39,8.238,1.008545,0.032104,0.013184,-2.113342,-0.030518,-1.487732,0.0,0.0,0.0
2022-09-01 11:10:17.644681+00:00,1662030617.644681,12681.41,8.259,1.008301,0.028076,0.009521,-2.120972,-0.137329,-1.38092,0.0,0.0,0.0
2022-09-01 11:10:17.665414+00:00,1662030617.6654136,12681.43,8.235,1.004883,0.031128,0.007446,-2.113342,0.022888,-1.411438,0.0,0.0,0.0
2022-09-01 11:10:17.688299+00:00,1662030617.6882994,12681.46,8.235,1.003418,0.031738,0.004395,-2.113342,0.190735,-1.25885,0.0,0.0,0.0
2022-09-01 11:10:17.705594+00:00,1662030617.7055938,12681.47,8.262,1.003784,0.03125,0.00293,-2.090454,0.37384,-1.319885,0.0,0.0,0.0
2022-09-01 11:10:17.725510+00:00,1662030617.7255096,12681.49,8.259,1.006104,0.030273,0.000366,-2.082825,0.75531,-1.243591,0.0,0.0,0.0
2022-09-01 11:10:17.745648+00:00,1662030617.7456484,12681.51,8.259,1.005249,0.030884,-0.000366,-2.113342,1.144409,-1.144409,0.0,0.0,0.0
2022-09-01 11:10:17.766271+00:00,1662030617.7662706,12681.53,8.241,1.007568,0.031616,-0.002563,-2.006531,1.457214,-1.098633,0.0,0.0,0.0
2022-09-01 11:10:17.787360+00:00,1662030617.78736,12681.55,8.25,1.006104,0.029541,-0.002319,-2.044678,1.930237,-1.037598,0.0,0.0,0.0
2022-09-01 11:10:17.807989+00:00,1662030617.8079894,12681.58,8.25,1.008667,0.030884,-0.001709,-2.067566,2.334595,-1.052856,0.0,0.0,0.0
2022-09-01 11:10:17.829432+00:00,1662030617.8294325,12681.6,8.232,1.004395,0.028564,0.008057,-2.090454,2.571106,-0.999451,0.0,0.0,0.0
2022-09-01 11:10:17.848958+00:00,1662030617.8489585,12681.62,8.253,1.007202,0.028198,0.005981,-2.006531,2.761841,-0.991821,0.0,0.0,0.0
2022-09-01 11:10:17.870853+00:00,1662030617.870853,12681.64,8.253,1.007568,0.028076,0.010132,-2.052307,2.883911,-1.083374,0.0,0.0,0.0
2022-09-01 11:10:17.892453+00:00,1662030617.8924527,12681.66,8.241,1.008057,0.026367,0.01001,-2.059937,2.952576,-1.037598,0.0,0.0,0.0
2022-09-01 11:10:17.914062+00:00,1662030617.914062,12681.68,8.265,1.005859,0.028198,0.021362,-2.090454,2.731323,-1.121521,0.0,0.0,0.0
2022-09-01 11:10:17.934601+00:00,1662030617.9346013,12681.7,8.262,1.007324,0.025879,0.018433,-2.037048,2.456665,-1.174927,0.0,0.0,0.0
2022-09-01 11:10:17.955223+00:00,1662030617.9552233,12681.72,8.241,1.008545,0.027832,0.021362,-2.052307,2.204895,-1.281738,0.0,0.0,0.0
2022-09-01 11:10:17.975748+00:00,1662030617.9757476,12681.74,8.244,1.007568,0.025879,0.026855,-2.059937,1.869202,-1.296997,0.0,0.0,0.0
2022-09-01 11:10:17.996274+00:00,1662030617.9962735,12681.76,8.276,1.008179,0.027222,0.022095,-2.082825,1.403809,-1.342773,0.0,0.0,0.0
2022-09-01 11:10:18.016788+00:00,1662030618.016788,12681.78,8.241,1.005615,0.026733,0.023926,-2.029419,0.892639,-1.38855,0.0,0.0,0.0
2022-09-01 11:10:18.037307+00:00,1662030618.037307,12681.8,8.262,1.005981,0.029297,0.025146,-2.067566,0.679016,-1.419067,0.0,0.0,0.0
2022-09-01 11:10:18.057827+00:00,1662030618.057827,12681.83,8.273,1.007568,0.031372,0.022827,-2.14386,0.183105,-1.396179,0.0,0.0,0.0
2022-09-01 11:10:18.078674+00:00,1662030618.0786743,12681.85,8.256,1.008057,0.028931,0.017456,-2.120972,-0.12207,-1.495361,0.0,0.0,0.0
2022-09-01 11:10:18.098794+00:00,1662030618.0987937,12681.87,8.267,1.007812,0.028198,0.014404,-2.13623,-0.114441,-1.434326,0.0,0.0,0.0
2022-09-01 11:10:18.119271+00:00,1662030618.1192713,12681.89,8.273,1.006104,0.029785,0.012207,-2.151489,0.045776,-1.342773,0.0,0.0,0.0
2022-09-01 11:10:18.139793+00:00,1662030618.1397927,12681.91,8.262,1.00769,0.030762,0.003662,-2.113342,0.221252,-1.296997,0.0,0.0,0.0
2022-09-01 11:10:18.160331+00:00,1662030618.1603308,12681.93,8.262,1.005371,0.030151,0.000977,-2.090454,0.366211,-1.243591,0.0,0.0,0.0
2022-09-01 11:10:18.180868+00:00,1662030618.1808681,12681.95,8.265,1.005859,0.031372,0.000366,-2.052307,0.686646,-1.25885,0.0,0.0,0.0
2022-09-01 11:10:18.201578+00:00,1662030618.201578,12681.97,8.265,1.003418,0.032959,-0.00415,-2.059937,1.022339,-1.159668,0.0,0.0,0.0
2022-09-01 11:10:18.222099+00:00,1662030618.2220988,12681.99,8.247,1.005737,0.028442,-0.001953,-2.052307,1.38092,-1.022339,0.0,0.0,0.0
2022-09-01 11:10:18.242087+00:00,1662030618.2420866,12682.01,8.262,1.005127,0.032104,-0.002075,-2.159119,1.968384,-1.060486,0.0,0.0,0.0
2022-09-01 11:10:18.261369+00:00,1662030618.261369,12682.03,8.232,1.005005,0.031006,0.002197,-2.105713,2.174377,-1.029968,0.0,0.0,0.0
2022-09-01 11:10:18.281651+00:00,1662030618.2816505,12682.05,8.238,1.004028,0.028564,0.004272,-2.105713,2.418518,-1.052856,0.0,0.0,0.0
2022-09-01 11:10:18.301959+00:00,1662030618.3019593,12682.07,8.238,1.004883,0.030518,0.003296,-2.14386,2.754211,-1.014709,0.0,0.0,0.0
2022-09-01 11:10:18.322217+00:00,1662030618.3222165,12682.09,8.259,1.005615,0.029907,0.011719,-2.128601,2.746582,-1.029968,0.0,0.0,0.0
2022-09-01 11:10:18.342484+00:00,1662030618.342484,12682.11,8.247,1.007446,0.026855,0.012329,-2.105713,2.76947,-1.029968,0.0,0.0,0.0
2022-09-01 11:10:18.362785+00:00,1662030618.3627846,12682.13,8.253,1.012695,0.027832,0.01001,-2.067566,2.76947,-1.121521,0.0,0.0,0.0
2022-09-01 11:10:18.383037+00:00,1662030618.3830369,12682.15,8.238,1.007935,0.028687,0.016968,-2.082825,2.52533,-1.190186,0.0,0.0,0.0
2022-09-01 11:10:18.403315+00:00,1662030618.4033148,12682.17,8.259,1.007446,0.026245,0.023071,-2.120972,2.235413,-1.182556,0.0,0.0,0.0
2022-09-01 11:10:18.423568+00:00,1662030618.4235675,12682.19,8.238,1.00708,0.027344,0.023682,-2.067566,1.945496,-1.281738,0.0,0.0,0.0
2022-09-01 11:10:18.443813+00:00,1662030618.4438133,12682.21,8.232,1.009277,0.029785,0.023315,-2.082825,1.617432,-1.342773,0.0,0.0,0.0
2022-09-01 11:10:18.464398+00:00,1662030618.464398,12682.23,8.265,1.006958,0.030273,0.024292,-2.14386,1.091003,-1.350403,0.0,0.0,0.0
2022-09-01 11:10:18.485134+00:00,1662030618.4851336,12682.25,8.241,1.00769,0.026123,0.022705,-2.059937,0.785828,-1.350403,0.0,0.0,0.0
2022-09-01 11:10:18.505201+00:00,1662030618.5052013,12682.27,8.256,1.006958,0.030029,0.018311,-2.13623,0.343323,-1.441956,0.0,0.0,0.0
2022-09-01 11:10:18.525709+00:00,1662030618.525709,12682.29,8.244,1.006958,0.026855,0.021118,-2.113342,0.137329,-1.449585,0.0,0.0,0.0
2022-09-01 11:10:18.546737+00:00,1662030618.5467372,12682.31,8.238,1.005981,0.028564,0.015991,-2.105713,-0.038147,-1.403809,0.0,0.0,0.0
2022-09-01 11:10:18.566844+00:00,1662030618.566844,12682.33,8.25,1.005005,0.029907,0.011597,-2.105713,-0.007629,-1.396179,0.0,0.0,0.0
2022-09-01 11:10:18.587837+00:00,1662030618.5878372,12682.36,8.22,1.006226,0.032837,0.009277,-2.052307,0.190735,-1.365662,0.0,0.0,0.0
2022-09-01 11:10:18.606308+00:00,1662030618.6063075,12682.37,8.262,1.008545,0.03125,0.002808,-2.128601,0.404358,-1.312256,0.0,0.0,0.0
2022-09-01 11:10:18.626401+00:00,1662030618.6264007,12682.39,8.276,1.004761,0.03125,0.0,-2.075195,0.671387,-1.213074,0.0,0.0,0.0
2022-09-01 11:10:18.646462+00:00,1662030618.6464617,12682.41,8.247,1.008789,0.032959,-0.001343,-2.098083,0.991821,-1.13678,0.0,0.0,0.0
2022-09-01 11:10:18.666528+00:00,1662030618.6665277,12682.43,8.25,1.006226,0.02832,-0.002441,-2.13623,1.38092,-1.075745,0.0,0.0,0.0
2022-09-01 11:10:18.686568+00:00,1662030618.6865685,12682.45,8.256,1.005127,0.031494,-0.003784,-2.14386,1.739502,-1.083374,0.0,0.0,0.0
2022-09-01 11:10:18.710147+00:00,1662030618.7101471,12682.48,8.22,1.005859,0.027588,0.000732,-2.059937,2.029419,-1.045227,0.0,0.0,0.0
2022-09-01 11:10:18.730687+00:00,1662030618.7306874,12682.5,8.238,1.006592,0.029663,0.002197,-2.090454,2.388,-0.984192,0.0,0.0,0.0
2022-09-01 11:10:18.751214+00:00,1662030618.7512138,12682.52,8.244,1.005859,0.026978,0.004272,-2.059937,2.609253,-1.045227,0.0,0.0,0.0
2022-09-01 11:10:18.771717+00:00,1662030618.7717166,12682.54,8.241,1.006226,0.026001,0.00415,-2.105713,2.7771,-1.037598,0.0,0.0,0.0
2022-09-01 11:10:18.792234+00:00,1662030618.7922342,12682.56,8.244,1.005127,0.029907,0.013794,-2.105713,2.76947,-1.083374,0.0,0.0,0.0
2022-09-01 11:10:18.812799+00:00,1662030618.8127992,12682.58,8.247,1.008423,0.026245,0.014404,-2.090454,2.738953,-1.045227,0.0,0.0,0.0
2022-09-01 11:10:18.833291+00:00,1662030618.8332913,12682.6,8.262,1.004761,0.026733,0.017212,-2.113342,2.632141,-1.060486,0.0,0.0,0.0
2022-09-01 11:10:18.853776+00:00,1662030618.8537765,12682.62,8.235,1.007202,0.028687,0.026733,-2.044678,2.357483,-1.319885,0.0,0.0,0.0
2022-09-01 11:10:18.874265+00:00,1662030618.8742654,12682.64,8.267,1.008057,0.021851,0.026611,-2.052307,2.037048,-1.296997,0.0,0.0,0.0
2022-09-01 11:10:18.894774+00:00,1662030618.8947737,12682.66,8.247,1.005371,0.029175,0.019897,-2.052307,1.693726,-1.281738,0.0,0.0,0.0
2022-09-01 11:10:18.915267+00:00,1662030618.9152668,12682.68,8.238,1.007324,0.026245,0.022583,-2.128601,1.335144,-1.350403,0.0,0.0,0.0
2022-09-01 11:10:18.935745+00:00,1662030618.9357448,12682.7,8.262,1.007446,0.027222,0.025879,-2.098083,0.793457,-1.38092,0.0,0.0,0.0
2022-09-01 11:10:18.956230+00:00,1662030618.9562302,12682.72,8.256,1.004028,0.027344,0.02356,-2.052307,0.549316,-1.449585,0.0,0.0,0.0
2022-09-01 11:10:18.976760+00:00,1662030618.9767604,12682.74,8.241,1.008789,0.029541,0.022339,-2.052307,0.25177,-1.38855,0.0,0.0,0.0
2022-09-01 11:10:18.997306+00:00,1662030618.997306,12682.76,8.247,1.006958,0.026978,0.014404,-2.120972,0.068665,-1.426697,0.0,0.0,0.0
2022-09-01 11:10:19.017674+00:00,1662030619.0176744,12682.79,8.262,1.008667,0.029663,0.009033,-2.174377,0.0,-1.312256,0.0,0.0,0.0
2022-09-01 11:10:19.036021+00:00,1662030619.036021,12682.8,8.259,1.00647,0.03064,0.008057,-2.082825,0.030518,-1.358032,0.0,0.0,0.0
2022-09-01 11:10:19.056510+00:00,1662030619.0565097,12682.82,8.262,1.003418,0.031738,0.00708,-2.044678,0.289917,-1.266479,0.0,0.0,0.0
2022-09-01 11:10:19.076986+00:00,1662030619.0769856,12682.84,8.279,1.006958,0.031006,0.001709,-2.090454,0.511169,-1.274109,0.0,0.0,0.0
2022-09-01 11:10:19.097495+00:00,1662030619.0974948,12682.87,8.238,1.002808,0.029297,0.001465,-2.067566,0.869751,-1.197815,0.0,0.0,0.0
2022-09-01 11:10:19.120248+00:00,1662030619.1202478,12682.89,8.262,1.005981,0.029907,0.000366,-2.090454,1.327515,-1.152039,0.0,0.0,0.0
2022-09-01 11:10:19.138590+00:00,1662030619.13859,12682.91,8.27,1.007935,0.033203,-0.000732,-2.059937,1.548767,-1.052856,0.0,0.0,0.0
2022-09-01 11:10:19.159057+00:00,1662030619.1590567,12682.93,8.238,1.00708,0.031616,0.000854,-2.113342,1.945496,-1.106262,0.0,0.0,0.0
2022-09-01 11:10:19.179543+00:00,1662030619.1795433,12682.95,8.25,1.005493,0.032959,0.003418,-2.120972,2.235413,-1.022339,0.0,0.0,0.0
2022-09-01 11:10:19.200089+00:00,1662030619.2000895,12682.97,8.25,1.006348,0.030396,0.003418,-2.120972,2.479553,-1.022339,0.0,0.0,0.0
2022-09-01 11:10:19.222847+00:00,1662030619.2228472,12682.99,8.25,1.005371,0.028931,0.004517,-2.128601,2.716064,-1.037598,0.0,0.0,0.0
2022-09-01 11:10:19.241230+00:00,1662030619.2412302,12683.01,8.256,1.005249,0.026733,0.011353,-2.128601,2.7771,-1.068115,0.0,0.0,0.0
2022-09-01 11:10:19.261716+00:00,1662030619.2617161,12683.03,8.25,1.005981,0.029175,0.015137,-2.098083,2.685547,-1.022339,0.0,0.0,0.0
2022-09-01 11:10:19.282211+00:00,1662030619.282211,12683.05,8.262,1.004517,0.029419,0.015259,-2.090454,2.6474,-1.228333,0.0,0.0,0.0
2022-09-01 11:10:19.302726+00:00,1662030619.3027256,12683.07,8.25,1.00708,0.027832,0.024048,-2.098083,2.464294,-1.152039,0.0,0.0,0.0
2022-09-01 11:10:19.323200+00:00,1662030619.3232,12683.09,8.273,1.00708,0.026611,0.025513,-2.090454,2.120972,-1.197815,0.0,0.0,0.0
2022-09-01 11:10:19.343667+00:00,1662030619.3436673,12683.11,8.273,1.007446,0.028687,0.024048,-2.090454,1.823425,-1.335144,0.0,0.0,0.0
2022-09-01 11:10:19.364154+00:00,1662030619.3641539,12683.13,8.273,1.007935,0.02832,0.020874,-2.029419,1.411438,-1.342773,0.0,0.0,0.0
2022-09-01 11:10:19.384717+00:00,1662030619.3847165,12683.15,8.256,1.008667,0.029541,0.019165,-2.113342,0.946045,-1.419067,0.0,0.0,0.0
2022-09-01 11:10:19.405199+00:00,1662030619.4051993,12683.17,8.267,1.008789,0.028076,0.02478,-2.082825,0.549316,-1.38092,0.0,0.0,0.0
2022-09-01 11:10:19.425683+00:00,1662030619.4256835,12683.19,8.259,1.007324,0.031128,0.019043,-2.113342,0.358582,-1.434326,0.0,0.0,0.0
2022-09-01 11:10:19.446151+00:00,1662030619.4461513,12683.21,8.27,1.005371,0.030151,0.015137,-2.220154,0.091553,-1.419067,0.0,0.0,0.0
2022-09-01 11:10:19.466643+00:00,1662030619.466643,12683.23,8.241,1.007935,0.031982,0.013184,-2.105713,0.083923,-1.403809,0.0,0.0,0.0
2022-09-01 11:10:19.487107+00:00,1662030619.4871066,12683.25,8.25,1.006348,0.029175,0.009888,-2.075195,0.144958,-1.350403,0.0,0.0,0.0
2022-09-01 11:10:19.507616+00:00,1662030619.507616,12683.28,8.238,1.006104,0.028809,0.007202,-2.120972,0.205994,-1.335144,0.0,0.0,0.0
2022-09-01 11:10:19.528081+00:00,1662030619.528081,12683.3,8.262,1.003906,0.029419,0.005127,-2.082825,0.549316,-1.243591,0.0,0.0,0.0
2022-09-01 11:10:19.548551+00:00,1662030619.5485513,12683.32,8.253,1.00415,0.033325,0.005859,-2.105713,0.770569,-1.13678,0.0,0.0,0.0
2022-09-01 11:10:19.569048+00:00,1662030619.5690482,12683.34,8.265,1.004272,0.029907,0.001587,-2.098083,1.197815,-1.182556,0.0,0.0,0.0
2022-09-01 11:10:19.589517+00:00,1662030619.5895169,12683.36,8.241,1.005981,0.031128,-0.003174,-2.059937,1.396179,-1.060486,0.0,0.0,0.0
2022-09-01 11:10:19.609991+00:00,1662030619.6099906,12683.38,8.259,1.006836,0.030884,0.005249,-2.13623,1.739502,-1.091003,0.0,0.0,0.0
2022-09-01 11:10:19.630460+00:00,1662030619.6304598,12683.4,8.27,1.00769,0.031738,0.006226,-2.120972,2.166748,-1.029968,0.0,0.0,0.0
2022-09-01 11:10:19.650923+00:00,1662030619.6509228,12683.42,8.276,1.004639,0.0271,0.001099,-2.113342,2.487183,-1.045227,0.0,0.0,0.0
2022-09-01 11:10:19.671389+00:00,1662030619.6713886,12683.44,8.259,1.00769,0.028687,0.005493,-2.082825,2.632141,-1.060486,0.0,0.0,0.0
2022-09-01 11:10:19.691846+00:00,1662030619.691846,12683.46,8.232,1.004517,0.027344,0.012573,-2.067566,2.662659,-1.060486,0.0,0.0,0.0
2022-09-01 11:10:19.712343+00:00,1662030619.7123425,12683.48,8.262,1.005127,0.027832,0.008789,-2.120972,2.754211,-1.121521,0.0,0.0,0.0
2022-09-01 11:10:19.732811+00:00,1662030619.7328115,12683.5,8.267,1.006958,0.031006,0.011963,-2.128601,2.601624,-1.144409,0.0,0.0,0.0
2022-09-01 11:10:19.753311+00:00,1662030619.7533107,12683.52,8.238,1.006836,0.029297,0.020508,-2.113342,2.410889,-1.13678,0.0,0.0,0.0
2022-09-01 11:10:19.773802+00:00,1662030619.773802,12683.54,8.241,1.009033,0.025146,0.023438,-2.13623,2.151489,-1.251221,0.0,0.0,0.0
2022-09-01 11:10:19.794266+00:00,1662030619.7942662,12683.56,8.244,1.007324,0.027588,0.024292,-2.059937,1.808167,-1.373291,0.0,0.0,0.0
2022-09-01 11:10:19.814763+00:00,1662030619.814763,12683.58,8.262,1.004517,0.030273,0.022949,-2.075195,1.480103,-1.358032,0.0,0.0,0.0
2022-09-01 11:10:19.835228+00:00,1662030619.8352284,12683.6,8.273,1.009033,0.026978,0.022095,-2.098083,1.13678,-1.419067,0.0,0.0,0.0
2022-09-01 11:10:19.855690+00:00,1662030619.8556898,12683.62,8.244,1.008789,0.029175,0.018433,-2.059937,0.747681,-1.38092,0.0,0.0,0.0
2022-09-01 11:10:19.876150+00:00,1662030619.8761501,12683.64,8.241,1.005249,0.027588,0.019775,-2.128601,0.450134,-1.472473,0.0,0.0,0.0
2022-09-01 11:10:19.896666+00:00,1662030619.8966663,12683.66,8.25,1.008545,0.029053,0.017578,-2.044678,0.282288,-1.426697,0.0,0.0,0.0
2022-09-01 11:10:19.917134+00:00,1662030619.9171338,12683.68,8.273,1.007568,0.028564,0.012695,-2.182007,0.190735,-1.426697,0.0,0.0,0.0
2022-09-01 11:10:19.937633+00:00,1662030619.9376326,12683.71,8.238,1.005371,0.030396,0.009521,-2.098083,0.1297,-1.38855,0.0,0.0,0.0
2022-09-01 11:10:19.958209+00:00,1662030619.9582088,12683.73,8.238,1.007446,0.030396,0.008301,-2.113342,0.236511,-1.319885,0.0,0.0,0.0
2022-09-01 11:10:19.981222+00:00,1662030619.981222,12683.75,8.247,1.005859,0.03186,0.005737,-2.151489,0.495911,-1.205444,0.0,0.0,0.0
2022-09-01 11:10:20.001728+00:00,1662030620.0017278,12683.77,8.232,1.007812,0.030762,0.005005,-2.120972,0.732422,-1.243591,0.0,0.0,0.0
2022-09-01 11:10:20.022288+00:00,1662030620.0222876,12683.79,8.25,1.00647,0.031006,0.000122,-2.075195,1.098633,-1.106262,0.0,0.0,0.0
2022-09-01 11:10:20.042747+00:00,1662030620.0427475,12683.81,8.241,1.004883,0.032104,-0.000244,-2.082825,1.464844,-1.052856,0.0,0.0,0.0
2022-09-01 11:10:20.063034+00:00,1662030620.0630338,12683.83,8.256,1.003174,0.027832,0.000366,-2.14386,1.876831,-1.121521,0.0,0.0,0.0
2022-09-01 11:10:20.083293+00:00,1662030620.0832927,12683.85,8.259,1.006348,0.028564,-0.000732,-2.090454,2.128601,-1.029968,0.0,0.0,0.0
2022-09-01 11:10:20.103540+00:00,1662030620.10354,12683.87,8.25,1.004883,0.029907,0.006958,-2.090454,2.372742,-0.976562,0.0,0.0,0.0
2022-09-01 11:10:20.123786+00:00,1662030620.123786,12683.89,8.247,1.007935,0.028198,0.004272,-2.120972,2.5177,-1.029968,0.0,0.0,0.0
2022-09-01 11:10:20.144066+00:00,1662030620.1440659,12683.91,8.262,1.008423,0.028687,0.005615,-2.13623,2.632141,-1.068115,0.0,0.0,0.0
2022-09-01 11:10:20.164325+00:00,1662030620.1643248,12683.93,8.256,1.00647,0.029785,0.01062,-2.090454,2.677917,-1.098633,0.0,0.0,0.0
2022-09-01 11:10:20.184579+00:00,1662030620.1845794,12683.95,8.262,1.005859,0.027832,0.013428,-2.090454,2.670288,-1.152039,0.0,0.0,0.0
2022-09-01 11:10:20.204817+00:00,1662030620.2048173,12683.97,8.25,1.008911,0.027222,0.017578,-2.082825,2.464294,-1.197815,0.0,0.0,0.0
2022-09-01 11:10:20.225063+00:00,1662030620.2250628,12683.99,8.262,1.009521,0.026855,0.02417,-2.090454,2.220154,-1.25885,0.0,0.0,0.0
2022-09-01 11:10:20.245469+00:00,1662030620.2454693,12684.01,8.256,1.009277,0.025513,0.019043,-2.037048,1.907349,-1.335144,0.0,0.0,0.0
2022-09-01 11:10:20.265736+00:00,1662030620.265736,12684.03,8.267,1.007568,0.027222,0.02124,-2.082825,1.609802,-1.350403,0.0,0.0,0.0
2022-09-01 11:10:20.285980+00:00,1662030620.2859805,12684.05,8.267,1.008301,0.026978,0.024048,-2.128601,1.182556,-1.449585,0.0,0.0,0.0
2022-09-01 11:10:20.306221+00:00,1662030620.3062208,12684.07,8.244,1.006958,0.025513,0.025269,-2.120972,0.862122,-1.419067,0.0,0.0,0.0
2022-09-01 11:10:20.326468+00:00,1662030620.326468,12684.09,8.259,1.008911,0.029053,0.018921,-2.075195,0.610352,-1.396179,0.0,0.0,0.0
2022-09-01 11:10:20.346765+00:00,1662030620.346765,12684.11,8.247,1.007568,0.02771,0.018188,-2.113342,0.335693,-1.457214,0.0,0.0,0.0
2022-09-01 11:10:20.367011+00:00,1662030620.3670113,12684.13,8.265,1.005127,0.031128,0.015503,-2.059937,0.198364,-1.457214,0.0,0.0,0.0
2022-09-01 11:10:20.387250+00:00,1662030620.38725,12684.15,8.262,1.005615,0.031128,0.014038,-2.113342,0.137329,-1.38855,0.0,0.0,0.0
2022-09-01 11:10:20.407551+00:00,1662030620.4075513,12684.18,8.244,1.005493,0.031128,0.007935,-2.166748,0.259399,-1.342773,0.0,0.0,0.0
2022-09-01 11:10:20.427823+00:00,1662030620.4278226,12684.2,8.265,1.006836,0.029907,0.002686,-2.044678,0.50354,-1.243591,0.0,0.0,0.0
2022-09-01 11:10:20.448063+00:00,1662030620.4480627,12684.22,8.247,1.006836,0.031128,0.000854,-2.067566,0.686646,-1.174927,0.0,0.0,0.0
2022-09-01 11:10:20.468299+00:00,1662030620.468299,12684.24,8.253,1.005859,0.030884,-0.003174,-2.044678,0.991821,-1.068115,0.0,0.0,0.0
2022-09-01 11:10:20.488782+00:00,1662030620.488782,12684.26,8.226,1.006958,0.029053,-0.003662,-2.075195,1.304626,-1.13678,0.0,0.0,0.0
2022-09-01 11:10:20.509094+00:00,1662030620.5090945,12684.28,8.25,1.004761,0.030151,0.001343,-2.090454,1.609802,-1.060486,0.0,0.0,0.0
2022-09-01 11:10:20.529348+00:00,1662030620.5293484,12684.3,8.262,1.006226,0.027954,0.002197,-2.113342,1.983643,-1.045227,0.0,0.0,0.0
2022-09-01 11:10:20.549586+00:00,1662030620.549586,12684.32,8.253,1.004517,0.031128,0.005127,-2.067566,2.197266,-1.052856,0.0,0.0,0.0
2022-09-01 11:10:20.569827+00:00,1662030620.569827,12684.34,8.267,1.003418,0.026001,0.00647,-2.166748,2.403259,-1.045227,0.0,0.0,0.0
2022-09-01 11:10:20.590078+00:00,1662030620.5900784,12684.36,8.256,1.005005,0.027832,0.005127,-2.052307,2.540588,-1.045227,0.0,0.0,0.0
2022-09-01 11:10:20.610378+00:00,1662030620.6103776,12684.38,8.267,1.006104,0.025879,0.01123,-2.120972,2.662659,-1.060486,0.0,0.0,0.0
2022-09-01 11:10:20.630632+00:00,1662030620.6306317,12684.4,8.267,1.005493,0.028076,0.012695,-2.044678,2.6474,-1.091003,0.0,0.0,0.0
2022-09-01 11:10:20.650918+00:00,1662030620.650918,12684.42,8.259,1.010254,0.026733,0.01416,-2.02179,2.571106,-1.152039,0.0,0.0,0.0
2022-09-01 11:10:20.671162+00:00,1662030620.6711621,12684.44,8.256,1.008423,0.025635,0.019165,-2.105713,2.288818,-1.220703,0.0,0.0,0.0
2022-09-01 11:10:20.691405+00:00,1662030620.691405,12684.46,8.276,1.01001,0.025879,0.0177,-2.105713,2.067566,-1.220703,0.0,0.0,0.0
2022-09-01 11:10:20.711677+00:00,1662030620.711677,12684.48,8.256,1.00708,0.029053,0.021484,-2.105713,1.777649,-1.358032,0.0,0.0,0.0
2022-09-01 11:10:20.731921+00:00,1662030620.731921,12684.5,8.267,1.010254,0.026489,0.022949,-2.075195,1.358032,-1.38855,0.0,0.0,0.0
2022-09-01 11:10:20.752164+00:00,1662030620.752164,12684.52,8.253,1.007446,0.029297,0.021851,-2.037048,1.091003,-1.396179,0.0,0.0,0.0
2022-09-01 11:10:20.772398+00:00,1662030620.7723978,12684.54,8.267,1.005737,0.026733,0.018555,-2.059937,0.75531,-1.434326,0.0,0.0,0.0
2022-09-01 11:10:20.792635+00:00,1662030620.792635,12684.56,8.259,1.005127,0.026245,0.018188,-2.182007,0.473022,-1.411438,0.0,0.0,0.0
2022-09-01 11:10:20.812901+00:00,1662030620.8129013,12684.58,8.241,1.006714,0.031372,0.013672,-2.113342,0.25177,-1.38092,0.0,0.0,0.0
2022-09-01 11:10:20.833166+00:00,1662030620.8331664,12684.6,8.247,1.005493,0.032227,0.016113,-2.082825,0.205994,-1.419067,0.0,0.0,0.0
2022-09-01 11:10:20.853399+00:00,1662030620.8533988,12684.62,8.27,1.007935,0.029541,0.009521,-2.14386,0.282288,-1.289368,0.0,0.0,0.0
2022-09-01 11:10:20.873623+00:00,1662030620.8736231,12684.64,8.256,1.003174,0.03125,0.006348,-2.082825,0.289917,-1.312256,0.0,0.0,0.0
2022-09-01 11:10:20.893857+00:00,1662030620.8938575,12684.66,8.262,1.006958,0.029541,0.006348,-1.976013,0.701904,-1.220703,0.0,0.0,0.0
2022-09-01 11:10:20.914123+00:00,1662030620.9141233,12684.68,8.267,1.008179,0.030518,0.004883,-2.090454,0.854492,-1.197815,0.0,0.0,0.0
2022-09-01 11:10:20.934356+00:00,1662030620.9343565,12684.7,8.247,1.009399,0.030884,0.003662,-2.075195,1.106262,-1.075745,0.0,0.0,0.0
2022-09-01 11:10:20.954602+00:00,1662030620.9546025,12684.72,8.265,1.005737,0.028687,-0.003052,-2.082825,1.434326,-1.159668,0.0,0.0,0.0
2022-09-01 11:10:20.974835+00:00,1662030620.974835,12684.74,8.276,1.006714,0.028931,0.004272,-2.037048,1.785278,-1.037598,0.0,0.0,0.0
2022-09-01 11:10:20.995061+00:00,1662030620.9950614,12684.76,8.273,1.006836,0.030396,0.000366,-2.090454,1.991272,-1.022339,0.0,0.0,0.0
2022-09-01 11:10:21.015366+00:00,1662030621.0153656,12684.78,8.247,1.008179,0.029419,0.002075,-2.113342,2.258301,-0.991821,0.0,0.0,0.0
2022-09-01 11:10:21.035612+00:00,1662030621.0356119,12684.8,8.259,1.006592,0.028198,0.007324,-2.14386,2.5177,-0.991821,0.0,0.0,0.0
2022-09-01 11:10:21.055841+00:00,1662030621.0558414,12684.82,8.265,1.00415,0.026001,0.007202,-2.105713,2.586365,-1.068115,0.0,0.0,0.0
2022-09-01 11:10:21.076069+00:00,1662030621.0760686,12684.84,8.27,1.008057,0.026855,0.014893,-2.120972,2.555847,-1.13678,0.0,0.0,0.0
2022-09-01 11:10:21.096295+00:00,1662030621.0962949,12684.86,8.256,1.006836,0.027954,0.012939,-2.090454,2.540588,-1.159668,0.0,0.0,0.0
2022-09-01 11:10:21.116553+00:00,1662030621.116553,12684.88,8.244,1.006958,0.02478,0.016479,-2.075195,2.357483,-1.205444,0.0,0.0,0.0
2022-09-01 11:10:21.136789+00:00,1662030621.1367893,12684.9,8.265,1.010986,0.028564,0.018555,-2.113342,2.151489,-1.25885,0.0,0.0,0.0
2022-09-01 11:10:21.157018+00:00,1662030621.1570182,12684.92,8.247,1.008179,0.030396,0.0177,-2.120972,1.953125,-1.266479,0.0,0.0,0.0
2022-09-01 11:10:21.177245+00:00,1662030621.1772454,12684.94,8.27,1.006958,0.027222,0.017578,-2.105713,1.51062,-1.304626,0.0,0.0,0.0
2022-09-01 11:10:21.197526+00:00,1662030621.1975257,12684.97,8.265,1.007812,0.027466,0.020264,-2.059937,1.274109,-1.373291,0.0,0.0,0.0
2022-09-01 11:10:21.217857+00:00,1662030621.217857,12684.99,8.25,1.005493,0.027466,0.017578,-2.166748,0.915527,-1.411438,0.0,0.0,0.0
2022-09-01 11:10:21.238105+00:00,1662030621.2381048,12685.01,8.253,1.005737,0.029053,0.018433,-2.098083,0.526428,-1.426697,0.0,0.0,0.0
2022-09-01 11:10:21.258344+00:00,1662030621.2583437,12685.03,8.241,1.00769,0.030396,0.015137,-2.067566,0.389099,-1.434326,0.0,0.0,0.0
2022-09-01 11:10:21.278595+00:00,1662030621.2785952,12685.05,8.265,1.009521,0.03186,0.01123,-2.120972,0.190735,-1.38855,0.0,0.0,0.0
2022-09-01 11:10:21.298841+00:00,1662030621.2988405,12685.07,8.267,1.006226,0.029663,0.009521,-2.151489,0.305176,-1.350403,0.0,0.0,0.0
2022-09-01 11:10:21.319104+00:00,1662030621.3191037,12685.09,8.276,1.00647,0.028198,0.009888,-2.098083,0.335693,-1.274109,0.0,0.0,0.0
2022-09-01 11:10:21.339340+00:00,1662030621.33934,12685.11,8.244,1.008789,0.030518,0.005737,-2.059937,0.488281,-1.235962,0.0,0.0,0.0
2022-09-01 11:10:21.359569+00:00,1662030621.3595688,12685.13,8.273,1.006226,0.030518,0.003784,-2.159119,0.701904,-1.213074,0.0,0.0,0.0
2022-09-01 11:10:21.379802+00:00,1662030621.3798018,12685.15,8.25,1.006104,0.031616,0.003174,-2.059937,0.961304,-1.144409,0.0,0.0,0.0
2022-09-01 11:10:21.400034+00:00,1662030621.4000342,12685.17,8.273,1.00647,0.030762,0.000488,-2.098083,1.335144,-1.12915,0.0,0.0,0.0
2022-09-01 11:10:21.420266+00:00,1662030621.4202657,12685.19,8.265,1.00769,0.030151,0.002197,-2.128601,1.541138,-1.060486,0.0,0.0,0.0
2022-09-01 11:10:21.440499+00:00,1662030621.4404993,12685.21,8.297,1.00769,0.029785,-0.001343,-2.120972,1.77002,-1.014709,0.0,0.0,0.0
2022-09-01 11:10:21.460754+00:00,1662030621.4607542,12685.23,8.267,1.007935,0.027222,0.003052,-2.029419,2.128601,-1.037598,0.0,0.0,0.0
2022-09-01 11:10:21.481009+00:00,1662030621.4810092,12685.25,8.279,1.005859,0.026489,0.003296,-2.02179,2.449036,-1.037598,0.0,0.0,0.0
2022-09-01 11:10:21.501270+00:00,1662030621.5012696,12685.27,8.282,1.006104,0.025635,0.010864,-2.113342,2.464294,-1.121521,0.0,0.0,0.0
2022-09-01 11:10:21.521528+00:00,1662030621.5215278,12685.29,8.262,1.007568,0.027466,0.01123,-2.120972,2.479553,-1.068115,0.0,0.0,0.0
2022-09-01 11:10:21.541788+00:00,1662030621.541788,12685.31,8.262,1.005737,0.026245,0.011475,-2.01416,2.479553,-1.106262,0.0,0.0,0.0
2022-09-01 11:10:21.562031+00:00,1662030621.5620306,12685.33,8.262,1.006348,0.027344,0.017578,-2.082825,2.52533,-1.174927,0.0,0.0,0.0
2022-09-01 11:10:21.582268+00:00,1662030621.5822682,12685.35,8.276,1.007935,0.026489,0.014648,-2.105713,2.250671,-1.205444,0.0,0.0,0.0
2022-09-01 11:10:21.602535+00:00,1662030621.6025355,12685.37,8.253,1.008057,0.030273,0.020264,-2.090454,2.006531,-1.281738,0.0,0.0,0.0
2022-09-01 11:10:21.622775+00:00,1662030621.6227748,12685.39,8.273,1.008057,0.024902,0.020874,-2.189636,1.663208,-1.365662,0.0,0.0,0.0
2022-09-01 11:10:21.643007+00:00,1662030621.6430073,12685.41,8.259,1.007568,0.027832,0.020752,-2.075195,1.350403,-1.38855,0.0,0.0,0.0
2022-09-01 11:10:21.663235+00:00,1662030621.6632354,12685.43,8.265,1.008911,0.027954,0.023438,-2.090454,1.045227,-1.38092,0.0,0.0,0.0
2022-09-01 11:10:21.683470+00:00,1662030621.6834695,12685.45,8.273,1.008301,0.029419,0.02356,-2.075195,0.770569,-1.396179,0.0,0.0,0.0
2022-09-01 11:10:21.703729+00:00,1662030621.7037292,12685.47,8.282,1.005981,0.029785,0.016235,-2.098083,0.442505,-1.472473,0.0,0.0,0.0
2022-09-01 11:10:21.723962+00:00,1662030621.7239618,12685.49,8.27,1.010986,0.031616,0.018433,-2.151489,0.267029,-1.441956,0.0,0.0,0.0
2022-09-01 11:10:21.744416+00:00,1662030621.7444158,12685.51,8.282,1.007935,0.029175,0.011353,-2.14386,0.205994,-1.350403,0.0,0.0,0.0
2022-09-01 11:10:21.764706+00:00,1662030621.7647064,12685.53,8.291,1.007446,0.031128,0.011841,-2.082825,0.282288,-1.342773,0.0,0.0,0.0
2022-09-01 11:10:21.784951+00:00,1662030621.7849507,12685.55,8.276,1.005493,0.030884,0.011719,-2.090454,0.419617,-1.289368,0.0,0.0,0.0
2022-09-01 11:10:21.805223+00:00,1662030621.8052227,12685.57,8.273,1.00708,0.029785,0.00293,-2.090454,0.602722,-1.243591,0.0,0.0,0.0
2022-09-01 11:10:21.825484+00:00,1662030621.8254843,12685.59,8.285,1.007324,0.029419,0.000732,-2.14386,0.808716,-1.197815,0.0,0.0,0.0
2022-09-01 11:10:21.845756+00:00,1662030621.8457556,12685.61,8.256,1.008301,0.031982,-0.003418,-2.105713,1.13678,-1.121521,0.0,0.0,0.0
2022-09-01 11:10:21.865997+00:00,1662030621.8659966,12685.63,8.273,1.006348,0.028809,-0.001709,-2.13623,1.449585,-1.083374,0.0,0.0,0.0
2022-09-01 11:10:21.886238+00:00,1662030621.886238,12685.65,8.259,1.007202,0.030396,0.000366,-2.067566,1.724243,-1.068115,0.0,0.0,0.0
2022-09-01 11:10:21.906552+00:00,1662030621.9065523,12685.67,8.267,1.004517,0.028809,0.001221,-2.059937,1.937866,-1.029968,0.0,0.0,0.0
2022-09-01 11:10:21.926797+00:00,1662030621.9267972,12685.69,8.267,1.005371,0.028809,0.002075,-2.105713,2.26593,-0.961304,0.0,0.0,0.0
2022-09-01 11:10:21.947034+00:00,1662030621.9470336,12685.71,8.262,1.005249,0.025757,0.011108,-2.037048,2.304077,-1.014709,0.0,0.0,0.0
2022-09-01 11:10:21.967269+00:00,1662030621.9672687,12685.73,8.279,1.005859,0.029541,0.010254,-2.120972,2.494812,-1.121521,0.0,0.0,0.0
2022-09-01 11:10:21.987538+00:00,1662030621.987538,12685.76,8.276,1.009766,0.028564,0.016357,-2.13623,2.510071,-1.060486,0.0,0.0,0.0
2022-09-01 11:10:22.007838+00:00,1662030622.0078375,12685.78,8.276,1.006958,0.026855,0.01123,-2.14386,2.464294,-1.174927,0.0,0.0,0.0
2022-09-01 11:10:22.028080+00:00,1662030622.0280802,12685.8,8.259,1.009766,0.027466,0.016724,-2.037048,2.319336,-1.25885,0.0,0.0,0.0
2022-09-01 11:10:22.048321+00:00,1662030622.0483205,12685.82,8.253,1.006714,0.025391,0.019653,-2.14386,2.090454,-1.274109,0.0,0.0,0.0
2022-09-01 11:10:22.068557+00:00,1662030622.0685573,12685.84,8.267,1.009155,0.029175,0.020264,-2.120972,1.823425,-1.335144,0.0,0.0,0.0
2022-09-01 11:10:22.088863+00:00,1662030622.0888627,12685.86,8.279,1.008057,0.026733,0.02124,-2.044678,1.525879,-1.335144,0.0,0.0,0.0
2022-09-01 11:10:22.109097+00:00,1662030622.1090975,12685.88,8.282,1.005981,0.030151,0.026245,-2.13623,1.152039,-1.426697,0.0,0.0,0.0
2022-09-01 11:10:22.129339+00:00,1662030622.1293395,12685.9,8.259,1.007812,0.029297,0.01709,-2.082825,0.930786,-1.434326,0.0,0.0,0.0
2022-09-01 11:10:22.149592+00:00,1662030622.1495922,12685.92,8.259,1.007202,0.030273,0.018311,-2.14386,0.62561,-1.426697,0.0,0.0,0.0
2022-09-01 11:10:22.169830+00:00,1662030622.1698298,12685.94,8.276,1.006104,0.029541,0.013184,-2.189636,0.473022,-1.403809,0.0,0.0,0.0
2022-09-01 11:10:22.190110+00:00,1662030622.1901102,12685.96,8.276,1.008301,0.03064,0.010986,-2.166748,0.411987,-1.419067,0.0,0.0,0.0
2022-09-01 11:10:22.210353+00:00,1662030622.2103531,12685.98,8.279,1.005737,0.027954,0.009644,-2.067566,0.343323,-1.358032,0.0,0.0,0.0
2022-09-01 11:10:22.230610+00:00,1662030622.2306097,12686.0,8.267,1.009766,0.030396,0.013672,-2.14386,0.305176,-1.266479,0.0,0.0,0.0
2022-09-01 11:10:22.250858+00:00,1662030622.2508583,12686.02,8.25,1.005615,0.029541,0.007202,-2.090454,0.62561,-1.205444,0.0,0.0,0.0
2022-09-01 11:10:22.271141+00:00,1662030622.2711408,12686.04,8.232,1.006226,0.030884,0.000732,-2.037048,0.762939,-1.12915,0.0,0.0,0.0
2022-09-01 11:10:22.291383+00:00,1662030622.2913828,12686.06,8.253,1.007568,0.030151,0.005127,-2.13623,1.029968,-1.113892,0.0,0.0,0.0
2022-09-01 11:10:22.311622+00:00,1662030622.3116221,12686.08,8.276,1.004761,0.029907,0.002441,-2.075195,1.213074,-1.052856,0.0,0.0,0.0
2022-09-01 11:10:22.331880+00:00,1662030622.3318799,12686.1,8.273,1.005737,0.029297,0.000244,-2.059937,1.571655,-1.060486,0.0,0.0,0.0
2022-09-01 11:10:22.352188+00:00,1662030622.352188,12686.12,8.267,1.00708,0.028931,0.003052,-2.166748,1.815796,-1.037598,0.0,0.0,0.0
2022-09-01 11:10:22.372456+00:00,1662030622.3724556,12686.14,8.27,1.006714,0.029297,0.006836,-2.098083,2.052307,-1.014709,0.0,0.0,0.0
2022-09-01 11:10:22.392736+00:00,1662030622.3927357,12686.16,8.279,1.008545,0.031372,0.004883,-2.098083,2.39563,-1.045227,0.0,0.0,0.0
2022-09-01 11:10:22.413003+00:00,1662030622.413003,12686.18,8.265,1.006104,0.026855,0.007568,-2.113342,2.456665,-1.075745,0.0,0.0,0.0
2022-09-01 11:10:22.433245+00:00,1662030622.4332452,12686.2,8.27,1.004395,0.027588,0.009644,-2.059937,2.464294,-1.029968,0.0,0.0,0.0
2022-09-01 11:10:22.453485+00:00,1662030622.4534848,12686.22,8.276,1.00769,0.0271,0.013794,-2.029419,2.433777,-1.159668,0.0,0.0,0.0
2022-09-01 11:10:22.473717+00:00,1662030622.4737175,12686.24,8.265,1.005127,0.028687,0.014282,-2.052307,2.342224,-1.098633,0.0,0.0,0.0
2022-09-01 11:10:22.493949+00:00,1662030622.4939492,12686.26,8.265,1.006714,0.027588,0.019653,-2.120972,2.14386,-1.296997,0.0,0.0,0.0
2022-09-01 11:10:22.514182+00:00,1662030622.514182,12686.28,8.291,1.004883,0.031494,0.019897,-2.098083,1.991272,-1.396179,0.0,0.0,0.0
2022-09-01 11:10:22.534416+00:00,1662030622.5344157,12686.3,8.262,1.006348,0.028809,0.021484,-2.105713,1.708984,-1.358032,0.0,0.0,0.0
2022-09-01 11:10:22.554713+00:00,1662030622.5547135,12686.32,8.247,1.006104,0.028687,0.020752,-2.029419,1.411438,-1.396179,0.0,0.0,0.0
2022-09-01 11:10:22.574947+00:00,1662030622.5749474,12686.34,8.259,1.00769,0.029541,0.021973,-2.13623,1.014709,-1.51062,0.0,0.0,0.0
2022-09-01 11:10:22.595184+00:00,1662030622.5951843,12686.36,8.282,1.007446,0.031372,0.015991,-2.059937,0.816345,-1.449585,0.0,0.0,0.0
2022-09-01 11:10:22.615451+00:00,1662030622.6154506,12686.38,8.27,1.003906,0.02832,0.01709,-2.151489,0.564575,-1.441956,0.0,0.0,0.0
2022-09-01 11:10:22.635710+00:00,1662030622.63571,12686.4,8.282,1.006104,0.030273,0.017456,-2.105713,0.350952,-1.487732,0.0,0.0,0.0
2022-09-01 11:10:22.655948+00:00,1662030622.6559477,12686.42,8.276,1.004028,0.028809,0.011719,-2.113342,0.358582,-1.373291,0.0,0.0,0.0
2022-09-01 11:10:22.676186+00:00,1662030622.676186,12686.44,8.291,1.006104,0.030273,0.011353,-2.14386,0.404358,-1.342773,0.0,0.0,0.0
2022-09-01 11:10:22.696434+00:00,1662030622.6964343,12686.46,8.285,1.008545,0.032593,0.00647,-2.090454,0.480652,-1.289368,0.0,0.0,0.0
2022-09-01 11:10:22.716669+00:00,1662030622.7166686,12686.48,8.256,1.008789,0.029297,0.002686,-2.128601,0.671387,-1.144409,0.0,0.0,0.0
2022-09-01 11:10:22.736912+00:00,1662030622.7369115,12686.5,8.279,1.004761,0.033203,0.001587,-2.037048,1.037598,-1.144409,0.0,0.0,0.0
2022-09-01 11:10:22.757163+00:00,1662030622.7571628,12686.52,8.267,1.005981,0.029785,0.004272,-2.098083,1.068115,-1.091003,0.0,0.0,0.0
2022-09-01 11:10:22.777399+00:00,1662030622.7773986,12686.54,8.27,1.005737,0.030151,0.00647,-2.082825,1.403809,-1.029968,0.0,0.0,0.0
2022-09-01 11:10:22.797915+00:00,1662030622.797915,12686.57,8.244,1.005127,0.026123,0.002441,-2.13623,1.792908,-1.037598,0.0,0.0,0.0
2022-09-01 11:10:22.818464+00:00,1662030622.8184636,12686.59,8.262,1.007935,0.03125,0.001343,-2.113342,2.037048,-1.022339,0.0,0.0,0.0
2022-09-01 11:10:22.839036+00:00,1662030622.8390365,12686.61,8.282,1.005371,0.028687,0.005493,-2.113342,2.235413,-1.045227,0.0,0.0,0.0
2022-09-01 11:10:22.859547+00:00,1662030622.8595467,12686.63,8.265,1.00769,0.029663,0.00769,-2.082825,2.365112,-1.045227,0.0,0.0,0.0
2022-09-01 11:10:22.880052+00:00,1662030622.8800519,12686.65,8.279,1.007202,0.030151,0.012695,-2.189636,2.380371,-1.052856,0.0,0.0,0.0
2022-09-01 11:10:22.900547+00:00,1662030622.900547,12686.67,8.276,1.005737,0.027344,0.014526,-2.151489,2.418518,-1.106262,0.0,0.0,0.0
2022-09-01 11:10:22.921080+00:00,1662030622.92108,12686.69,8.297,1.005737,0.0271,0.013672,-2.02179,2.372742,-1.235962,0.0,0.0,0.0
2022-09-01 11:10:22.941584+00:00,1662030622.941584,12686.71,8.285,1.007324,0.028442,0.015625,-2.120972,2.258301,-1.205444,0.0,0.0,0.0
2022-09-01 11:10:22.962084+00:00,1662030622.9620838,12686.73,8.276,1.008057,0.03125,0.019653,-2.14386,1.998901,-1.327515,0.0,0.0,0.0
2022-09-01 11:10:22.982586+00:00,1662030622.9825857,12686.75,8.273,1.005371,0.025635,0.020752,-2.090454,1.777649,-1.335144,0.0,0.0,0.0
2022-09-01 11:10:23.003319+00:00,1662030623.0033185,12686.77,8.273,1.00769,0.02771,0.019409,-2.120972,1.434326,-1.365662,0.0,0.0,0.0
2022-09-01 11:10:23.023902+00:00,1662030623.023902,12686.79,8.288,1.008179,0.026245,0.017822,-2.120972,1.152039,-1.464844,0.0,0.0,0.0
2022-09-01 11:10:23.044418+00:00,1662030623.0444176,12686.81,8.259,1.005005,0.02832,0.021606,-2.128601,0.900269,-1.464844,0.0,0.0,0.0
2022-09-01 11:10:23.064916+00:00,1662030623.0649157,12686.83,8.294,1.005493,0.030273,0.020508,-2.082825,0.679016,-1.38092,0.0,0.0,0.0
2022-09-01 11:10:23.085428+00:00,1662030623.0854285,12686.85,8.253,1.007812,0.027222,0.015503,-2.14386,0.450134,-1.38092,0.0,0.0,0.0
2022-09-01 11:10:23.105943+00:00,1662030623.1059434,12686.87,8.256,1.00647,0.03125,0.008423,-2.174377,0.38147,-1.396179,0.0,0.0,0.0
2022-09-01 11:10:23.126486+00:00,1662030623.1264856,12686.89,8.285,1.004639,0.031982,0.010254,-2.166748,0.411987,-1.327515,0.0,0.0,0.0
2022-09-01 11:10:23.147012+00:00,1662030623.147012,12686.91,8.273,1.005859,0.029907,0.009033,-2.067566,0.50354,-1.251221,0.0,0.0,0.0
2022-09-01 11:10:23.167561+00:00,1662030623.1675613,12686.94,8.276,1.005493,0.032227,0.012207,-2.098083,0.671387,-1.213074,0.0,0.0,0.0
2022-09-01 11:10:23.187883+00:00,1662030623.187883,12686.96,8.25,1.007446,0.03186,0.003174,-2.02179,0.946045,-1.113892,0.0,0.0,0.0
2022-09-01 11:10:23.208168+00:00,1662030623.2081678,12686.98,8.262,1.006958,0.031372,0.002563,-2.098083,1.083374,-1.075745,0.0,0.0,0.0
2022-09-01 11:10:23.228451+00:00,1662030623.2284515,12687.0,8.279,1.00354,0.029541,0.002686,-2.090454,1.403809,-1.045227,0.0,0.0,0.0
2022-09-01 11:10:23.248704+00:00,1662030623.2487044,12687.02,8.256,1.005737,0.03186,0.006104,-2.120972,1.663208,-0.991821,0.0,0.0,0.0
2022-09-01 11:10:23.268969+00:00,1662030623.268969,12687.04,8.265,1.00708,0.0271,0.002075,-2.113342,1.88446,-1.052856,0.0,0.0,0.0
2022-09-01 11:10:23.289263+00:00,1662030623.289263,12687.06,8.276,1.005981,0.027466,0.003296,-2.14386,2.037048,-1.014709,0.0,0.0,0.0
2022-09-01 11:10:23.309533+00:00,1662030623.309533,12687.08,8.273,1.005859,0.03125,0.005371,-2.105713,2.410889,-1.014709,0.0,0.0,0.0
2022-09-01 11:10:23.329819+00:00,1662030623.3298192,12687.1,8.279,1.003174,0.02771,0.00769,-2.037048,2.39563,-1.029968,0.0,0.0,0.0
2022-09-01 11:10:23.350087+00:00,1662030623.350087,12687.12,8.273,1.007568,0.025635,0.010254,-2.13623,2.403259,-1.113892,0.0,0.0,0.0
2022-09-01 11:10:23.370351+00:00,1662030623.3703508,12687.14,8.259,1.005615,0.029297,0.009521,-2.090454,2.426147,-1.197815,0.0,0.0,0.0
2022-09-01 11:10:23.390596+00:00,1662030623.3905964,12687.16,8.262,1.00769,0.025879,0.014404,-2.052307,2.27356,-1.174927,0.0,0.0,0.0
2022-09-01 11:10:23.410834+00:00,1662030623.410834,12687.18,8.27,1.007202,0.026123,0.018188,-2.14386,2.128601,-1.296997,0.0,0.0,0.0
2022-09-01 11:10:23.431106+00:00,1662030623.4311063,12687.2,8.262,1.005493,0.0271,0.015625,-2.044678,1.853943,-1.335144,0.0,0.0,0.0
2022-09-01 11:10:23.451346+00:00,1662030623.4513462,12687.22,8.256,1.008423,0.026367,0.020386,-2.067566,1.724243,-1.403809,0.0,0.0,0.0
2022-09-01 11:10:23.472182+00:00,1662030623.472182,12687.24,8.276,1.005615,0.0271,0.025391,-2.090454,1.304626,-1.457214,0.0,0.0,0.0
2022-09-01 11:10:23.498422+00:00,1662030623.498422,12687.27,8.262,1.007446,0.029785,0.020508,-2.098083,0.88501,-1.434326,0.0,0.0,0.0
2022-09-01 11:10:23.517312+00:00,1662030623.5173123,12687.28,8.244,1.00769,0.029297,0.015381,-2.082825,0.671387,-1.38855,0.0,0.0,0.0
2022-09-01 11:10:23.535330+00:00,1662030623.53533,12687.3,8.253,1.005737,0.032471,0.013428,-2.128601,0.602722,-1.441956,0.0,0.0,0.0
2022-09-01 11:10:23.555540+00:00,1662030623.5555396,12687.32,8.262,1.002441,0.031006,0.011597,-2.151489,0.427246,-1.396179,0.0,0.0,0.0
2022-09-01 11:10:23.575631+00:00,1662030623.5756307,12687.34,8.267,1.006714,0.031006,0.011963,-2.120972,0.457764,-1.365662,0.0,0.0,0.0
2022-09-01 11:10:23.597297+00:00,1662030623.5972967,12687.36,8.267,1.00769,0.030273,0.006104,-2.14386,0.450134,-1.228333,0.0,0.0,0.0
2022-09-01 11:10:23.617297+00:00,1662030623.617297,12687.38,8.259,1.005249,0.029663,0.007935,-2.14386,0.686646,-1.190186,0.0,0.0,0.0
2022-09-01 11:10:23.638960+00:00,1662030623.6389601,12687.41,8.267,1.00354,0.030029,0.003784,-2.059937,0.862122,-1.12915,0.0,0.0,0.0
2022-09-01 11:10:23.658883+00:00,1662030623.6588833,12687.43,8.259,1.005737,0.031372,0.007324,-2.098083,1.075745,-1.106262,0.0,0.0,0.0
2022-09-01 11:10:23.680526+00:00,1662030623.680526,12687.45,8.262,1.008301,0.03186,0.001343,-2.029419,1.403809,-1.060486,0.0,0.0,0.0
2022-09-01 11:10:23.700442+00:00,1662030623.7004418,12687.47,8.256,1.003784,0.031738,0.004272,-2.082825,1.556396,-0.999451,0.0,0.0,0.0
2022-09-01 11:10:23.725306+00:00,1662030623.725306,12687.49,8.276,1.006226,0.030151,0.003662,-2.189636,1.869202,-1.014709,0.0,0.0,0.0
2022-09-01 11:10:23.746811+00:00,1662030623.7468107,12687.51,8.297,1.006226,0.026367,0.006104,-2.059937,2.067566,-1.022339,0.0,0.0,0.0
2022-09-01 11:10:23.767214+00:00,1662030623.7672136,12687.53,8.256,1.009521,0.028809,0.006226,-2.082825,2.296448,-1.106262,0.0,0.0,0.0
2022-09-01 11:10:23.787651+00:00,1662030623.7876513,12687.56,8.256,1.005371,0.03064,0.006836,-2.113342,2.39563,-1.045227,0.0,0.0,0.0
2022-09-01 11:10:23.808014+00:00,1662030623.8080137,12687.58,8.276,1.002075,0.026611,0.012329,-2.075195,2.357483,-1.113892,0.0,0.0,0.0
2022-09-01 11:10:23.827212+00:00,1662030623.8272119,12687.59,8.256,1.008789,0.027832,0.014893,-2.151489,2.342224,-1.266479,0.0,0.0,0.0
2022-09-01 11:10:23.847468+00:00,1662030623.8474681,12687.62,8.27,1.006714,0.027832,0.017334,-2.02179,2.250671,-1.296997,0.0,0.0,0.0
2022-09-01 11:10:23.867706+00:00,1662030623.8677058,12687.64,8.259,1.008789,0.027222,0.015137,-2.082825,1.976013,-1.266479,0.0,0.0,0.0
2022-09-01 11:10:23.887942+00:00,1662030623.887942,12687.66,8.273,1.007568,0.02832,0.018433,-2.105713,1.76239,-1.411438,0.0,0.0,0.0
2022-09-01 11:10:23.908179+00:00,1662030623.908179,12687.68,8.279,1.007202,0.031982,0.023315,-2.098083,1.533508,-1.350403,0.0,0.0,0.0
2022-09-01 11:10:23.928462+00:00,1662030623.9284618,12687.7,8.267,1.008179,0.029419,0.017944,-2.067566,1.235962,-1.419067,0.0,0.0,0.0
2022-09-01 11:10:23.948798+00:00,1662030623.9487977,12687.72,8.288,1.005249,0.029175,0.015991,-2.067566,1.045227,-1.449585,0.0,0.0,0.0
2022-09-01 11:10:23.969048+00:00,1662030623.9690478,12687.74,8.279,1.006836,0.030518,0.018799,-2.105713,0.717163,-1.396179,0.0,0.0,0.0
2022-09-01 11:10:23.989329+00:00,1662030623.9893289,12687.76,8.282,1.006958,0.031006,0.012573,-2.120972,0.671387,-1.480103,0.0,0.0,0.0
2022-09-01 11:10:24.009579+00:00,1662030624.0095792,12687.78,8.267,1.006104,0.032349,0.014526,-2.082825,0.50354,-1.342773,0.0,0.0,0.0
2022-09-01 11:10:24.029859+00:00,1662030624.0298593,12687.8,8.276,1.006226,0.030396,0.014038,-2.075195,0.450134,-1.419067,0.0,0.0,0.0
2022-09-01 11:10:24.050111+00:00,1662030624.050111,12687.82,8.288,1.005371,0.030518,0.009033,-2.098083,0.480652,-1.312256,0.0,0.0,0.0
2022-09-01 11:10:24.070354+00:00,1662030624.0703535,12687.84,8.262,1.007324,0.02832,0.005127,-2.067566,0.686646,-1.274109,0.0,0.0,0.0
2022-09-01 11:10:24.090601+00:00,1662030624.0906012,12687.86,8.276,1.006714,0.032227,0.003662,-2.052307,0.862122,-1.220703,0.0,0.0,0.0
2022-09-01 11:10:24.110841+00:00,1662030624.110841,12687.88,8.262,1.003662,0.029907,0.005493,-2.02179,1.029968,-1.091003,0.0,0.0,0.0
2022-09-01 11:10:24.131115+00:00,1662030624.1311152,12687.9,8.262,1.006348,0.031982,-0.000488,-2.090454,1.304626,-1.106262,0.0,0.0,0.0
2022-09-01 11:10:24.151378+00:00,1662030624.1513777,12687.92,8.267,1.009155,0.03125,-0.001221,-2.113342,1.51825,-1.037598,0.0,0.0,0.0
2022-09-01 11:10:24.171635+00:00,1662030624.171635,12687.94,8.267,1.007935,0.029419,0.003662,-2.14386,1.76239,-0.984192,0.0,0.0,0.0
2022-09-01 11:10:24.191905+00:00,1662030624.1919048,12687.96,8.291,1.005859,0.028442,0.007812,-2.128601,1.998901,-0.984192,0.0,0.0,0.0
2022-09-01 11:10:24.212166+00:00,1662030624.2121663,12687.98,8.282,1.004639,0.029541,0.00354,-2.128601,2.235413,-1.075745,0.0,0.0,0.0
2022-09-01 11:10:24.232469+00:00,1662030624.2324688,12688.0,8.276,1.005737,0.027954,0.010254,-2.105713,2.311707,-1.083374,0.0,0.0,0.0
2022-09-01 11:10:24.252727+00:00,1662030624.2527273,12688.02,8.253,1.005371,0.026001,0.01062,-2.13623,2.342224,-1.060486,0.0,0.0,0.0
2022-09-01 11:10:24.273034+00:00,1662030624.273034,12688.04,8.285,1.005493,0.026611,0.014404,-2.067566,2.380371,-1.197815,0.0,0.0,0.0
2022-09-01 11:10:24.293398+00:00,1662030624.2933977,12688.06,8.279,1.007446,0.028198,0.018433,-2.098083,2.326965,-1.205444,0.0,0.0,0.0
2022-09-01 11:10:24.313668+00:00,1662030624.313668,12688.08,8.276,1.005615,0.023682,0.019165,-2.090454,2.090454,-1.228333,0.0,0.0,0.0
2022-09-01 11:10:24.333968+00:00,1662030624.3339682,12688.1,8.288,1.006104,0.027588,0.020386,-2.113342,1.907349,-1.312256,0.0,0.0,0.0
2022-09-01 11:10:24.354230+00:00,1662030624.35423,12688.12,8.259,1.008789,0.026855,0.019775,-2.090454,1.724243,-1.411438,0.0,0.0,0.0
2022-09-01 11:10:24.374482+00:00,1662030624.3744822,12688.14,8.262,1.007446,0.02771,0.018188,-2.082825,1.411438,-1.396179,0.0,0.0,0.0
2022-09-01 11:10:24.394759+00:00,1662030624.3947587,12688.16,8.279,1.00647,0.029419,0.017334,-2.090454,1.13678,-1.434326,0.0,0.0,0.0
2022-09-01 11:10:24.414000+00:00,1662030624.4140003,12688.18,8.27,1.006592,0.030151,0.019409,-2.082825,0.900269,-1.426697,0.0,0.0,0.0
2022-09-01 11:10:24.434265+00:00,1662030624.4342647,12688.2,8.297,1.006104,0.027466,0.012573,-2.120972,0.762939,-1.472473,0.0,0.0,0.0
2022-09-01 11:10:24.454523+00:00,1662030624.4545228,12688.22,8.279,1.006836,0.028076,0.016602,-2.159119,0.50354,-1.38092,0.0,0.0,0.0
2022-09-01 11:10:24.474766+00:00,1662030624.4747663,12688.24,8.273,1.004272,0.032349,0.011719,-2.14386,0.473022,-1.38092,0.0,0.0,0.0
2022-09-01 11:10:24.495003+00:00,1662030624.4950025,12688.26,8.273,1.006104,0.028076,0.008301,-2.098083,0.465393,-1.304626,0.0,0.0,0.0
2022-09-01 11:10:24.515270+00:00,1662030624.51527,12688.28,8.276,1.004395,0.031616,0.005371,-2.113342,0.572205,-1.266479,0.0,0.0,0.0
2022-09-01 11:10:24.535515+00:00,1662030624.5355153,12688.3,8.285,1.006348,0.030396,0.008545,-2.113342,0.808716,-1.159668,0.0,0.0,0.0
2022-09-01 11:10:24.555777+00:00,1662030624.5557768,12688.32,8.25,1.00354,0.031616,0.003906,-2.105713,0.915527,-1.159668,0.0,0.0,0.0
2022-09-01 11:10:24.576019+00:00,1662030624.5760193,12688.34,8.285,1.005371,0.030884,0.007324,-2.082825,1.228333,-1.091003,0.0,0.0,0.0
2022-09-01 11:10:24.596260+00:00,1662030624.59626,12688.36,8.303,1.005371,0.029419,0.001099,-2.197266,1.38855,-1.052856,0.0,0.0,0.0
2022-09-01 11:10:24.616529+00:00,1662030624.6165292,12688.38,8.285,1.005737,0.030396,0.005493,-2.13623,1.693726,-1.022339,0.0,0.0,0.0
2022-09-01 11:10:24.636767+00:00,1662030624.6367667,12688.4,8.262,1.007324,0.028076,0.006226,-2.14386,1.808167,-0.961304,0.0,0.0,0.0
2022-09-01 11:10:24.656999+00:00,1662030624.6569986,12688.42,8.273,1.003174,0.031494,0.004639,-2.120972,1.976013,-0.946045,0.0,0.0,0.0
2022-09-01 11:10:24.677232+00:00,1662030624.677232,12688.44,8.288,1.004639,0.030151,0.005981,-2.090454,2.243042,-1.022339,0.0,0.0,0.0
2022-09-01 11:10:24.697504+00:00,1662030624.6975036,12688.47,8.256,1.005005,0.028198,0.01062,-2.113342,2.334595,-1.068115,0.0,0.0,0.0
2022-09-01 11:10:24.717790+00:00,1662030624.7177896,12688.49,8.282,1.006226,0.028076,0.008789,-2.13623,2.189636,-1.068115,0.0,0.0,0.0
2022-09-01 11:10:24.738033+00:00,1662030624.738033,12688.51,8.276,1.00647,0.02832,0.01416,-2.105713,2.319336,-1.235962,0.0,0.0,0.0
2022-09-01 11:10:24.758271+00:00,1662030624.7582705,12688.53,8.282,1.00708,0.025635,0.01355,-2.059937,2.090454,-1.228333,0.0,0.0,0.0
2022-09-01 11:10:24.778507+00:00,1662030624.7785072,12688.55,8.27,1.00769,0.026855,0.016724,-2.120972,2.006531,-1.266479,0.0,0.0,0.0
2022-09-01 11:10:24.798780+00:00,1662030624.7987802,12688.57,8.253,1.00708,0.028931,0.018066,-2.067566,1.77002,-1.403809,0.0,0.0,0.0
2022-09-01 11:10:24.819062+00:00,1662030624.8190618,12688.59,8.262,1.005981,0.028442,0.019287,-2.067566,1.63269,-1.38855,0.0,0.0,0.0
2022-09-01 11:10:24.839310+00:00,1662030624.83931,12688.61,8.265,1.005981,0.027954,0.020752,-2.098083,1.327515,-1.403809,0.0,0.0,0.0
2022-09-01 11:10:24.859544+00:00,1662030624.859544,12688.63,8.303,1.004395,0.026855,0.018188,-2.02179,1.022339,-1.464844,0.0,0.0,0.0
2022-09-01 11:10:24.879774+00:00,1662030624.8797736,12688.65,8.282,1.005737,0.025757,0.016602,-2.128601,0.839233,-1.449585,0.0,0.0,0.0
2022-09-01 11:10:24.900010+00:00,1662030624.9000096,12688.67,8.282,1.008545,0.029419,0.010864,-2.098083,0.671387,-1.457214,0.0,0.0,0.0
2022-09-01 11:10:24.920250+00:00,1662030624.92025,12688.69,8.267,1.006714,0.027466,0.012451,-2.090454,0.564575,-1.365662,0.0,0.0,0.0
2022-09-01 11:10:24.940488+00:00,1662030624.9404879,12688.71,8.282,1.006226,0.034546,0.016235,-2.098083,0.579834,-1.312256,0.0,0.0,0.0
2022-09-01 11:10:24.960739+00:00,1662030624.9607394,12688.73,8.27,1.005371,0.032104,0.008667,-2.113342,0.602722,-1.235962,0.0,0.0,0.0
2022-09-01 11:10:24.981004+00:00,1662030624.9810042,12688.75,8.279,1.007202,0.028809,0.008423,-2.082825,0.62561,-1.235962,0.0,0.0,0.0
2022-09-01 11:10:25.001239+00:00,1662030625.0012388,12688.77,8.276,1.00415,0.032104,0.00354,-2.090454,0.778198,-1.190186,0.0,0.0,0.0
2022-09-01 11:10:25.021477+00:00,1662030625.0214767,12688.79,8.253,1.007812,0.031494,0.005493,-2.120972,1.045227,-1.060486,0.0,0.0,0.0
2022-09-01 11:10:25.041976+00:00,1662030625.0419757,12688.81,8.253,1.006348,0.029053,0.005737,-2.098083,1.243591,-1.060486,0.0,0.0,0.0
2022-09-01 11:10:25.062537+00:00,1662030625.0625374,12688.83,8.282,1.002686,0.029663,0.003784,-2.044678,1.480103,-1.00708,0.0,0.0,0.0
2022-09-01 11:10:25.083056+00:00,1662030625.083056,12688.85,8.267,1.004761,0.026855,-0.001221,-2.090454,1.731873,-0.991821,0.0,0.0,0.0
2022-09-01 11:10:25.103577+00:00,1662030625.103577,12688.87,8.256,1.005249,0.029785,0.00415,-2.128601,1.88446,-1.106262,0.0,0.0,0.0
2022-09-01 11:10:25.124089+00:00,1662030625.1240892,12688.89,8.256,1.006226,0.027832,0.003174,-2.128601,2.128601,-0.976562,0.0,0.0,0.0
2022-09-01 11:10:25.144620+00:00,1662030625.14462,12688.91,8.288,1.007935,0.028442,0.007568,-2.13623,2.250671,-1.075745,0.0,0.0,0.0
2022-09-01 11:10:25.165128+00:00,1662030625.1651282,12688.93,8.267,1.006958,0.026855,0.008545,-2.105713,2.281189,-1.113892,0.0,0.0,0.0
2022-09-01 11:10:25.185636+00:00,1662030625.1856358,12688.95,8.273,1.00708,0.027832,0.010986,-2.128601,2.204895,-1.159668,0.0,0.0,0.0
2022-09-01 11:10:25.206167+00:00,1662030625.2061665,12688.97,8.282,1.005493,0.02478,0.014526,-2.166748,2.304077,-1.182556,0.0,0.0,0.0
2022-09-01 11:10:25.226670+00:00,1662030625.22667,12688.99,8.267,1.005615,0.028809,0.015991,-2.090454,2.01416,-1.274109,0.0,0.0,0.0
2022-09-01 11:10:25.247224+00:00,1662030625.247224,12689.01,8.25,1.009033,0.027222,0.02002,-2.075195,1.937866,-1.312256,0.0,0.0,0.0
2022-09-01 11:10:25.267622+00:00,1662030625.2676215,12689.04,8.267,1.007446,0.028564,0.018555,-2.082825,1.609802,-1.38092,0.0,0.0,0.0
2022-09-01 11:10:25.287908+00:00,1662030625.2879078,12689.06,8.27,1.005859,0.028198,0.018799,-2.075195,1.350403,-1.373291,0.0,0.0,0.0
2022-09-01 11:10:25.308178+00:00,1662030625.3081784,12689.08,8.276,1.005737,0.0271,0.02063,-2.098083,1.091003,-1.38855,0.0,0.0,0.0
2022-09-01 11:10:25.328466+00:00,1662030625.3284662,12689.1,8.267,1.00647,0.029419,0.0177,-2.151489,0.88501,-1.480103,0.0,0.0,0.0
2022-09-01 11:10:25.348726+00:00,1662030625.348726,12689.12,8.288,1.008179,0.028809,0.013184,-2.113342,0.640869,-1.480103,0.0,0.0,0.0
2022-09-01 11:10:25.368989+00:00,1662030625.3689892,12689.14,8.276,1.004028,0.030396,0.016235,-2.13623,0.572205,-1.449585,0.0,0.0,0.0
2022-09-01 11:10:25.389236+00:00,1662030625.3892357,12689.16,8.27,1.004517,0.030151,0.014526,-2.090454,0.602722,-1.358032,0.0,0.0,0.0
2022-09-01 11:10:25.409503+00:00,1662030625.4095032,12689.18,8.273,1.007812,0.03064,0.011475,-2.13623,0.572205,-1.274109,0.0,0.0,0.0
2022-09-01 11:10:25.429830+00:00,1662030625.4298298,12689.2,8.265,1.008911,0.032349,0.011353,-2.128601,0.679016,-1.213074,0.0,0.0,0.0
2022-09-01 11:10:25.450104+00:00,1662030625.4501042,12689.22,8.25,1.003784,0.03186,0.009277,-2.044678,0.770569,-1.197815,0.0,0.0,0.0
2022-09-01 11:10:25.470352+00:00,1662030625.4703522,12689.24,8.27,1.005493,0.030151,0.001709,-2.059937,1.083374,-1.152039,0.0,0.0,0.0
2022-09-01 11:10:25.490595+00:00,1662030625.4905949,12689.26,8.276,1.005371,0.028687,0.001221,-2.105713,1.228333,-1.00708,0.0,0.0,0.0
2022-09-01 11:10:25.510836+00:00,1662030625.5108364,12689.28,8.27,1.006958,0.029053,0.001465,-2.105713,1.373291,-0.999451,0.0,0.0,0.0
2022-09-01 11:10:25.531492+00:00,1662030625.5314915,12689.3,8.276,1.006958,0.029053,0.004272,-2.067566,1.693726,-1.014709,0.0,0.0,0.0
2022-09-01 11:10:25.551785+00:00,1662030625.5517855,12689.32,8.267,1.008789,0.02771,0.007935,-2.14386,1.876831,-1.014709,0.0,0.0,0.0
2022-09-01 11:10:25.572074+00:00,1662030625.5720742,12689.34,8.276,1.00415,0.028442,0.005371,-2.059937,2.037048,-0.984192,0.0,0.0,0.0
2022-09-01 11:10:25.592324+00:00,1662030625.5923245,12689.36,8.273,1.007202,0.029053,0.010986,-2.113342,2.113342,-1.014709,0.0,0.0,0.0
2022-09-01 11:10:25.612583+00:00,1662030625.6125834,12689.38,8.27,1.003784,0.029663,0.010498,-2.120972,2.296448,-1.098633,0.0,0.0,0.0
2022-09-01 11:10:25.632895+00:00,1662030625.6328955,12689.4,8.267,1.006348,0.026001,0.01062,-2.13623,2.281189,-1.091003,0.0,0.0,0.0
2022-09-01 11:10:25.653177+00:00,1662030625.6531768,12689.42,8.27,1.008545,0.026489,0.01062,-2.075195,2.174377,-1.144409,0.0,0.0,0.0
2022-09-01 11:10:25.673437+00:00,1662030625.6734374,12689.44,8.276,1.006104,0.028198,0.01709,-2.082825,2.059937,-1.235962,0.0,0.0,0.0
2022-09-01 11:10:25.693751+00:00,1662030625.6937509,12689.46,8.27,1.008179,0.0271,0.014893,-2.067566,1.976013,-1.25885,0.0,0.0,0.0
2022-09-01 11:10:25.714004+00:00,1662030625.7140038,12689.48,8.27,1.006836,0.027344,0.014038,-1.998901,1.76239,-1.38092,0.0,0.0,0.0
2022-09-01 11:10:25.734305+00:00,1662030625.7343054,12689.5,8.265,1.006226,0.028931,0.015869,-2.113342,1.556396,-1.457214,0.0,0.0,0.0
2022-09-01 11:10:25.754572+00:00,1662030625.754572,12689.52,8.276,1.007324,0.028076,0.020264,-2.120972,1.296997,-1.419067,0.0,0.0,0.0
2022-09-01 11:10:25.774821+00:00,1662030625.7748208,12689.54,8.279,1.006226,0.03125,0.017822,-2.059937,0.938416,-1.449585,0.0,0.0,0.0
2022-09-01 11:10:25.795078+00:00,1662030625.7950776,12689.56,8.27,1.008423,0.029419,0.015869,-2.128601,0.808716,-1.403809,0.0,0.0,0.0
2022-09-01 11:10:25.815342+00:00,1662030625.8153424,12689.58,8.279,1.007202,0.031006,0.016846,-2.105713,0.701904,-1.403809,0.0,0.0,0.0
2022-09-01 11:10:25.835621+00:00,1662030625.8356206,12689.6,8.265,1.006592,0.032104,0.010986,-2.14386,0.518799,-1.411438,0.0,0.0,0.0
2022-09-01 11:10:25.855864+00:00,1662030625.855864,12689.62,8.262,1.008911,0.029297,0.011475,-2.029419,0.62561,-1.335144,0.0,0.0,0.0
2022-09-01 11:10:25.876104+00:00,1662030625.8761039,12689.64,8.265,1.006836,0.032471,0.013306,-2.098083,0.679016,-1.25885,0.0,0.0,0.0
2022-09-01 11:10:25.896340+00:00,1662030625.8963401,12689.66,8.276,1.007935,0.030151,0.008179,-2.098083,0.770569,-1.235962,0.0,0.0,0.0
2022-09-01 11:10:25.916577+00:00,1662030625.9165766,12689.68,8.279,1.005371,0.029907,0.004517,-2.090454,0.953674,-1.190186,0.0,0.0,0.0
2022-09-01 11:10:25.936846+00:00,1662030625.9368458,12689.7,8.285,1.007324,0.031006,0.005615,-2.13623,1.083374,-1.075745,0.0,0.0,0.0
2022-09-01 11:10:25.957094+00:00,1662030625.957094,12689.72,8.265,1.006348,0.032349,0.000366,-2.067566,1.342773,-1.00708,0.0,0.0,0.0
2022-09-01 11:10:25.977378+00:00,1662030625.9773781,12689.74,8.279,1.009644,0.027832,0.008179,-2.105713,1.495361,-1.060486,0.0,0.0,0.0
2022-09-01 11:10:25.997686+00:00,1662030625.997686,12689.77,8.279,1.005859,0.02771,0.007202,-2.090454,1.777649,-0.991821,0.0,0.0,0.0
2022-09-01 11:10:26.017994+00:00,1662030626.0179937,12689.79,8.276,1.008179,0.030273,0.006836,-2.075195,1.945496,-1.029968,0.0,0.0,0.0
2022-09-01 11:10:26.038287+00:00,1662030626.038287,12689.81,8.276,1.005981,0.028198,0.002441,-2.105713,2.159119,-1.029968,0.0,0.0,0.0
2022-09-01 11:10:26.058540+00:00,1662030626.0585399,12689.83,8.259,1.00708,0.029419,0.005615,-2.082825,2.227783,-1.014709,0.0,0.0,0.0
2022-09-01 11:10:26.078802+00:00,1662030626.0788016,12689.85,8.288,1.00769,0.028076,0.014404,-2.120972,2.250671,-1.052856,0.0,0.0,0.0
2022-09-01 11:10:26.099047+00:00,1662030626.0990467,12689.87,8.276,1.006104,0.028076,0.013672,-1.991272,2.189636,-1.12915,0.0,0.0,0.0
2022-09-01 11:10:26.119292+00:00,1662030626.119292,12689.89,8.279,1.007202,0.025391,0.01062,-2.14386,2.105713,-1.205444,0.0,0.0,0.0
2022-09-01 11:10:26.139574+00:00,1662030626.1395743,12689.91,8.276,1.006714,0.026611,0.01416,-2.105713,1.991272,-1.289368,0.0,0.0,0.0
2022-09-01 11:10:26.159823+00:00,1662030626.1598234,12689.93,8.276,1.006104,0.029419,0.014771,-2.105713,1.800537,-1.373291,0.0,0.0,0.0
2022-09-01 11:10:26.180261+00:00,1662030626.1802611,12689.95,8.27,1.006836,0.026001,0.0177,-2.006531,1.609802,-1.365662,0.0,0.0,0.0
2022-09-01 11:10:26.200538+00:00,1662030626.2005382,12689.97,8.273,1.00354,0.029297,0.018921,-2.052307,1.396179,-1.365662,0.0,0.0,0.0
2022-09-01 11:10:26.220831+00:00,1662030626.2208314,12689.99,8.288,1.007202,0.031128,0.020996,-2.13623,1.159668,-1.434326,0.0,0.0,0.0
2022-09-01 11:10:26.241090+00:00,1662030626.2410896,12690.01,8.262,1.009399,0.031982,0.022339,-2.120972,0.953674,-1.480103,0.0,0.0,0.0
2022-09-01 11:10:26.261337+00:00,1662030626.2613366,12690.03,8.291,1.005615,0.028809,0.01709,-2.105713,0.679016,-1.480103,0.0,0.0,0.0
2022-09-01 11:10:26.281582+00:00,1662030626.281582,12690.05,8.279,1.006348,0.031982,0.010742,-2.113342,0.617981,-1.38092,0.0,0.0,0.0
2022-09-01 11:10:26.301825+00:00,1662030626.3018246,12690.07,8.267,1.007202,0.028809,0.010864,-2.01416,0.648499,-1.373291,0.0,0.0,0.0
2022-09-01 11:10:26.322118+00:00,1662030626.322118,12690.09,8.267,1.006104,0.031006,0.009644,-2.120972,0.663757,-1.312256,0.0,0.0,0.0
2022-09-01 11:10:26.342368+00:00,1662030626.3423676,12690.11,8.279,1.008911,0.030396,0.010986,-2.120972,0.740051,-1.190186,0.0,0.0,0.0
2022-09-01 11:10:26.362631+00:00,1662030626.3626306,12690.13,8.279,1.007812,0.030518,0.005737,-2.044678,0.938416,-1.152039,0.0,0.0,0.0
2022-09-01 11:10:26.382933+00:00,1662030626.382933,12690.15,8.279,1.006104,0.028564,0.003906,-2.037048,1.121521,-1.060486,0.0,0.0,0.0
2022-09-01 11:10:26.403174+00:00,1662030626.4031742,12690.17,8.265,1.006348,0.02771,0.002075,-2.059937,1.274109,-0.991821,0.0,0.0,0.0
2022-09-01 11:10:26.423445+00:00,1662030626.423445,12690.19,8.276,1.004272,0.032104,0.00708,-2.082825,1.51825,-1.00708,0.0,0.0,0.0
2022-09-01 11:10:26.443684+00:00,1662030626.4436839,12690.21,8.256,1.007568,0.032104,0.003906,-2.067566,1.670837,-1.022339,0.0,0.0,0.0
2022-09-01 11:10:26.463921+00:00,1662030626.4639206,12690.23,8.262,1.005859,0.02832,0.009644,-2.090454,1.861572,-1.014709,0.0,0.0,0.0
2022-09-01 11:10:26.484171+00:00,1662030626.4841712,12690.25,8.27,1.00708,0.028931,0.007812,-2.082825,1.998901,-1.022339,0.0,0.0,0.0
2022-09-01 11:10:26.504407+00:00,1662030626.5044067,12690.27,8.273,1.006958,0.028442,0.006348,-2.044678,2.189636,-1.075745,0.0,0.0,0.0
2022-09-01 11:10:26.524693+00:00,1662030626.524693,12690.29,8.273,1.005859,0.027588,0.008179,-2.113342,2.159119,-1.083374,0.0,0.0,0.0
2022-09-01 11:10:26.544929+00:00,1662030626.544929,12690.31,8.25,1.00415,0.027954,0.012573,-2.128601,2.243042,-1.12915,0.0,0.0,0.0
2022-09-01 11:10:26.565154+00:00,1662030626.565154,12690.33,8.262,1.005615,0.027466,0.014038,-2.090454,2.166748,-1.213074,0.0,0.0,0.0
2022-09-01 11:10:26.585378+00:00,1662030626.5853784,12690.35,8.279,1.005859,0.028687,0.012207,-2.113342,1.991272,-1.274109,0.0,0.0,0.0
2022-09-01 11:10:26.605616+00:00,1662030626.6056163,12690.37,8.267,1.006104,0.026978,0.016235,-2.082825,1.831055,-1.365662,0.0,0.0,0.0
2022-09-01 11:10:26.625915+00:00,1662030626.6259146,12690.39,8.276,1.011108,0.027588,0.014282,-2.13623,1.754761,-1.365662,0.0,0.0,0.0
2022-09-01 11:10:26.646160+00:00,1662030626.6461596,12690.41,8.267,1.007446,0.025024,0.020264,-2.075195,1.487732,-1.434326,0.0,0.0,0.0
2022-09-01 11:10:26.666423+00:00,1662030626.6664226,12690.43,8.273,1.007324,0.025513,0.014893,-2.13623,1.365662,-1.38092,0.0,0.0,0.0
2022-09-01 11:10:26.686672+00:00,1662030626.6866722,12690.45,8.3,1.007324,0.029907,0.017212,-2.090454,1.068115,-1.51825,0.0,0.0,0.0
2022-09-01 11:10:26.706900+00:00,1662030626.7069,12690.47,8.253,1.003906,0.027588,0.013184,-2.13623,0.961304,-1.350403,0.0,0.0,0.0
2022-09-01 11:10:26.727154+00:00,1662030626.727154,12690.49,8.27,1.005493,0.031128,0.012207,-2.082825,0.770569,-1.396179,0.0,0.0,0.0
2022-09-01 11:10:26.747388+00:00,1662030626.747388,12690.51,8.259,1.007446,0.029785,0.012085,-2.098083,0.595093,-1.342773,0.0,0.0,0.0
2022-09-01 11:10:26.767653+00:00,1662030626.7676532,12690.54,8.276,1.008301,0.033081,0.012573,-2.059937,0.701904,-1.312256,0.0,0.0,0.0
2022-09-01 11:10:26.788289+00:00,1662030626.788289,12690.56,8.265,1.007935,0.033081,0.012329,-2.128601,0.75531,-1.289368,0.0,0.0,0.0
2022-09-01 11:10:26.808575+00:00,1662030626.8085747,12690.58,8.282,1.004883,0.031738,0.005005,-2.098083,0.87738,-1.182556,0.0,0.0,0.0
2022-09-01 11:10:26.828854+00:00,1662030626.828854,12690.6,8.27,1.007935,0.032593,0.004761,-2.113342,1.190186,-1.152039,0.0,0.0,0.0
2022-09-01 11:10:26.849110+00:00,1662030626.8491096,12690.62,8.244,1.004028,0.030151,0.006714,-2.075195,1.159668,-1.068115,0.0,0.0,0.0
2022-09-01 11:10:26.869357+00:00,1662030626.8693573,12690.64,8.27,1.008545,0.030396,0.006104,-2.082825,1.449585,-0.999451,0.0,0.0,0.0
2022-09-01 11:10:26.889619+00:00,1662030626.8896194,12690.66,8.25,1.004272,0.02832,0.005737,-2.105713,1.586914,-0.984192,0.0,0.0,0.0
2022-09-01 11:10:26.909862+00:00,1662030626.909862,12690.68,8.276,1.007812,0.02832,0.005859,-2.120972,1.724243,-0.968933,0.0,0.0,0.0
2022-09-01 11:10:26.930114+00:00,1662030626.9301143,12690.7,8.253,1.005005,0.028442,0.010132,-2.067566,1.968384,-1.014709,0.0,0.0,0.0
2022-09-01 11:10:26.950432+00:00,1662030626.9504316,12690.72,8.282,1.005371,0.029175,0.002686,-2.113342,2.075195,-0.984192,0.0,0.0,0.0
2022-09-01 11:10:26.970688+00:00,1662030626.970688,12690.74,8.291,1.006958,0.029175,0.009644,-2.044678,2.151489,-1.068115,0.0,0.0,0.0
2022-09-01 11:10:26.990933+00:00,1662030626.990933,12690.76,8.285,1.00708,0.027832,0.010986,-2.052307,2.243042,-1.091003,0.0,0.0,0.0
2022-09-01 11:10:27.011171+00:00,1662030627.0111709,12690.78,8.276,1.007568,0.024292,0.012207,-2.113342,2.14386,-1.159668,0.0,0.0,0.0
2022-09-01 11:10:27.031413+00:00,1662030627.031413,12690.8,8.27,1.006592,0.026978,0.01355,-2.159119,2.052307,-1.235962,0.0,0.0,0.0
2022-09-01 11:10:27.051668+00:00,1662030627.051668,12690.82,8.285,1.007446,0.028809,0.016602,-2.120972,1.88446,-1.243591,0.0,0.0,0.0
2022-09-01 11:10:27.071912+00:00,1662030627.071912,12690.84,8.3,1.007202,0.027466,0.018799,-2.075195,1.800537,-1.296997,0.0,0.0,0.0
2022-09-01 11:10:27.092147+00:00,1662030627.0921474,12690.86,8.267,1.006592,0.026855,0.013428,-2.14386,1.586914,-1.449585,0.0,0.0,0.0
2022-09-01 11:10:27.112386+00:00,1662030627.1123857,12690.88,8.265,1.008545,0.031738,0.018311,-2.082825,1.449585,-1.441956,0.0,0.0,0.0
2022-09-01 11:10:27.132621+00:00,1662030627.132621,12690.9,8.253,1.006714,0.030151,0.017334,-2.044678,1.167297,-1.449585,0.0,0.0,0.0
2022-09-01 11:10:27.152856+00:00,1662030627.1528563,12690.92,8.27,1.00708,0.030273,0.016968,-2.166748,0.915527,-1.419067,0.0,0.0,0.0
2022-09-01 11:10:27.173095+00:00,1662030627.1730947,12690.94,8.27,1.005737,0.029907,0.014893,-2.105713,0.816345,-1.38855,0.0,0.0,0.0
2022-09-01 11:10:27.193359+00:00,1662030627.1933591,12690.96,8.253,1.005981,0.029297,0.011475,-2.105713,0.694275,-1.365662,0.0,0.0,0.0
2022-09-01 11:10:27.213612+00:00,1662030627.2136116,12690.98,8.273,1.005127,0.032959,0.009766,-2.075195,0.663757,-1.319885,0.0,0.0,0.0
2022-09-01 11:10:27.233885+00:00,1662030627.2338846,12691.0,8.294,1.006836,0.031006,0.01062,-2.197266,0.732422,-1.25885,0.0,0.0,0.0
2022-09-01 11:10:27.254135+00:00,1662030627.254135,12691.02,8.276,1.006104,0.030518,0.011475,-2.13623,0.808716,-1.159668,0.0,0.0,0.0
2022-09-01 11:10:27.274379+00:00,1662030627.2743795,12691.04,8.247,1.006348,0.032959,0.005371,-2.067566,0.88501,-1.12915,0.0,0.0,0.0
2022-09-01 11:10:27.294728+00:00,1662030627.2947283,12691.06,8.285,1.007812,0.028564,0.008667,-2.105713,1.121521,-1.052856,0.0,0.0,0.0
2022-09-01 11:10:27.314979+00:00,1662030627.314979,12691.08,8.282,1.005127,0.031006,0.005371,-2.082825,1.335144,-0.968933,0.0,0.0,0.0
2022-09-01 11:10:27.335218+00:00,1662030627.3352177,12691.1,8.294,1.007935,0.028931,0.004883,-2.098083,1.464844,-0.968933,0.0,0.0,0.0
2022-09-01 11:10:27.355463+00:00,1662030627.355463,12691.12,8.303,1.005371,0.029663,0.004883,-2.044678,1.579285,-1.029968,0.0,0.0,0.0
2022-09-01 11:10:27.375718+00:00,1662030627.375718,12691.14,8.273,1.005005,0.029419,0.005005,-2.059937,1.831055,-1.022339,0.0,0.0,0.0
2022-09-01 11:10:27.395960+00:00,1662030627.3959596,12691.16,8.297,1.007935,0.029663,0.010132,-2.128601,1.922607,-0.953674,0.0,0.0,0.0
2022-09-01 11:10:27.416196+00:00,1662030627.4161956,12691.18,8.276,1.007446,0.028687,0.008545,-2.14386,2.075195,-1.014709,0.0,0.0,0.0
2022-09-01 11:10:27.436441+00:00,1662030627.4364414,12691.2,8.297,1.006958,0.025269,0.008423,-2.067566,2.120972,-1.083374,0.0,0.0,0.0
2022-09-01 11:10:27.454736+00:00,1662030627.4547358,12691.22,8.279,1.005859,0.027588,0.01416,-2.098083,2.082825,-1.121521,0.0,0.0,0.0
2022-09-01 11:10:27.475191+00:00,1662030627.4751914,12691.24,8.267,1.004883,0.025269,0.012695,-2.105713,1.998901,-1.205444,0.0,0.0,0.0
2022-09-01 11:10:27.495702+00:00,1662030627.4957016,12691.26,8.285,1.010132,0.026489,0.012939,-2.13623,1.976013,-1.304626,0.0,0.0,0.0
2022-09-01 11:10:27.516215+00:00,1662030627.5162146,12691.28,8.27,1.009766,0.02832,0.016846,-2.120972,1.831055,-1.342773,0.0,0.0,0.0
2022-09-01 11:10:27.536703+00:00,1662030627.5367026,12691.3,8.297,1.01062,0.029175,0.018555,-2.082825,1.655579,-1.327515,0.0,0.0,0.0
2022-09-01 11:10:27.557194+00:00,1662030627.5571945,12691.32,8.297,1.006104,0.027954,0.014893,-2.044678,1.541138,-1.373291,0.0,0.0,0.0
2022-09-01 11:10:27.577667+00:00,1662030627.5776675,12691.35,8.279,1.006714,0.030029,0.019897,-2.105713,1.235962,-1.472473,0.0,0.0,0.0
2022-09-01 11:10:27.598148+00:00,1662030627.5981476,12691.37,8.265,1.005493,0.029419,0.016479,-2.075195,0.953674,-1.449585,0.0,0.0,0.0
2022-09-01 11:10:27.618613+00:00,1662030627.6186125,12691.39,8.288,1.006714,0.029175,0.018677,-2.075195,0.915527,-1.396179,0.0,0.0,0.0
2022-09-01 11:10:27.639069+00:00,1662030627.6390686,12691.41,8.276,1.005737,0.028931,0.01123,-2.120972,0.747681,-1.38855,0.0,0.0,0.0
2022-09-01 11:10:27.659535+00:00,1662030627.659535,12691.43,8.276,1.008179,0.030396,0.007446,-2.120972,0.709534,-1.319885,0.0,0.0,0.0
2022-09-01 11:10:27.679998+00:00,1662030627.679998,12691.45,8.285,1.005371,0.030029,0.011597,-2.075195,0.694275,-1.350403,0.0,0.0,0.0
2022-09-01 11:10:27.700496+00:00,1662030627.7004957,12691.47,8.312,1.003174,0.031494,0.010864,-2.105713,0.747681,-1.220703,0.0,0.0,0.0
2022-09-01 11:10:27.721001+00:00,1662030627.7210007,12691.49,8.291,1.004883,0.032593,0.008911,-2.105713,0.88501,-1.220703,0.0,0.0,0.0
2022-09-01 11:10:27.741473+00:00,1662030627.7414727,12691.51,8.291,1.004517,0.029541,0.00354,-2.14386,1.00708,-1.174927,0.0,0.0,0.0
2022-09-01 11:10:27.761943+00:00,1662030627.7619426,12691.53,8.267,1.006226,0.028442,0.00647,-2.067566,1.243591,-1.083374,0.0,0.0,0.0
2022-09-01 11:10:27.782403+00:00,1662030627.7824028,12691.55,8.294,1.006836,0.029663,0.004028,-2.090454,1.472473,-1.052856,0.0,0.0,0.0
2022-09-01 11:10:27.802875+00:00,1662030627.8028748,12691.57,8.273,1.005859,0.028687,0.008545,-2.037048,1.548767,-1.029968,0.0,0.0,0.0
2022-09-01 11:10:27.823392+00:00,1662030627.8233922,12691.59,8.276,1.008301,0.030762,0.008667,-2.082825,1.785278,-1.014709,0.0,0.0,0.0
2022-09-01 11:10:27.843863+00:00,1662030627.8438635,12691.61,8.285,1.005493,0.029297,0.008423,-2.151489,1.907349,-0.976562,0.0,0.0,0.0
2022-09-01 11:10:27.864330+00:00,1662030627.8643298,12691.63,8.282,1.005005,0.02832,0.005371,-2.159119,2.029419,-1.014709,0.0,0.0,0.0
2022-09-01 11:10:27.884793+00:00,1662030627.8847928,12691.65,8.288,1.00415,0.025391,0.008789,-2.075195,2.113342,-1.045227,0.0,0.0,0.0
2022-09-01 11:10:27.905258+00:00,1662030627.9052582,12691.67,8.262,1.005981,0.02832,0.013062,-2.151489,2.098083,-1.13678,0.0,0.0,0.0
2022-09-01 11:10:27.925713+00:00,1662030627.9257126,12691.69,8.256,1.005249,0.028564,0.011963,-2.082825,1.983643,-1.205444,0.0,0.0,0.0
2022-09-01 11:10:27.946168+00:00,1662030627.9461677,12691.71,8.276,1.009521,0.027588,0.014648,-2.105713,1.960754,-1.228333,0.0,0.0,0.0
2022-09-01 11:10:27.966650+00:00,1662030627.96665,12691.73,8.279,1.007568,0.025757,0.019165,-2.14386,1.846313,-1.243591,0.0,0.0,0.0
2022-09-01 11:10:27.987102+00:00,1662030627.9871018,12691.75,8.282,1.00647,0.025513,0.019165,-2.067566,1.823425,-1.373291,0.0,0.0,0.0
2022-09-01 11:10:28.007558+00:00,1662030628.0075583,12691.78,8.253,1.006104,0.029541,0.01709,-2.090454,1.472473,-1.411438,0.0,0.0,0.0
2022-09-01 11:10:28.028056+00:00,1662030628.0280557,12691.8,8.276,1.00769,0.0271,0.018433,-2.120972,1.243591,-1.426697,0.0,0.0,0.0
2022-09-01 11:10:28.050888+00:00,1662030628.0508878,12691.82,8.276,1.004272,0.030273,0.016113,-2.075195,1.083374,-1.480103,0.0,0.0,0.0
2022-09-01 11:10:28.069239+00:00,1662030628.069239,12691.84,8.297,1.006592,0.032227,0.017456,-2.13623,0.946045,-1.457214,0.0,0.0,0.0
2022-09-01 11:10:28.089723+00:00,1662030628.0897226,12691.86,8.276,1.005981,0.029785,0.012939,-2.14386,0.87738,-1.434326,0.0,0.0,0.0
2022-09-01 11:10:28.110197+00:00,1662030628.1101968,12691.88,8.291,1.00769,0.028198,0.015869,-2.059937,0.793457,-1.38092,0.0,0.0,0.0
2022-09-01 11:10:28.130666+00:00,1662030628.1306663,12691.9,8.276,1.009033,0.030029,0.01355,-2.105713,0.732422,-1.358032,0.0,0.0,0.0
2022-09-01 11:10:28.153170+00:00,1662030628.1531696,12691.92,8.285,1.008545,0.031372,0.010132,-2.113342,0.785828,-1.296997,0.0,0.0,0.0
2022-09-01 11:10:28.171491+00:00,1662030628.1714907,12691.94,8.285,1.006714,0.030396,0.005005,-2.075195,0.88501,-1.182556,0.0,0.0,0.0
2022-09-01 11:10:28.191988+00:00,1662030628.1919882,12691.96,8.303,1.005981,0.029785,0.004395,-2.159119,0.968933,-1.113892,0.0,0.0,0.0
2022-09-01 11:10:28.212517+00:00,1662030628.212517,12691.98,8.279,1.006226,0.030029,0.011108,-2.075195,1.281738,-1.045227,0.0,0.0,0.0
2022-09-01 11:10:28.233025+00:00,1662030628.2330246,12692.0,8.291,1.007568,0.032471,0.005127,-2.105713,1.358032,-1.029968,0.0,0.0,0.0
2022-09-01 11:10:28.253502+00:00,1662030628.2535021,12692.02,8.285,1.004395,0.030762,0.0,-2.082825,1.541138,-1.00708,0.0,0.0,0.0
2022-09-01 11:10:28.273973+00:00,1662030628.2739727,12692.04,8.3,1.00708,0.026489,0.009888,-2.090454,1.785278,-1.029968,0.0,0.0,0.0
2022-09-01 11:10:28.296490+00:00,1662030628.2964904,12692.06,8.285,1.007935,0.029419,0.010132,-2.13623,1.754761,-1.029968,0.0,0.0,0.0
2022-09-01 11:10:28.314806+00:00,1662030628.3148065,12692.08,8.273,1.004761,0.027954,0.006226,-2.189636,1.983643,-0.991821,0.0,0.0,0.0
2022-09-01 11:10:28.335318+00:00,1662030628.335318,12692.1,8.288,1.006714,0.027588,0.011108,-2.151489,1.983643,-1.060486,0.0,0.0,0.0
2022-09-01 11:10:28.355823+00:00,1662030628.3558228,12692.12,8.279,1.007812,0.028931,0.013428,-2.082825,2.105713,-1.12915,0.0,0.0,0.0
2022-09-01 11:10:28.376288+00:00,1662030628.3762882,12692.14,8.267,1.00769,0.026611,0.016357,-2.120972,2.029419,-1.182556,0.0,0.0,0.0
2022-09-01 11:10:28.396751+00:00,1662030628.396751,12692.16,8.279,1.005249,0.029541,0.012817,-2.113342,2.067566,-1.213074,0.0,0.0,0.0
2022-09-01 11:10:28.417215+00:00,1662030628.4172149,12692.18,8.291,1.005371,0.027954,0.015625,-2.090454,1.89209,-1.25885,0.0,0.0,0.0
2022-09-01 11:10:28.437759+00:00,1662030628.4377592,12692.21,8.267,1.007568,0.025635,0.020996,-2.082825,1.77002,-1.350403,0.0,0.0,0.0
2022-09-01 11:10:28.458269+00:00,1662030628.4582686,12692.23,8.279,1.007812,0.028442,0.01709,-2.059937,1.51062,-1.373291,0.0,0.0,0.0
2022-09-01 11:10:28.478875+00:00,1662030628.4788754,12692.25,8.279,1.005859,0.028198,0.018311,-2.082825,1.327515,-1.434326,0.0,0.0,0.0
2022-09-01 11:10:28.501895+00:00,1662030628.5018952,12692.27,8.27,1.005371,0.030762,0.0177,-2.067566,1.228333,-1.411438,0.0,0.0,0.0
2022-09-01 11:10:28.522884+00:00,1662030628.5228841,12692.29,8.288,1.004517,0.026978,0.014282,-2.098083,1.029968,-1.487732,0.0,0.0,0.0
2022-09-01 11:10:28.541750+00:00,1662030628.54175,12692.31,8.297,1.004028,0.031616,0.016113,-2.044678,0.839233,-1.426697,0.0,0.0,0.0
2022-09-01 11:10:28.562220+00:00,1662030628.5622203,12692.33,8.279,1.005127,0.031006,0.012695,-2.128601,0.747681,-1.342773,0.0,0.0,0.0
2022-09-01 11:10:28.580394+00:00,1662030628.5803936,12692.35,8.267,1.005859,0.030396,0.009888,-2.082825,0.762939,-1.266479,0.0,0.0,0.0
2022-09-01 11:10:28.600581+00:00,1662030628.6005812,12692.37,8.288,1.007324,0.029419,0.012085,-2.120972,0.839233,-1.304626,0.0,0.0,0.0
2022-09-01 11:10:28.620748+00:00,1662030628.6207478,12692.39,8.288,1.007446,0.031006,0.013428,-2.105713,0.869751,-1.289368,0.0,0.0,0.0
2022-09-01 11:10:28.642314+00:00,1662030628.642314,12692.41,8.27,1.005371,0.03064,0.007324,-2.13623,0.953674,-1.144409,0.0,0.0,0.0
2022-09-01 11:10:28.663223+00:00,1662030628.663223,12692.43,8.273,1.005249,0.027344,0.009277,-2.105713,1.266479,-1.121521,0.0,0.0,0.0
2022-09-01 11:10:28.684116+00:00,1662030628.6841161,12692.45,8.288,1.004517,0.029663,0.003174,-2.120972,1.411438,-0.991821,0.0,0.0,0.0
2022-09-01 11:10:28.705029+00:00,1662030628.7050295,12692.47,8.279,1.007935,0.029175,0.003784,-2.113342,1.487732,-1.060486,0.0,0.0,0.0
2022-09-01 11:10:28.725916+00:00,1662030628.7259164,12692.49,8.265,1.005493,0.029175,0.006348,-2.120972,1.647949,-0.999451,0.0,0.0,0.0
2022-09-01 11:10:28.747624+00:00,1662030628.7476237,12692.52,8.276,1.006592,0.02832,0.002686,-2.120972,1.838684,-0.968933,0.0,0.0,0.0
2022-09-01 11:10:28.768167+00:00,1662030628.7681673,12692.54,8.27,1.005859,0.029907,0.005981,-2.052307,1.907349,-1.014709,0.0,0.0,0.0
2022-09-01 11:10:28.788667+00:00,1662030628.788667,12692.56,8.288,1.007812,0.027588,0.006958,-2.075195,2.120972,-1.052856,0.0,0.0,0.0
2022-09-01 11:10:28.809142+00:00,1662030628.809142,12692.58,8.267,1.006592,0.026611,0.011108,-2.128601,2.044678,-1.113892,0.0,0.0,0.0
2022-09-01 11:10:28.829617+00:00,1662030628.8296173,12692.6,8.273,1.00769,0.0271,0.011963,-2.082825,2.075195,-1.190186,0.0,0.0,0.0
2022-09-01 11:10:28.850086+00:00,1662030628.850086,12692.62,8.291,1.005127,0.028198,0.014526,-2.052307,1.953125,-1.319885,0.0,0.0,0.0
2022-09-01 11:10:28.870553+00:00,1662030628.8705533,12692.64,8.27,1.008301,0.024658,0.013672,-2.067566,1.831055,-1.289368,0.0,0.0,0.0
2022-09-01 11:10:28.891017+00:00,1662030628.891017,12692.66,8.297,1.007568,0.026245,0.016357,-2.13623,1.686096,-1.327515,0.0,0.0,0.0
2022-09-01 11:10:28.911473+00:00,1662030628.9114728,12692.68,8.282,1.008667,0.027832,0.0177,-2.090454,1.602173,-1.426697,0.0,0.0,0.0
2022-09-01 11:10:28.931930+00:00,1662030628.9319298,12692.7,8.297,1.005127,0.028564,0.015137,-2.120972,1.38092,-1.426697,0.0,0.0,0.0
2022-09-01 11:10:28.952421+00:00,1662030628.9524207,12692.72,8.282,1.006226,0.028687,0.016357,-2.120972,1.13678,-1.426697,0.0,0.0,0.0
2022-09-01 11:10:28.972896+00:00,1662030628.972896,12692.74,8.253,1.006592,0.030029,0.012695,-2.082825,0.999451,-1.449585,0.0,0.0,0.0
2022-09-01 11:10:28.993406+00:00,1662030628.9934056,12692.76,8.25,1.006836,0.029297,0.01416,-2.098083,0.953674,-1.426697,0.0,0.0,0.0
2022-09-01 11:10:29.013892+00:00,1662030629.0138917,12692.78,8.282,1.008179,0.03125,0.009888,-2.082825,0.854492,-1.403809,0.0,0.0,0.0
2022-09-01 11:10:29.034395+00:00,1662030629.0343955,12692.8,8.279,1.00769,0.03064,0.01001,-2.098083,0.762939,-1.358032,0.0,0.0,0.0
2022-09-01 11:10:29.054904+00:00,1662030629.054904,12692.82,8.276,1.007446,0.028442,0.009644,-2.044678,0.87738,-1.274109,0.0,0.0,0.0
2022-09-01 11:10:29.075373+00:00,1662030629.0753732,12692.84,8.259,1.005249,0.031616,0.009521,-2.098083,0.808716,-1.205444,0.0,0.0,0.0
2022-09-01 11:10:29.095819+00:00,1662030629.0958195,12692.86,8.262,1.004761,0.033081,0.005249,-2.151489,1.00708,-1.243591,0.0,0.0,0.0
2022-09-01 11:10:29.116277+00:00,1662030629.1162775,12692.88,8.276,1.00415,0.031616,0.00415,-2.082825,1.113892,-1.12915,0.0,0.0,0.0
2022-09-01 11:10:29.136763+00:00,1662030629.1367626,12692.9,8.267,1.007446,0.030396,0.006348,-2.037048,1.38855,-1.068115,0.0,0.0,0.0
2022-09-01 11:10:29.157226+00:00,1662030629.1572256,12692.92,8.276,1.007446,0.028931,0.006958,-2.059937,1.419067,-1.091003,0.0,0.0,0.0
2022-09-01 11:10:29.177700+00:00,1662030629.1776996,12692.95,8.276,1.00708,0.028931,0.011597,-2.13623,1.655579,-1.00708,0.0,0.0,0.0
2022-09-01 11:10:29.198195+00:00,1662030629.1981945,12692.97,8.267,1.007324,0.029053,0.005981,-2.067566,1.88446,-1.060486,0.0,0.0,0.0
2022-09-01 11:10:29.218665+00:00,1662030629.2186646,12692.99,8.27,1.004395,0.028564,0.011841,-2.067566,1.861572,-1.029968,0.0,0.0,0.0
2022-09-01 11:10:29.239131+00:00,1662030629.2391315,12693.01,8.27,1.005615,0.028687,0.008545,-2.13623,1.976013,-1.121521,0.0,0.0,0.0
2022-09-01 11:10:29.259601+00:00,1662030629.2596014,12693.03,8.267,1.008057,0.029175,0.009277,-2.059937,2.13623,-1.091003,0.0,0.0,0.0
2022-09-01 11:10:29.280064+00:00,1662030629.2800643,12693.05,8.279,1.00647,0.029175,0.017822,-2.105713,2.044678,-1.12915,0.0,0.0,0.0
2022-09-01 11:10:29.300541+00:00,1662030629.3005412,12693.07,8.279,1.008301,0.026489,0.011841,-2.052307,2.067566,-1.25885,0.0,0.0,0.0
2022-09-01 11:10:29.321295+00:00,1662030629.321295,12693.09,8.27,1.006226,0.027954,0.013306,-2.105713,1.968384,-1.266479,0.0,0.0,0.0
2022-09-01 11:10:29.343886+00:00,1662030629.3438864,12693.11,8.267,1.009277,0.029541,0.013916,-2.105713,1.686096,-1.327515,0.0,0.0,0.0
2022-09-01 11:10:29.362243+00:00,1662030629.3622434,12693.13,8.262,1.008301,0.027588,0.014771,-2.029419,1.602173,-1.396179,0.0,0.0,0.0
2022-09-01 11:10:29.382757+00:00,1662030629.3827574,12693.15,8.276,1.007324,0.028198,0.0177,-2.052307,1.419067,-1.487732,0.0,0.0,0.0
2022-09-01 11:10:29.403226+00:00,1662030629.4032257,12693.17,8.27,1.005615,0.026367,0.022339,-2.151489,1.182556,-1.434326,0.0,0.0,0.0
2022-09-01 11:10:29.423684+00:00,1662030629.423684,12693.19,8.262,1.006714,0.028442,0.018677,-2.120972,1.068115,-1.411438,0.0,0.0,0.0
2022-09-01 11:10:29.444150+00:00,1662030629.4441504,12693.21,8.282,1.007202,0.03064,0.015381,-2.037048,0.968933,-1.472473,0.0,0.0,0.0
2022-09-01 11:10:29.464653+00:00,1662030629.4646528,12693.23,8.27,1.007935,0.029907,0.013672,-2.120972,0.862122,-1.419067,0.0,0.0,0.0
2022-09-01 11:10:29.485204+00:00,1662030629.4852037,12693.25,8.265,1.00708,0.029907,0.011353,-2.182007,0.831604,-1.373291,0.0,0.0,0.0
2022-09-01 11:10:29.505686+00:00,1662030629.5056863,12693.27,8.279,1.004517,0.03064,0.011597,-2.159119,0.854492,-1.312256,0.0,0.0,0.0
2022-09-01 11:10:29.526168+00:00,1662030629.5261683,12693.29,8.279,1.006714,0.031616,0.008301,-2.212524,0.869751,-1.213074,0.0,0.0,0.0
2022-09-01 11:10:29.546708+00:00,1662030629.5467079,12693.31,8.265,1.007812,0.030762,0.009888,-2.029419,0.961304,-1.213074,0.0,0.0,0.0
2022-09-01 11:10:29.567171+00:00,1662030629.5671713,12693.33,8.288,1.006836,0.032349,0.008057,-2.044678,1.197815,-1.106262,0.0,0.0,0.0
2022-09-01 11:10:29.587692+00:00,1662030629.5876925,12693.36,8.276,1.00769,0.029175,0.00293,-2.13623,1.335144,-1.029968,0.0,0.0,0.0
2022-09-01 11:10:29.608179+00:00,1662030629.6081786,12693.38,8.285,1.006836,0.032715,0.002686,-2.090454,1.449585,-1.052856,0.0,0.0,0.0
2022-09-01 11:10:29.628671+00:00,1662030629.6286712,12693.4,8.273,1.008423,0.029785,0.007812,-2.120972,1.495361,-1.022339,0.0,0.0,0.0
2022-09-01 11:10:29.649143+00:00,1662030629.6491435,12693.42,8.27,1.008057,0.028564,0.009644,-2.14386,1.754761,-1.068115,0.0,0.0,0.0
2022-09-01 11:10:29.669618+00:00,1662030629.6696181,12693.44,8.288,1.005859,0.0271,0.012573,-2.044678,1.899719,-1.029968,0.0,0.0,0.0
2022-09-01 11:10:29.690089+00:00,1662030629.6900892,12693.46,8.303,1.005005,0.025513,0.007324,-2.067566,2.067566,-1.037598,0.0,0.0,0.0
2022-09-01 11:10:29.710551+00:00,1662030629.7105508,12693.48,8.27,1.008789,0.027344,0.012207,-2.037048,1.998901,-1.075745,0.0,0.0,0.0
2022-09-01 11:10:29.731014+00:00,1662030629.7310143,12693.5,8.27,1.005981,0.028931,0.011719,-2.13623,1.998901,-1.091003,0.0,0.0,0.0
2022-09-01 11:10:29.753671+00:00,1662030629.753671,12693.52,8.265,1.004028,0.028687,0.013672,-2.105713,1.876831,-1.228333,0.0,0.0,0.0
2022-09-01 11:10:29.772006+00:00,1662030629.7720058,12693.54,8.282,1.008057,0.026733,0.012573,-2.075195,1.823425,-1.251221,0.0,0.0,0.0
2022-09-01 11:10:29.792468+00:00,1662030629.7924676,12693.56,8.27,1.005615,0.027954,0.016602,-2.105713,1.785278,-1.396179,0.0,0.0,0.0
2022-09-01 11:10:29.812930+00:00,1662030629.8129299,12693.58,8.279,1.004639,0.02832,0.01709,-2.082825,1.63269,-1.365662,0.0,0.0,0.0
2022-09-01 11:10:29.833409+00:00,1662030629.8334086,12693.6,8.273,1.006714,0.030273,0.01416,-2.120972,1.502991,-1.403809,0.0,0.0,0.0
2022-09-01 11:10:29.853872+00:00,1662030629.8538723,12693.62,8.285,1.011597,0.028076,0.015015,-2.059937,1.197815,-1.38092,0.0,0.0,0.0
2022-09-01 11:10:29.874333+00:00,1662030629.8743331,12693.64,8.282,1.006714,0.030884,0.016602,-2.159119,1.106262,-1.449585,0.0,0.0,0.0
2022-09-01 11:10:29.894793+00:00,1662030629.8947926,12693.66,8.3,1.007568,0.028564,0.013428,-2.059937,0.953674,-1.472473,0.0,0.0,0.0
2022-09-01 11:10:29.915246+00:00,1662030629.915246,12693.68,8.282,1.005981,0.029053,0.017456,-2.067566,0.88501,-1.38855,0.0,0.0,0.0
2022-09-01 11:10:29.935715+00:00,1662030629.935715,12693.7,8.288,1.005493,0.028809,0.01355,-2.13623,0.831604,-1.342773,0.0,0.0,0.0
2022-09-01 11:10:29.956214+00:00,1662030629.956214,12693.72,8.276,1.00708,0.029053,0.013672,-2.059937,0.854492,-1.365662,0.0,0.0,0.0
2022-09-01 11:10:29.976718+00:00,1662030629.9767177,12693.74,8.267,1.007202,0.032349,0.006592,-2.098083,0.88501,-1.25885,0.0,0.0,0.0
2022-09-01 11:10:29.997185+00:00,1662030629.9971855,12693.76,8.294,1.005981,0.030762,0.008423,-2.166748,0.991821,-1.159668,0.0,0.0,0.0
2022-09-01 11:10:30.017647+00:00,1662030630.0176466,12693.79,8.297,1.006714,0.030273,0.006592,-2.098083,1.113892,-1.121521,0.0,0.0,0.0
2022-09-01 11:10:30.038116+00:00,1662030630.0381157,12693.81,8.291,1.005249,0.030762,0.004028,-2.166748,1.235962,-1.083374,0.0,0.0,0.0
2022-09-01 11:10:30.058580+00:00,1662030630.0585804,12693.83,8.285,1.005981,0.03064,0.006714,-2.067566,1.358032,-1.083374,0.0,0.0,0.0
2022-09-01 11:10:30.079104+00:00,1662030630.079104,12693.85,8.262,1.004028,0.032227,0.005615,-2.113342,1.594543,-1.022339,0.0,0.0,0.0
2022-09-01 11:10:30.099564+00:00,1662030630.099564,12693.87,8.294,1.006958,0.028931,0.008301,-2.029419,1.731873,-0.984192,0.0,0.0,0.0
2022-09-01 11:10:30.120021+00:00,1662030630.120021,12693.89,8.276,1.008545,0.030151,0.004639,-2.052307,1.815796,-0.968933,0.0,0.0,0.0
2022-09-01 11:10:30.140474+00:00,1662030630.140474,12693.91,8.276,1.004272,0.028564,0.011719,-2.090454,1.907349,-1.052856,0.0,0.0,0.0
2022-09-01 11:10:30.160945+00:00,1662030630.1609454,12693.93,8.294,1.005249,0.030518,0.01062,-2.044678,1.998901,-1.098633,0.0,0.0,0.0
2022-09-01 11:10:30.181438+00:00,1662030630.1814382,12693.95,8.276,1.007202,0.027832,0.009644,-2.13623,1.953125,-1.083374,0.0,0.0,0.0
2022-09-01 11:10:30.201906+00:00,1662030630.201906,12693.97,8.282,1.008789,0.0271,0.010864,-2.090454,1.876831,-1.190186,0.0,0.0,0.0
2022-09-01 11:10:30.222397+00:00,1662030630.2223969,12693.99,8.282,1.009033,0.027344,0.013672,-2.098083,1.838684,-1.235962,0.0,0.0,0.0
2022-09-01 11:10:30.242898+00:00,1662030630.242898,12694.01,8.259,1.006836,0.025269,0.015503,-2.128601,1.747131,-1.342773,0.0,0.0,0.0
2022-09-01 11:10:30.265402+00:00,1662030630.2654023,12694.03,8.265,1.00708,0.027832,0.019897,-2.128601,1.556396,-1.38855,0.0,0.0,0.0
2022-09-01 11:10:30.283705+00:00,1662030630.2837052,12694.05,8.282,1.008179,0.0271,0.01416,-2.082825,1.480103,-1.426697,0.0,0.0,0.0
2022-09-01 11:10:30.304166+00:00,1662030630.3041658,12694.07,8.279,1.00647,0.02832,0.015015,-2.090454,1.304626,-1.480103,0.0,0.0,0.0
2022-09-01 11:10:30.324622+00:00,1662030630.3246222,12694.09,8.267,1.007202,0.030029,0.018677,-2.044678,1.152039,-1.495361,0.0,0.0,0.0
2022-09-01 11:10:30.345119+00:00,1662030630.3451185,12694.11,8.265,1.008545,0.0271,0.014282,-2.059937,1.068115,-1.396179,0.0,0.0,0.0
2022-09-01 11:10:30.365618+00:00,1662030630.3656178,12694.13,8.282,1.003784,0.030151,0.015137,-2.052307,1.029968,-1.464844,0.0,0.0,0.0
2022-09-01 11:10:30.386071+00:00,1662030630.3860714,12694.15,8.297,1.00708,0.030884,0.015259,-2.029419,0.854492,-1.38092,0.0,0.0,0.0
2022-09-01 11:10:30.406532+00:00,1662030630.4065318,12694.17,8.273,1.004395,0.028564,0.008667,-2.037048,0.869751,-1.365662,0.0,0.0,0.0
2022-09-01 11:10:30.426984+00:00,1662030630.4269843,12694.19,8.294,1.003906,0.029785,0.010864,-2.082825,0.88501,-1.266479,0.0,0.0,0.0
2022-09-01 11:10:30.447438+00:00,1662030630.4474382,12694.22,8.285,1.006348,0.032104,0.009033,-2.113342,1.037598,-1.182556,0.0,0.0,0.0
2022-09-01 11:10:30.469948+00:00,1662030630.4699476,12694.24,8.282,1.00647,0.029053,0.008179,-2.113342,1.182556,-1.106262,0.0,0.0,0.0
2022-09-01 11:10:30.488245+00:00,1662030630.4882455,12694.26,8.291,1.006104,0.031372,0.008667,-2.128601,1.228333,-1.060486,0.0,0.0,0.0
2022-09-01 11:10:30.508708+00:00,1662030630.508708,12694.28,8.288,1.006714,0.031372,0.002075,-2.174377,1.434326,-1.029968,0.0,0.0,0.0
2022-09-01 11:10:30.529174+00:00,1662030630.529174,12694.3,8.256,1.006592,0.027466,0.005615,-2.105713,1.564026,-1.00708,0.0,0.0,0.0
2022-09-01 11:10:30.549675+00:00,1662030630.549675,12694.32,8.273,1.008911,0.030396,0.00647,-2.14386,1.739502,-0.961304,0.0,0.0,0.0
2022-09-01 11:10:30.570161+00:00,1662030630.5701609,12694.34,8.294,1.006104,0.030029,0.009766,-2.098083,1.853943,-1.060486,0.0,0.0,0.0
2022-09-01 11:10:30.592959+00:00,1662030630.5929587,12694.36,8.259,1.00647,0.028687,0.005249,-2.044678,1.907349,-0.984192,0.0,0.0,0.0
2022-09-01 11:10:30.611301+00:00,1662030630.611301,12694.38,8.265,1.007446,0.028198,0.012939,-2.120972,1.945496,-1.106262,0.0,0.0,0.0
2022-09-01 11:10:30.631775+00:00,1662030630.6317747,12694.4,8.276,1.00647,0.026611,0.013916,-2.090454,2.006531,-1.075745,0.0,0.0,0.0
2022-09-01 11:10:30.652255+00:00,1662030630.6522553,12694.42,8.282,1.008301,0.025024,0.015991,-2.14386,1.922607,-1.190186,0.0,0.0,0.0
2022-09-01 11:10:30.674758+00:00,1662030630.6747584,12694.44,8.27,1.005981,0.025269,0.013794,-2.082825,1.853943,-1.266479,0.0,0.0,0.0
2022-09-01 11:10:30.693081+00:00,1662030630.693081,12694.46,8.294,1.005127,0.028198,0.018677,-2.090454,1.739502,-1.289368,0.0,0.0,0.0
2022-09-01 11:10:30.713547+00:00,1662030630.7135472,12694.48,8.279,1.007324,0.026978,0.012939,-2.159119,1.63269,-1.373291,0.0,0.0,0.0
2022-09-01 11:10:30.734037+00:00,1662030630.7340372,12694.5,8.288,1.004761,0.027832,0.015869,-2.128601,1.480103,-1.373291,0.0,0.0,0.0
2022-09-01 11:10:30.754572+00:00,1662030630.754572,12694.52,8.273,1.00647,0.02771,0.013184,-2.14386,1.396179,-1.434326,0.0,0.0,0.0
2022-09-01 11:10:30.775048+00:00,1662030630.7750478,12694.54,8.3,1.006958,0.028931,0.013184,-2.052307,1.12915,-1.457214,0.0,0.0,0.0
2022-09-01 11:10:30.795518+00:00,1662030630.7955177,12694.56,8.288,1.006714,0.030762,0.007812,-2.029419,1.098633,-1.426697,0.0,0.0,0.0
2022-09-01 11:10:30.815985+00:00,1662030630.815985,12694.58,8.279,1.009277,0.029907,0.018555,-2.105713,1.00708,-1.472473,0.0,0.0,0.0
2022-09-01 11:10:30.838540+00:00,1662030630.8385403,12694.61,8.3,1.005737,0.029297,0.011597,-2.105713,0.846863,-1.327515,0.0,0.0,0.0
2022-09-01 11:10:30.857091+00:00,1662030630.8570912,12694.62,8.279,1.007935,0.030273,0.010498,-2.052307,0.87738,-1.350403,0.0,0.0,0.0
2022-09-01 11:10:30.878142+00:00,1662030630.8781419,12694.65,8.267,1.009033,0.030029,0.008789,-2.113342,0.999451,-1.251221,0.0,0.0,0.0
2022-09-01 11:10:30.899146+00:00,1662030630.8991458,12694.67,8.285,1.005859,0.030884,0.010254,-2.067566,1.022339,-1.182556,0.0,0.0,0.0
2022-09-01 11:10:30.920117+00:00,1662030630.920117,12694.69,8.276,1.006348,0.031006,0.009033,-2.166748,1.13678,-1.098633,0.0,0.0,0.0
2022-09-01 11:10:30.941099+00:00,1662030630.9410994,12694.71,8.276,1.005981,0.029419,0.008179,-2.105713,1.319885,-1.060486,0.0,0.0,0.0
2022-09-01 11:10:30.962080+00:00,1662030630.9620802,12694.73,8.294,1.006104,0.03064,0.009888,-2.166748,1.327515,-1.029968,0.0,0.0,0.0
2022-09-01 11:10:30.983040+00:00,1662030630.98304,12694.75,8.3,1.005737,0.032471,0.007568,-2.113342,1.502991,-1.022339,0.0,0.0,0.0
2022-09-01 11:10:31.004025+00:00,1662030631.0040247,12694.77,8.276,1.006958,0.029175,0.00708,-2.098083,1.625061,-1.068115,0.0,0.0,0.0
2022-09-01 11:10:31.024600+00:00,1662030631.0246003,12694.79,8.279,1.005371,0.028442,0.008179,-2.13623,1.747131,-0.976562,0.0,0.0,0.0
2022-09-01 11:10:31.045108+00:00,1662030631.0451083,12694.81,8.27,1.006226,0.030884,0.007568,-2.113342,1.907349,-1.091003,0.0,0.0,0.0
2022-09-01 11:10:31.065569+00:00,1662030631.0655687,12694.83,8.265,1.004639,0.02771,0.011963,-2.098083,1.953125,-1.060486,0.0,0.0,0.0
2022-09-01 11:10:31.086029+00:00,1662030631.0860293,12694.85,8.282,1.007324,0.025513,0.011719,-2.151489,1.89209,-1.144409,0.0,0.0,0.0
2022-09-01 11:10:31.106489+00:00,1662030631.1064894,12694.87,8.273,1.003296,0.025269,0.013306,-2.182007,1.937866,-1.174927,0.0,0.0,0.0
2022-09-01 11:10:31.126945+00:00,1662030631.1269448,12694.89,8.27,1.009277,0.027954,0.016602,-2.113342,1.800537,-1.281738,0.0,0.0,0.0
2022-09-01 11:10:31.147440+00:00,1662030631.1474397,12694.92,8.291,1.008057,0.029053,0.015137,-2.082825,1.655579,-1.304626,0.0,0.0,0.0
2022-09-01 11:10:31.169969+00:00,1662030631.1699693,12694.94,8.276,1.00708,0.029053,0.010498,-2.151489,1.602173,-1.373291,0.0,0.0,0.0
2022-09-01 11:10:31.188305+00:00,1662030631.188305,12694.96,8.288,1.005859,0.027344,0.016846,-2.059937,1.464844,-1.426697,0.0,0.0,0.0
2022-09-01 11:10:31.208805+00:00,1662030631.2088046,12694.98,8.3,1.006348,0.026855,0.012939,-2.13623,1.350403,-1.457214,0.0,0.0,0.0
2022-09-01 11:10:31.229262+00:00,1662030631.2292624,12695.0,8.282,1.00708,0.030151,0.016479,-2.075195,1.281738,-1.426697,0.0,0.0,0.0
2022-09-01 11:10:31.249729+00:00,1662030631.2497294,12695.02,8.285,1.005493,0.029907,0.015625,-2.082825,1.098633,-1.457214,0.0,0.0,0.0
2022-09-01 11:10:31.270200+00:00,1662030631.2701998,12695.04,8.273,1.00769,0.031616,0.013794,-2.128601,0.991821,-1.426697,0.0,0.0,0.0
2022-09-01 11:10:31.290662+00:00,1662030631.290662,12695.06,8.276,1.004395,0.029419,0.014648,-2.14386,0.961304,-1.38855,0.0,0.0,0.0
2022-09-01 11:10:31.311117+00:00,1662030631.3111174,12695.08,8.288,1.007935,0.030273,0.010132,-2.052307,0.930786,-1.327515,0.0,0.0,0.0
2022-09-01 11:10:31.331569+00:00,1662030631.3315694,12695.1,8.291,1.007812,0.030762,0.01416,-2.151489,0.900269,-1.296997,0.0,0.0,0.0
2022-09-01 11:10:31.352022+00:00,1662030631.352022,12695.12,8.253,1.005005,0.032837,0.012329,-2.13623,0.976562,-1.174927,0.0,0.0,0.0
2022-09-01 11:10:31.372483+00:00,1662030631.3724833,12695.14,8.306,1.005737,0.032837,0.008789,-2.14386,1.091003,-1.159668,0.0,0.0,0.0
2022-09-01 11:10:31.392937+00:00,1662030631.3929372,12695.16,8.285,1.00293,0.029541,0.004639,-2.105713,1.235962,-1.060486,0.0,0.0,0.0
2022-09-01 11:10:31.413414+00:00,1662030631.4134142,12695.18,8.273,1.004761,0.0271,0.006592,-2.197266,1.335144,-1.029968,0.0,0.0,0.0
2022-09-01 11:10:31.433901+00:00,1662030631.4339013,12695.2,8.309,1.006104,0.028442,0.006836,-2.120972,1.51062,-1.037598,0.0,0.0,0.0
2022-09-01 11:10:31.454364+00:00,1662030631.4543636,12695.22,8.291,1.006714,0.030396,0.010254,-2.098083,1.541138,-0.946045,0.0,0.0,0.0
2022-09-01 11:10:31.474824+00:00,1662030631.474824,12695.24,8.276,1.009277,0.028687,0.008179,-2.090454,1.754761,-0.999451,0.0,0.0,0.0
2022-09-01 11:10:31.495303+00:00,1662030631.4953032,12695.26,8.288,1.006104,0.029175,0.006714,-2.105713,1.838684,-1.00708,0.0,0.0,0.0
2022-09-01 11:10:31.515862+00:00,1662030631.515862,12695.28,8.294,1.006104,0.029175,0.009399,-2.128601,1.907349,-1.052856,0.0,0.0,0.0
2022-09-01 11:10:31.536337+00:00,1662030631.5363367,12695.3,8.27,1.006958,0.027344,0.012573,-2.120972,1.899719,-1.075745,0.0,0.0,0.0
2022-09-01 11:10:31.556798+00:00,1662030631.5567982,12695.32,8.265,1.006104,0.029053,0.01355,-2.174377,1.899719,-1.106262,0.0,0.0,0.0
2022-09-01 11:10:31.577252+00:00,1662030631.5772517,12695.34,8.285,1.008179,0.02478,0.016968,-2.105713,1.846313,-1.281738,0.0,0.0,0.0
2022-09-01 11:10:31.597797+00:00,1662030631.5977974,12695.37,8.282,1.006226,0.029053,0.014404,-2.01416,1.731873,-1.327515,0.0,0.0,0.0
2022-09-01 11:10:31.618279+00:00,1662030631.6182792,12695.39,8.273,1.008057,0.027588,0.010742,-2.067566,1.602173,-1.38092,0.0,0.0,0.0
2022-09-01 11:10:31.638775+00:00,1662030631.638775,12695.41,8.3,1.004639,0.026855,0.010254,-2.113342,1.533508,-1.502991,0.0,0.0,0.0
2022-09-01 11:10:31.659233+00:00,1662030631.6592333,12695.43,8.273,1.006958,0.028687,0.014404,-2.128601,1.38855,-1.472473,0.0,0.0,0.0
2022-09-01 11:10:31.679702+00:00,1662030631.679702,12695.45,8.3,1.005127,0.029541,0.019287,-2.105713,1.274109,-1.419067,0.0,0.0,0.0
2022-09-01 11:10:31.700154+00:00,1662030631.7001543,12695.47,8.297,1.006714,0.032471,0.016724,-2.105713,1.068115,-1.464844,0.0,0.0,0.0
2022-09-01 11:10:31.720613+00:00,1662030631.720613,12695.49,8.267,1.007202,0.028442,0.015503,-2.082825,1.075745,-1.457214,0.0,0.0,0.0
2022-09-01 11:10:31.743149+00:00,1662030631.743149,12695.51,8.288,1.004395,0.029785,0.010864,-2.13623,1.014709,-1.411438,0.0,0.0,0.0
2022-09-01 11:10:31.761490+00:00,1662030631.7614896,12695.53,8.27,1.00708,0.031128,0.017212,-2.075195,0.968933,-1.350403,0.0,0.0,0.0
2022-09-01 11:10:31.781961+00:00,1662030631.781961,12695.55,8.285,1.004517,0.029541,0.009277,-2.059937,0.930786,-1.197815,0.0,0.0,0.0
2022-09-01 11:10:31.802420+00:00,1662030631.8024204,12695.57,8.291,1.007568,0.029053,0.009399,-2.166748,1.022339,-1.266479,0.0,0.0,0.0
2022-09-01 11:10:31.822876+00:00,1662030631.822876,12695.59,8.288,1.006592,0.032593,0.005615,-2.151489,1.12915,-1.068115,0.0,0.0,0.0
2022-09-01 11:10:31.843334+00:00,1662030631.8433342,12695.61,8.27,1.007324,0.029541,0.006958,-2.128601,1.235962,-1.144409,0.0,0.0,0.0
2022-09-01 11:10:31.866132+00:00,1662030631.866132,12695.63,8.303,1.007812,0.030762,0.005493,-2.13623,1.373291,-1.014709,0.0,0.0,0.0
2022-09-01 11:10:31.884535+00:00,1662030631.8845353,12695.65,8.27,1.006104,0.028931,0.006836,-2.075195,1.464844,-1.045227,0.0,0.0,0.0
2022-09-01 11:10:31.905011+00:00,1662030631.9050112,12695.67,8.27,1.005493,0.03125,0.007935,-2.113342,1.602173,-0.984192,0.0,0.0,0.0
2022-09-01 11:10:31.925476+00:00,1662030631.9254756,12695.69,8.259,1.004517,0.029297,0.008667,-2.090454,1.77002,-0.999451,0.0,0.0,0.0
2022-09-01 11:10:31.945938+00:00,1662030631.9459376,12695.71,8.267,1.005859,0.02832,0.004761,-2.128601,1.800537,-1.00708,0.0,0.0,0.0
2022-09-01 11:10:31.966423+00:00,1662030631.9664233,12695.73,8.273,1.005859,0.027954,0.009277,-2.052307,1.846313,-1.075745,0.0,0.0,0.0
2022-09-01 11:10:31.987067+00:00,1662030631.9870675,12695.75,8.282,1.007568,0.025757,0.012207,-2.120972,1.869202,-1.052856,0.0,0.0,0.0
2022-09-01 11:10:32.007214+00:00,1662030632.007214,12695.77,8.273,1.008301,0.023926,0.010376,-2.128601,1.89209,-1.152039,0.0,0.0,0.0
2022-09-01 11:10:32.027858+00:00,1662030632.027858,12695.8,8.297,1.007202,0.029053,0.011841,-2.098083,1.89209,-1.266479,0.0,0.0,0.0
2022-09-01 11:10:32.048389+00:00,1662030632.048389,12695.82,8.288,1.01001,0.02771,0.014893,-2.151489,1.785278,-1.228333,0.0,0.0,0.0
2022-09-01 11:10:32.068884+00:00,1662030632.0688837,12695.84,8.285,1.003906,0.026123,0.013794,-2.052307,1.625061,-1.312256,0.0,0.0,0.0
2022-09-01 11:10:32.089356+00:00,1662030632.089356,12695.86,8.285,1.005615,0.031128,0.015625,-2.151489,1.51825,-1.426697,0.0,0.0,0.0
2022-09-01 11:10:32.109847+00:00,1662030632.1098466,12695.88,8.282,1.008301,0.030151,0.016479,-2.090454,1.472473,-1.426697,0.0,0.0,0.0
2022-09-01 11:10:32.130362+00:00,1662030632.130362,12695.9,8.282,1.009644,0.028198,0.009277,-2.098083,1.243591,-1.403809,0.0,0.0,0.0
2022-09-01 11:10:32.150868+00:00,1662030632.1508684,12695.92,8.285,1.00769,0.028442,0.012207,-2.113342,1.152039,-1.426697,0.0,0.0,0.0
2022-09-01 11:10:32.171345+00:00,1662030632.1713448,12695.94,8.288,1.007324,0.030029,0.014404,-2.113342,1.075745,-1.434326,0.0,0.0,0.0
2022-09-01 11:10:32.191829+00:00,1662030632.191829,12695.96,8.265,1.008423,0.031494,0.013184,-2.120972,1.014709,-1.426697,0.0,0.0,0.0
2022-09-01 11:10:32.212326+00:00,1662030632.2123258,12695.98,8.294,1.008301,0.028076,0.011597,-2.082825,1.014709,-1.350403,0.0,0.0,0.0
2022-09-01 11:10:32.232794+00:00,1662030632.2327943,12696.0,8.265,1.005859,0.029907,0.010742,-2.098083,0.984192,-1.296997,0.0,0.0,0.0
2022-09-01 11:10:32.253273+00:00,1662030632.2532735,12696.02,8.288,1.005615,0.029663,0.01062,-2.128601,1.045227,-1.281738,0.0,0.0,0.0
2022-09-01 11:10:32.273743+00:00,1662030632.2737427,12696.04,8.285,1.005737,0.029785,0.01001,-2.090454,1.13678,-1.121521,0.0,0.0,0.0
2022-09-01 11:10:32.294215+00:00,1662030632.2942152,12696.06,8.276,1.006592,0.029297,0.008179,-2.120972,1.152039,-1.083374,0.0,0.0,0.0
2022-09-01 11:10:32.314715+00:00,1662030632.314715,12696.08,8.282,1.004639,0.032227,0.00708,-2.067566,1.396179,-1.014709,0.0,0.0,0.0
2022-09-01 11:10:32.335185+00:00,1662030632.3351846,12696.1,8.288,1.006348,0.029419,0.004028,-2.151489,1.419067,-0.999451,0.0,0.0,0.0
2022-09-01 11:10:32.355684+00:00,1662030632.355684,12696.12,8.288,1.007324,0.028198,0.005493,-2.128601,1.556396,-0.968933,0.0,0.0,0.0
2022-09-01 11:10:32.376176+00:00,1662030632.376176,12696.14,8.288,1.007324,0.029785,0.008301,-2.075195,1.693726,-0.976562,0.0,0.0,0.0
2022-09-01 11:10:32.396677+00:00,1662030632.3966765,12696.16,8.273,1.00354,0.027466,0.010254,-2.082825,1.747131,-0.984192,0.0,0.0,0.0
2022-09-01 11:10:32.417292+00:00,1662030632.4172924,12696.18,8.288,1.004883,0.029053,0.012329,-2.082825,1.914978,-1.091003,0.0,0.0,0.0
2022-09-01 11:10:32.437870+00:00,1662030632.4378703,12696.21,8.297,1.007568,0.027222,0.01062,-2.090454,1.785278,-1.144409,0.0,0.0,0.0
2022-09-01 11:10:32.458353+00:00,1662030632.458353,12696.23,8.285,1.008179,0.02771,0.013062,-2.037048,1.88446,-1.13678,0.0,0.0,0.0
2022-09-01 11:10:32.478832+00:00,1662030632.4788322,12696.25,8.27,1.006348,0.029663,0.009277,-2.151489,1.853943,-1.235962,0.0,0.0,0.0
2022-09-01 11:10:32.499301+00:00,1662030632.4993014,12696.27,8.288,1.006348,0.027222,0.012329,-2.151489,1.808167,-1.25885,0.0,0.0,0.0
2022-09-01 11:10:32.519769+00:00,1662030632.5197694,12696.29,8.279,1.006958,0.026367,0.014282,-2.067566,1.686096,-1.335144,0.0,0.0,0.0
2022-09-01 11:10:32.540234+00:00,1662030632.5402343,12696.31,8.288,1.005493,0.031006,0.015015,-2.159119,1.533508,-1.373291,0.0,0.0,0.0
2022-09-01 11:10:32.560729+00:00,1662030632.5607293,12696.33,8.276,1.005737,0.029175,0.018799,-2.105713,1.403809,-1.373291,0.0,0.0,0.0
2022-09-01 11:10:32.581228+00:00,1662030632.5812278,12696.35,8.294,1.007812,0.027222,0.018066,-2.052307,1.289368,-1.472473,0.0,0.0,0.0
2022-09-01 11:10:32.601691+00:00,1662030632.6016908,12696.37,8.285,1.003052,0.030396,0.013062,-2.105713,1.197815,-1.502991,0.0,0.0,0.0
2022-09-01 11:10:32.624271+00:00,1662030632.6242714,12696.39,8.273,1.006958,0.027832,0.013672,-2.105713,0.984192,-1.457214,0.0,0.0,0.0
2022-09-01 11:10:32.642583+00:00,1662030632.6425834,12696.41,8.273,1.007446,0.031738,0.010254,-2.075195,1.014709,-1.38855,0.0,0.0,0.0
2022-09-01 11:10:32.663059+00:00,1662030632.6630588,12696.43,8.27,1.006104,0.029053,0.014038,-2.098083,1.037598,-1.373291,0.0,0.0,0.0
2022-09-01 11:10:32.683532+00:00,1662030632.683532,12696.45,8.288,1.008423,0.03125,0.01062,-2.075195,0.984192,-1.327515,0.0,0.0,0.0
2022-09-01 11:10:32.704001+00:00,1662030632.7040012,12696.47,8.288,1.005493,0.029785,0.012085,-2.006531,1.00708,-1.251221,0.0,0.0,0.0
2022-09-01 11:10:32.724509+00:00,1662030632.724509,12696.49,8.3,1.005615,0.033691,0.005859,-2.120972,1.113892,-1.13678,0.0,0.0,0.0
2022-09-01 11:10:32.745005+00:00,1662030632.7450047,12696.51,8.306,1.005371,0.031006,0.014038,-2.082825,1.243591,-1.052856,0.0,0.0,0.0
2022-09-01 11:10:32.765501+00:00,1662030632.765501,12696.53,8.279,1.005615,0.030762,0.00647,-2.082825,1.373291,-1.13678,0.0,0.0,0.0
2022-09-01 11:10:32.785973+00:00,1662030632.785973,12696.55,8.285,1.006958,0.031372,0.007324,-2.098083,1.403809,-1.029968,0.0,0.0,0.0
2022-09-01 11:10:32.806436+00:00,1662030632.8064356,12696.57,8.262,1.007935,0.028809,0.006592,-2.166748,1.564026,-0.976562,0.0,0.0,0.0
2022-09-01 11:10:32.826911+00:00,1662030632.8269114,12696.59,8.267,1.005493,0.027466,0.008301,-2.090454,1.64032,-0.999451,0.0,0.0,0.0
2022-09-01 11:10:32.847369+00:00,1662030632.8473692,12696.61,8.288,1.005005,0.028442,0.011108,-1.998901,1.785278,-1.052856,0.0,0.0,0.0
2022-09-01 11:10:32.867870+00:00,1662030632.8678699,12696.64,8.279,1.006836,0.028687,0.008179,-2.166748,1.792908,-1.045227,0.0,0.0,0.0
2022-09-01 11:10:32.888332+00:00,1662030632.888332,12696.66,8.285,1.007324,0.025879,0.011597,-2.067566,1.800537,-1.083374,0.0,0.0,0.0
2022-09-01 11:10:32.908814+00:00,1662030632.9088137,12696.68,8.276,1.006104,0.02771,0.009644,-2.067566,1.876831,-1.121521,0.0,0.0,0.0
2022-09-01 11:10:32.929267+00:00,1662030632.9292667,12696.7,8.276,1.001465,0.026611,0.010864,-2.075195,1.838684,-1.228333,0.0,0.0,0.0
2022-09-01 11:10:32.949731+00:00,1662030632.9497306,12696.72,8.285,1.007935,0.029175,0.012451,-2.059937,1.777649,-1.220703,0.0,0.0,0.0
2022-09-01 11:10:32.970210+00:00,1662030632.97021,12696.74,8.291,1.005249,0.026489,0.01123,-2.082825,1.739502,-1.289368,0.0,0.0,0.0
2022-09-01 11:10:32.990676+00:00,1662030632.9906757,12696.76,8.306,1.006592,0.028076,0.01123,-2.14386,1.533508,-1.411438,0.0,0.0,0.0
2022-09-01 11:10:33.011136+00:00,1662030633.011136,12696.78,8.282,1.006836,0.027466,0.018066,-2.044678,1.441956,-1.38855,0.0,0.0,0.0
2022-09-01 11:10:33.031595+00:00,1662030633.0315955,12696.8,8.288,1.007568,0.030273,0.010986,-2.059937,1.403809,-1.411438,0.0,0.0,0.0
2022-09-01 11:10:33.052055+00:00,1662030633.0520554,12696.82,8.27,1.005981,0.028809,0.014038,-2.075195,1.251221,-1.495361,0.0,0.0,0.0
2022-09-01 11:10:33.072520+00:00,1662030633.0725205,12696.84,8.3,1.00354,0.027954,0.01416,-2.120972,1.075745,-1.457214,0.0,0.0,0.0
2022-09-01 11:10:33.092976+00:00,1662030633.0929759,12696.86,8.297,1.003174,0.029175,0.013428,-2.037048,1.060486,-1.434326,0.0,0.0,0.0
2022-09-01 11:10:33.113434+00:00,1662030633.1134343,12696.88,8.288,1.005615,0.029907,0.012207,-2.113342,1.014709,-1.350403,0.0,0.0,0.0
2022-09-01 11:10:33.136057+00:00,1662030633.136057,12696.9,8.291,1.00354,0.030029,0.009644,-2.098083,1.014709,-1.350403,0.0,0.0,0.0
2022-09-01 11:10:33.154387+00:00,1662030633.1543872,12696.92,8.303,1.005737,0.030762,0.005127,-2.098083,1.022339,-1.182556,0.0,0.0,0.0
2022-09-01 11:10:33.174860+00:00,1662030633.1748605,12696.94,8.273,1.00415,0.030518,0.009644,-2.067566,1.014709,-1.243591,0.0,0.0,0.0
2022-09-01 11:10:33.195349+00:00,1662030633.1953492,12696.96,8.273,1.004639,0.032715,0.006226,-2.067566,1.167297,-1.113892,0.0,0.0,0.0
2022-09-01 11:10:33.217895+00:00,1662030633.2178946,12696.99,8.279,1.003906,0.030273,0.009644,-2.067566,1.243591,-1.060486,0.0,0.0,0.0
2022-09-01 11:10:33.236229+00:00,1662030633.2362292,12697.0,8.276,1.005859,0.029785,0.00769,-2.082825,1.434326,-1.083374,0.0,0.0,0.0
2022-09-01 11:10:33.256667+00:00,1662030633.2566667,12697.02,8.285,1.007202,0.031494,0.010132,-2.090454,1.502991,-0.938416,0.0,0.0,0.0
2022-09-01 11:10:33.277154+00:00,1662030633.2771544,12697.04,8.273,1.003906,0.027466,0.013672,-2.105713,1.609802,-0.976562,0.0,0.0,0.0
2022-09-01 11:10:33.297694+00:00,1662030633.2976944,12697.07,8.276,1.006714,0.029663,0.011108,-2.151489,1.686096,-0.991821,0.0,0.0,0.0
2022-09-01 11:10:33.318178+00:00,1662030633.3181784,12697.09,8.279,1.003906,0.0271,0.007812,-2.075195,1.77002,-1.060486,0.0,0.0,0.0
2022-09-01 11:10:33.338651+00:00,1662030633.3386514,12697.11,8.276,1.007324,0.027954,0.011963,-2.166748,1.815796,-1.091003,0.0,0.0,0.0
2022-09-01 11:10:33.359121+00:00,1662030633.3591206,12697.13,8.282,1.005127,0.02832,0.014893,-2.059937,1.800537,-1.144409,0.0,0.0,0.0
2022-09-01 11:10:33.379593+00:00,1662030633.379593,12697.15,8.276,1.004028,0.02771,0.009644,-2.052307,1.724243,-1.197815,0.0,0.0,0.0
2022-09-01 11:10:33.400064+00:00,1662030633.4000642,12697.17,8.279,1.005493,0.028931,0.014038,-2.067566,1.800537,-1.243591,0.0,0.0,0.0
2022-09-01 11:10:33.420528+00:00,1662030633.4205284,12697.19,8.282,1.008789,0.026855,0.010742,-2.090454,1.64032,-1.319885,0.0,0.0,0.0
2022-09-01 11:10:33.440987+00:00,1662030633.4409869,12697.21,8.276,1.005859,0.027466,0.012695,-2.120972,1.556396,-1.373291,0.0,0.0,0.0
2022-09-01 11:10:33.461448+00:00,1662030633.4614477,12697.23,8.282,1.006592,0.0271,0.01355,-2.059937,1.464844,-1.441956,0.0,0.0,0.0
2022-09-01 11:10:33.482433+00:00,1662030633.4824333,12697.25,8.276,1.005737,0.026978,0.016846,-2.14386,1.342773,-1.480103,0.0,0.0,0.0
2022-09-01 11:10:33.502990+00:00,1662030633.5029898,12697.27,8.262,1.006226,0.026733,0.013184,-2.166748,1.296997,-1.441956,0.0,0.0,0.0
2022-09-01 11:10:33.523800+00:00,1662030633.5238004,12697.29,8.276,1.007324,0.028809,0.006958,-2.098083,1.098633,-1.434326,0.0,0.0,0.0
2022-09-01 11:10:33.544334+00:00,1662030633.544334,12697.31,8.297,1.005371,0.030273,0.014038,-2.037048,1.121521,-1.457214,0.0,0.0,0.0
2022-09-01 11:10:33.559888+00:00,1662030633.5598881,12697.33,8.276,1.008545,0.028687,0.014771,-2.128601,1.029968,-1.396179,0.0,0.0,0.0
2022-09-01 11:10:33.581506+00:00,1662030633.5815055,12697.35,8.282,1.005127,0.030518,0.011353,-2.090454,1.037598,-1.251221,0.0,0.0,0.0
2022-09-01 11:10:33.601956+00:00,1662030633.6019561,12697.37,8.273,1.008545,0.030518,0.007935,-2.120972,1.060486,-1.266479,0.0,0.0,0.0
2022-09-01 11:10:33.622386+00:00,1662030633.6223865,12697.39,8.288,1.005127,0.030273,0.008911,-2.090454,1.098633,-1.213074,0.0,0.0,0.0
2022-09-01 11:10:33.642814+00:00,1662030633.6428142,12697.41,8.312,1.009033,0.029175,0.007935,-2.098083,1.167297,-1.098633,0.0,0.0,0.0
2022-09-01 11:10:33.663242+00:00,1662030633.6632423,12697.43,8.303,1.005737,0.031494,0.006836,-2.090454,1.281738,-1.106262,0.0,0.0,0.0
2022-09-01 11:10:33.683674+00:00,1662030633.6836736,12697.45,8.3,1.005981,0.031006,0.009399,-2.166748,1.335144,-1.014709,0.0,0.0,0.0
2022-09-01 11:10:33.704098+00:00,1662030633.7040977,12697.47,8.306,1.003662,0.028442,0.005127,-2.13623,1.51062,-0.953674,0.0,0.0,0.0
2022-09-01 11:10:33.724519+00:00,1662030633.724519,12697.49,8.27,1.008301,0.031982,0.006714,-2.14386,1.625061,-0.999451,0.0,0.0,0.0
2022-09-01 11:10:33.744945+00:00,1662030633.7449446,12697.51,8.273,1.005981,0.028809,0.009521,-2.082825,1.747131,-0.991821,0.0,0.0,0.0
2022-09-01 11:10:33.765385+00:00,1662030633.7653852,12697.53,8.282,1.006226,0.025635,0.011108,-2.120972,1.731873,-1.060486,0.0,0.0,0.0
2022-09-01 11:10:33.785805+00:00,1662030633.7858045,12697.55,8.288,1.005005,0.027832,0.012817,-2.113342,1.747131,-1.045227,0.0,0.0,0.0
2022-09-01 11:10:33.806242+00:00,1662030633.8062418,12697.57,8.3,1.006592,0.027344,0.008179,-2.128601,1.853943,-1.12915,0.0,0.0,0.0
2022-09-01 11:10:33.826688+00:00,1662030633.826688,12697.59,8.303,1.00647,0.027832,0.011475,-2.067566,1.739502,-1.13678,0.0,0.0,0.0
2022-09-01 11:10:33.847117+00:00,1662030633.847117,12697.61,8.294,1.007446,0.024902,0.007324,-2.052307,1.708984,-1.251221,0.0,0.0,0.0
2022-09-01 11:10:33.867537+00:00,1662030633.8675368,12697.64,8.285,1.005127,0.027222,0.0177,-2.105713,1.670837,-1.281738,0.0,0.0,0.0
2022-09-01 11:10:33.887931+00:00,1662030633.8879313,12697.66,8.279,1.006836,0.029297,0.018555,-2.082825,1.51062,-1.281738,0.0,0.0,0.0
2022-09-01 11:10:33.908297+00:00,1662030633.9082973,12697.68,8.285,1.005005,0.025391,0.016724,-2.082825,1.525879,-1.411438,0.0,0.0,0.0
2022-09-01 11:10:33.928653+00:00,1662030633.9286528,12697.7,8.27,1.005737,0.027344,0.012085,-2.075195,1.365662,-1.426697,0.0,0.0,0.0
2022-09-01 11:10:33.949005+00:00,1662030633.9490051,12697.72,8.297,1.005005,0.028809,0.016602,-2.067566,1.327515,-1.441956,0.0,0.0,0.0
2022-09-01 11:10:33.969367+00:00,1662030633.9693673,12697.74,8.288,1.004395,0.029175,0.01062,-2.01416,1.152039,-1.396179,0.0,0.0,0.0
2022-09-01 11:10:33.989753+00:00,1662030633.9897535,12697.76,8.279,1.005371,0.034424,0.01355,-2.105713,1.167297,-1.441956,0.0,0.0,0.0
2022-09-01 11:10:34.010113+00:00,1662030634.0101125,12697.78,8.291,1.004883,0.030396,0.01355,-2.113342,1.167297,-1.426697,0.0,0.0,0.0
2022-09-01 11:10:34.030471+00:00,1662030634.0304708,12697.8,8.279,1.007446,0.030273,0.014038,-2.113342,0.976562,-1.342773,0.0,0.0,0.0
2022-09-01 11:10:34.050824+00:00,1662030634.0508244,12697.82,8.297,1.008301,0.03064,0.008667,-2.128601,1.052856,-1.243591,0.0,0.0,0.0
2022-09-01 11:10:34.071176+00:00,1662030634.071176,12697.84,8.291,1.007568,0.030396,0.010254,-2.090454,1.13678,-1.190186,0.0,0.0,0.0
2022-09-01 11:10:34.091525+00:00,1662030634.091525,12697.86,8.276,1.005005,0.028076,0.007324,-2.059937,1.274109,-1.159668,0.0,0.0,0.0
2022-09-01 11:10:34.111834+00:00,1662030634.111834,12697.88,8.276,1.008423,0.033325,0.010254,-2.120972,1.312256,-1.098633,0.0,0.0,0.0
2022-09-01 11:10:34.132181+00:00,1662030634.1321814,12697.9,8.276,1.00708,0.029297,0.005737,-2.090454,1.38855,-0.999451,0.0,0.0,0.0
2022-09-01 11:10:34.152547+00:00,1662030634.152547,12697.92,8.291,1.007812,0.031616,0.005005,-2.082825,1.403809,-1.060486,0.0,0.0,0.0
2022-09-01 11:10:34.172897+00:00,1662030634.172897,12697.94,8.294,1.007324,0.026245,0.004272,-1.991272,1.594543,-0.976562,0.0,0.0,0.0
2022-09-01 11:10:34.193248+00:00,1662030634.1932476,12697.96,8.285,1.00708,0.031494,0.008423,-2.128601,1.647949,-0.999451,0.0,0.0,0.0
2022-09-01 11:10:34.213596+00:00,1662030634.2135959,12697.98,8.303,1.00769,0.028076,0.008545,-2.120972,1.693726,-1.029968,0.0,0.0,0.0
2022-09-01 11:10:34.233991+00:00,1662030634.2339914,12698.0,8.291,1.005371,0.029297,0.007935,-2.098083,1.754761,-1.083374,0.0,0.0,0.0
2022-09-01 11:10:34.254437+00:00,1662030634.2544372,12698.02,8.285,1.006714,0.027344,0.009399,-2.105713,1.77002,-1.083374,0.0,0.0,0.0
2022-09-01 11:10:34.282224+00:00,1662030634.2822242,12698.05,8.297,1.008423,0.025757,0.010132,-2.044678,1.754761,-1.152039,0.0,0.0,0.0
2022-09-01 11:10:34.302678+00:00,1662030634.3026779,12698.07,8.288,1.005371,0.029053,0.008911,-2.105713,1.724243,-1.266479,0.0,0.0,0.0
2022-09-01 11:10:34.323119+00:00,1662030634.3231187,12698.09,8.288,1.007568,0.026001,0.015381,-2.098083,1.655579,-1.25885,0.0,0.0,0.0
2022-09-01 11:10:34.343537+00:00,1662030634.3435366,12698.11,8.294,1.006958,0.029785,0.008179,-2.075195,1.556396,-1.38092,0.0,0.0,0.0
2022-09-01 11:10:34.363489+00:00,1662030634.3634887,12698.13,8.276,1.008301,0.025024,0.009033,-2.029419,1.480103,-1.426697,0.0,0.0,0.0
2022-09-01 11:10:34.383759+00:00,1662030634.3837585,12698.15,8.3,1.006836,0.030518,0.011719,-2.128601,1.411438,-1.457214,0.0,0.0,0.0
2022-09-01 11:10:34.404330+00:00,1662030634.4043295,12698.17,8.273,1.008423,0.029785,0.011475,-2.02179,1.274109,-1.441956,0.0,0.0,0.0
2022-09-01 11:10:34.424710+00:00,1662030634.42471,12698.19,8.285,1.007812,0.03064,0.013062,-2.128601,1.251221,-1.411438,0.0,0.0,0.0
2022-09-01 11:10:34.444974+00:00,1662030634.4449744,12698.21,8.288,1.007324,0.031494,0.016846,-2.090454,1.098633,-1.441956,0.0,0.0,0.0
2022-09-01 11:10:34.465261+00:00,1662030634.4652605,12698.23,8.279,1.008301,0.029175,0.010742,-2.098083,1.159668,-1.441956,0.0,0.0,0.0
2022-09-01 11:10:34.485521+00:00,1662030634.4855208,12698.25,8.3,1.005493,0.03418,0.007202,-2.052307,1.068115,-1.335144,0.0,0.0,0.0
2022-09-01 11:10:34.505766+00:00,1662030634.5057664,12698.27,8.265,1.008545,0.033081,0.014526,-2.113342,1.113892,-1.296997,0.0,0.0,0.0
2022-09-01 11:10:34.526008+00:00,1662030634.5260081,12698.29,8.3,1.004395,0.032837,0.008301,-2.128601,1.091003,-1.228333,0.0,0.0,0.0
2022-09-01 11:10:34.546257+00:00,1662030634.5462573,12698.31,8.303,1.005615,0.030273,0.011719,-2.090454,1.13678,-1.190186,0.0,0.0,0.0
2022-09-01 11:10:34.566634+00:00,1662030634.5666344,12698.33,8.285,1.006714,0.033203,0.008789,-2.159119,1.312256,-1.091003,0.0,0.0,0.0
2022-09-01 11:10:34.586896+00:00,1662030634.5868957,12698.35,8.306,1.002808,0.028809,0.011841,-2.13623,1.327515,-1.106262,0.0,0.0,0.0
2022-09-01 11:10:34.607141+00:00,1662030634.6071408,12698.37,8.303,1.006714,0.029541,0.007568,-2.029419,1.502991,-1.037598,0.0,0.0,0.0
2022-09-01 11:10:34.627379+00:00,1662030634.627379,12698.39,8.297,1.003906,0.029785,0.006592,-2.090454,1.579285,-0.999451,0.0,0.0,0.0
2022-09-01 11:10:34.647748+00:00,1662030634.6477475,12698.42,8.294,1.006592,0.031372,0.01123,-2.098083,1.670837,-0.961304,0.0,0.0,0.0
2022-09-01 11:10:34.668025+00:00,1662030634.6680253,12698.44,8.294,1.004639,0.027344,0.011719,-2.075195,1.686096,-0.991821,0.0,0.0,0.0
2022-09-01 11:10:34.688277+00:00,1662030634.6882765,12698.46,8.303,1.007935,0.026733,0.011108,-2.075195,1.724243,-1.014709,0.0,0.0,0.0
2022-09-01 11:10:34.708516+00:00,1662030634.7085156,12698.48,8.309,1.006592,0.029785,0.009521,-2.105713,1.823425,-1.068115,0.0,0.0,0.0
2022-09-01 11:10:34.728825+00:00,1662030634.728825,12698.5,8.294,1.009399,0.025513,0.011963,-2.098083,1.754761,-1.12915,0.0,0.0,0.0
2022-09-01 11:10:34.749074+00:00,1662030634.7490735,12698.52,8.297,1.008545,0.029297,0.013428,-2.098083,1.678467,-1.182556,0.0,0.0,0.0
2022-09-01 11:10:34.769375+00:00,1662030634.769375,12698.54,8.297,1.006104,0.025269,0.013062,-2.090454,1.647949,-1.281738,0.0,0.0,0.0
2022-09-01 11:10:34.789628+00:00,1662030634.7896278,12698.56,8.315,1.005493,0.027954,0.011719,-2.105713,1.525879,-1.312256,0.0,0.0,0.0
2022-09-01 11:10:34.809920+00:00,1662030634.8099198,12698.58,8.285,1.006958,0.026245,0.015869,-2.052307,1.548767,-1.396179,0.0,0.0,0.0
2022-09-01 11:10:34.830164+00:00,1662030634.830164,12698.6,8.297,1.008423,0.027954,0.012817,-2.166748,1.396179,-1.350403,0.0,0.0,0.0
2022-09-01 11:10:34.850405+00:00,1662030634.850405,12698.62,8.276,1.008667,0.03125,0.015503,-2.113342,1.319885,-1.457214,0.0,0.0,0.0
2022-09-01 11:10:34.870687+00:00,1662030634.8706868,12698.64,8.312,1.006348,0.028931,0.015747,-2.113342,1.266479,-1.457214,0.0,0.0,0.0
2022-09-01 11:10:34.891021+00:00,1662030634.891021,12698.66,8.309,1.006348,0.030762,0.01001,-2.105713,1.197815,-1.441956,0.0,0.0,0.0
2022-09-01 11:10:34.911276+00:00,1662030634.9112756,12698.68,8.3,1.006104,0.031494,0.011475,-2.120972,1.106262,-1.38092,0.0,0.0,0.0
2022-09-01 11:10:34.931536+00:00,1662030634.9315357,12698.7,8.294,1.007202,0.028931,0.012207,-2.197266,1.083374,-1.342773,0.0,0.0,0.0
2022-09-01 11:10:34.951773+00:00,1662030634.951773,12698.72,8.279,1.005859,0.031616,0.008789,-2.082825,1.106262,-1.38855,0.0,0.0,0.0
2022-09-01 11:10:34.972085+00:00,1662030634.9720845,12698.74,8.282,1.005615,0.032104,0.013184,-2.120972,1.213074,-1.25885,0.0,0.0,0.0
2022-09-01 11:10:34.992332+00:00,1662030634.9923315,12698.76,8.276,1.008423,0.033203,0.016113,-2.120972,1.144409,-1.205444,0.0,0.0,0.0
2022-09-01 11:10:35.012574+00:00,1662030635.0125744,12698.78,8.297,1.006348,0.029785,0.007812,-2.174377,1.190186,-1.091003,0.0,0.0,0.0
2022-09-01 11:10:35.032834+00:00,1662030635.0328338,12698.8,8.282,1.006592,0.032715,0.007812,-2.02179,1.25885,-1.052856,0.0,0.0,0.0
2022-09-01 11:10:35.053073+00:00,1662030635.0530734,12698.82,8.294,1.005005,0.031372,0.008911,-2.067566,1.457214,-1.045227,0.0,0.0,0.0
2022-09-01 11:10:35.073525+00:00,1662030635.073525,12698.84,8.279,1.008301,0.031006,0.006348,-2.105713,1.441956,-0.999451,0.0,0.0,0.0
2022-09-01 11:10:35.093810+00:00,1662030635.0938103,12698.86,8.282,1.005493,0.028809,0.008789,-2.006531,1.625061,-0.991821,0.0,0.0,0.0
2022-09-01 11:10:35.114057+00:00,1662030635.1140573,12698.88,8.279,1.00647,0.02771,0.008545,-2.159119,1.63269,-0.999451,0.0,0.0,0.0
2022-09-01 11:10:35.134304+00:00,1662030635.1343038,12698.9,8.303,1.005249,0.030273,0.012451,-2.113342,1.716614,-0.976562,0.0,0.0,0.0
2022-09-01 11:10:35.154543+00:00,1662030635.1545432,12698.92,8.3,1.008179,0.028442,0.011719,-2.090454,1.693726,-1.106262,0.0,0.0,0.0
2022-09-01 11:10:35.174783+00:00,1662030635.1747835,12698.94,8.288,1.00708,0.029419,0.011108,-2.037048,1.785278,-1.098633,0.0,0.0,0.0
2022-09-01 11:10:35.195055+00:00,1662030635.1950545,12698.96,8.3,1.008301,0.027954,0.015137,-2.113342,1.724243,-1.12915,0.0,0.0,0.0
2022-09-01 11:10:35.215335+00:00,1662030635.2153351,12698.98,8.303,1.008545,0.028442,0.011353,-2.105713,1.716614,-1.266479,0.0,0.0,0.0
2022-09-01 11:10:35.235572+00:00,1662030635.2355716,12699.0,8.285,1.010132,0.025024,0.011475,-2.090454,1.63269,-1.266479,0.0,0.0,0.0
2022-09-01 11:10:35.255804+00:00,1662030635.2558043,12699.02,8.276,1.007935,0.029175,0.011475,-2.105713,1.51062,-1.396179,0.0,0.0,0.0
2022-09-01 11:10:35.276042+00:00,1662030635.2760415,12699.04,8.309,1.005005,0.029297,0.0177,-2.044678,1.434326,-1.396179,0.0,0.0,0.0
2022-09-01 11:10:35.296291+00:00,1662030635.2962914,12699.06,8.285,1.006714,0.026245,0.013428,-2.052307,1.342773,-1.441956,0.0,0.0,0.0
2022-09-01 11:10:35.316532+00:00,1662030635.316532,12699.08,8.285,1.005249,0.027954,0.009399,-2.052307,1.327515,-1.495361,0.0,0.0,0.0
2022-09-01 11:10:35.336777+00:00,1662030635.3367767,12699.1,8.303,1.004395,0.031494,0.015259,-2.105713,1.251221,-1.495361,0.0,0.0,0.0
2022-09-01 11:10:35.357040+00:00,1662030635.35704,12699.12,8.297,1.008789,0.027466,0.011963,-2.120972,1.144409,-1.411438,0.0,0.0,0.0
2022-09-01 11:10:35.377278+00:00,1662030635.3772776,12699.14,8.273,1.006348,0.028687,0.010742,-1.998901,1.144409,-1.449585,0.0,0.0,0.0
2022-09-01 11:10:35.397562+00:00,1662030635.3975618,12699.17,8.282,1.005859,0.032959,0.011597,-2.090454,1.052856,-1.373291,0.0,0.0,0.0
2022-09-01 11:10:35.417847+00:00,1662030635.4178472,12699.19,8.303,1.005493,0.028809,0.019043,-2.075195,1.083374,-1.25885,0.0,0.0,0.0
2022-09-01 11:10:35.438085+00:00,1662030635.4380846,12699.21,8.279,1.00647,0.029907,0.008057,-2.052307,1.228333,-1.220703,0.0,0.0,0.0
2022-09-01 11:10:35.458324+00:00,1662030635.4583237,12699.23,8.294,1.007812,0.029541,0.005981,-2.113342,1.243591,-1.144409,0.0,0.0,0.0
2022-09-01 11:10:35.478555+00:00,1662030635.4785547,12699.25,8.3,1.006348,0.027588,0.008423,-2.159119,1.350403,-1.106262,0.0,0.0,0.0
2022-09-01 11:10:35.498865+00:00,1662030635.4988647,12699.27,8.288,1.005371,0.034912,0.01123,-2.174377,1.342773,-0.953674,0.0,0.0,0.0
2022-09-01 11:10:35.519105+00:00,1662030635.519105,12699.29,8.285,1.003418,0.02771,0.008545,-2.067566,1.403809,-0.999451,0.0,0.0,0.0
2022-09-01 11:10:35.539344+00:00,1662030635.539344,12699.31,8.315,1.005249,0.030884,0.011108,-2.090454,1.533508,-1.022339,0.0,0.0,0.0
2022-09-01 11:10:35.559611+00:00,1662030635.5596106,12699.33,8.297,1.00769,0.026733,0.005371,-2.082825,1.647949,-1.052856,0.0,0.0,0.0
2022-09-01 11:10:35.579864+00:00,1662030635.5798638,12699.35,8.309,1.006958,0.028687,0.010498,-2.13623,1.647949,-1.037598,0.0,0.0,0.0
2022-09-01 11:10:35.600130+00:00,1662030635.60013,12699.37,8.303,1.007446,0.028564,0.010986,-2.02179,1.77002,-1.091003,0.0,0.0,0.0
2022-09-01 11:10:35.620378+00:00,1662030635.6203783,12699.39,8.312,1.006226,0.029297,0.010986,-2.098083,1.724243,-1.106262,0.0,0.0,0.0
2022-09-01 11:10:35.640636+00:00,1662030635.6406362,12699.41,8.291,1.007446,0.027832,0.014526,-2.075195,1.77002,-1.12915,0.0,0.0,0.0
2022-09-01 11:10:35.661150+00:00,1662030635.6611497,12699.43,8.267,1.005737,0.02478,0.008789,-2.059937,1.693726,-1.182556,0.0,0.0,0.0
2022-09-01 11:10:35.681434+00:00,1662030635.6814342,12699.45,8.279,1.006592,0.029663,0.012695,-2.105713,1.625061,-1.266479,0.0,0.0,0.0
2022-09-01 11:10:35.701682+00:00,1662030635.7016823,12699.47,8.294,1.008057,0.02832,0.015747,-2.090454,1.487732,-1.296997,0.0,0.0,0.0
2022-09-01 11:10:35.721926+00:00,1662030635.721926,12699.49,8.276,1.007812,0.027222,0.01062,-2.037048,1.525879,-1.396179,0.0,0.0,0.0
2022-09-01 11:10:35.742164+00:00,1662030635.7421637,12699.51,8.309,1.00647,0.029541,0.015259,-2.174377,1.296997,-1.441956,0.0,0.0,0.0
2022-09-01 11:10:35.762454+00:00,1662030635.7624538,12699.53,8.279,1.00293,0.027222,0.011719,-2.090454,1.289368,-1.434326,0.0,0.0,0.0
2022-09-01 11:10:35.782725+00:00,1662030635.782725,12699.55,8.291,1.006348,0.02832,0.012573,-2.029419,1.182556,-1.38855,0.0,0.0,0.0
2022-09-01 11:10:35.802970+00:00,1662030635.8029704,12699.57,8.294,1.009644,0.028687,0.013428,-2.098083,1.235962,-1.464844,0.0,0.0,0.0
2022-09-01 11:10:35.823259+00:00,1662030635.8232586,12699.59,8.294,1.009155,0.030273,0.011719,-2.113342,1.106262,-1.426697,0.0,0.0,0.0
2022-09-01 11:10:35.843516+00:00,1662030635.8435163,12699.61,8.312,1.004272,0.029419,0.013428,-2.098083,1.182556,-1.396179,0.0,0.0,0.0
2022-09-01 11:10:35.863794+00:00,1662030635.8637938,12699.63,8.315,1.006348,0.029663,0.010498,-2.113342,1.190186,-1.327515,0.0,0.0,0.0
2022-09-01 11:10:35.884037+00:00,1662030635.8840375,12699.65,8.315,1.00415,0.029907,0.005859,-2.044678,1.152039,-1.220703,0.0,0.0,0.0
2022-09-01 11:10:35.904302+00:00,1662030635.9043016,12699.67,8.282,1.00415,0.030029,0.010986,-2.128601,1.274109,-1.220703,0.0,0.0,0.0
2022-09-01 11:10:35.924549+00:00,1662030635.9245489,12699.69,8.318,1.004517,0.031494,0.01001,-2.113342,1.243591,-1.174927,0.0,0.0,0.0
2022-09-01 11:10:35.944789+00:00,1662030635.944789,12699.71,8.294,1.01001,0.029541,0.013672,-2.052307,1.38855,-1.052856,0.0,0.0,0.0
2022-09-01 11:10:35.965073+00:00,1662030635.9650733,12699.73,8.318,1.006104,0.026123,0.008423,-2.14386,1.426697,-1.068115,0.0,0.0,0.0
2022-09-01 11:10:35.985382+00:00,1662030635.9853816,12699.75,8.285,1.006226,0.028687,0.011963,-2.075195,1.449585,-0.999451,0.0,0.0,0.0
2022-09-01 11:10:36.005621+00:00,1662030636.0056207,12699.77,8.312,1.005493,0.026245,0.006714,-2.082825,1.51825,-0.976562,0.0,0.0,0.0
2022-09-01 11:10:36.025865+00:00,1662030636.025865,12699.79,8.291,1.006592,0.030273,0.006836,-2.067566,1.686096,-1.022339,0.0,0.0,0.0
2022-09-01 11:10:36.046106+00:00,1662030636.046106,12699.81,8.288,1.004883,0.026855,0.008057,-2.052307,1.686096,-1.052856,0.0,0.0,0.0
2022-09-01 11:10:36.066366+00:00,1662030636.0663662,12699.83,8.315,1.008423,0.027588,0.011963,-2.105713,1.647949,-1.037598,0.0,0.0,0.0
2022-09-01 11:10:36.086640+00:00,1662030636.0866401,12699.85,8.3,1.007324,0.026855,0.009888,-2.128601,1.647949,-1.113892,0.0,0.0,0.0
2022-09-01 11:10:36.106879+00:00,1662030636.106879,12699.87,8.285,1.005737,0.024536,0.010742,-2.151489,1.701355,-1.159668,0.0,0.0,0.0
2022-09-01 11:10:36.127111+00:00,1662030636.1271107,12699.89,8.315,1.005615,0.027832,0.016724,-1.998901,1.655579,-1.213074,0.0,0.0,0.0
2022-09-01 11:10:36.147345+00:00,1662030636.147345,12699.91,8.303,1.006226,0.028198,0.016479,-2.14386,1.541138,-1.304626,0.0,0.0,0.0
2022-09-01 11:10:36.167699+00:00,1662030636.1676986,12699.94,8.312,1.007568,0.027466,0.012329,-2.113342,1.472473,-1.373291,0.0,0.0,0.0
2022-09-01 11:10:36.187943+00:00,1662030636.1879427,12699.96,8.288,1.006348,0.027344,0.017212,-2.059937,1.449585,-1.403809,0.0,0.0,0.0
2022-09-01 11:10:36.208177+00:00,1662030636.2081773,12699.98,8.3,1.003906,0.028076,0.015869,-2.075195,1.373291,-1.464844,0.0,0.0,0.0
2022-09-01 11:10:36.228427+00:00,1662030636.2284272,12700.0,8.288,1.008545,0.031616,0.015015,-2.113342,1.281738,-1.487732,0.0,0.0,0.0
2022-09-01 11:10:36.248672+00:00,1662030636.2486718,12700.02,8.303,1.00769,0.03064,0.013916,-2.13623,1.190186,-1.449585,0.0,0.0,0.0
2022-09-01 11:10:36.268908+00:00,1662030636.2689083,12700.04,8.294,1.007324,0.028809,0.010986,-2.01416,1.144409,-1.502991,0.0,0.0,0.0
2022-09-01 11:10:36.289157+00:00,1662030636.2891572,12700.06,8.294,1.006958,0.031128,0.010254,-2.14386,1.098633,-1.312256,0.0,0.0,0.0
2022-09-01 11:10:36.309404+00:00,1662030636.309404,12700.08,8.312,1.005615,0.030518,0.01001,-2.120972,1.113892,-1.327515,0.0,0.0,0.0
2022-09-01 11:10:36.329644+00:00,1662030636.329644,12700.1,8.297,1.004639,0.033447,0.01355,-2.067566,1.167297,-1.312256,0.0,0.0,0.0
2022-09-01 11:10:36.349944+00:00,1662030636.3499439,12700.12,8.303,1.005737,0.03186,0.00769,-2.151489,1.205444,-1.25885,0.0,0.0,0.0
2022-09-01 11:10:36.370186+00:00,1662030636.3701856,12700.14,8.303,1.007935,0.029175,0.012817,-2.037048,1.327515,-1.106262,0.0,0.0,0.0
2022-09-01 11:10:36.390432+00:00,1662030636.390432,12700.16,8.303,1.004761,0.031128,0.005859,-2.14386,1.411438,-1.152039,0.0,0.0,0.0
2022-09-01 11:10:36.410679+00:00,1662030636.4106786,12700.18,8.273,1.006592,0.030029,0.008545,-2.044678,1.350403,-1.052856,0.0,0.0,0.0
2022-09-01 11:10:36.430918+00:00,1662030636.430918,12700.2,8.285,1.008057,0.030762,0.00708,-2.182007,1.502991,-1.00708,0.0,0.0,0.0
2022-09-01 11:10:36.451148+00:00,1662030636.4511478,12700.22,8.294,1.005737,0.031372,0.012695,-2.128601,1.51062,-1.037598,0.0,0.0,0.0
2022-09-01 11:10:36.471391+00:00,1662030636.4713912,12700.24,8.294,1.006836,0.02771,0.010498,-2.098083,1.64032,-0.999451,0.0,0.0,0.0
2022-09-01 11:10:36.491636+00:00,1662030636.491636,12700.26,8.294,1.005371,0.028809,0.010986,-2.13623,1.609802,-1.037598,0.0,0.0,0.0
2022-09-01 11:10:36.511868+00:00,1662030636.5118685,12700.28,8.297,1.006592,0.028687,0.012817,-2.105713,1.63269,-1.052856,0.0,0.0,0.0
2022-09-01 11:10:36.532090+00:00,1662030636.5320897,12700.3,8.285,1.009399,0.027832,0.01123,-2.075195,1.716614,-1.098633,0.0,0.0,0.0
2022-09-01 11:10:36.552320+00:00,1662030636.55232,12700.32,8.303,1.005493,0.026855,0.013916,-2.075195,1.708984,-1.12915,0.0,0.0,0.0
2022-09-01 11:10:36.572569+00:00,1662030636.572569,12700.34,8.312,1.004883,0.025024,0.013184,-2.067566,1.731873,-1.228333,0.0,0.0,0.0
2022-09-01 11:10:36.592809+00:00,1662030636.5928094,12700.36,8.297,1.008179,0.026489,0.017334,-2.120972,1.63269,-1.289368,0.0,0.0,0.0
2022-09-01 11:10:36.613045+00:00,1662030636.6130455,12700.38,8.303,1.007812,0.028198,0.015137,-2.052307,1.502991,-1.38092,0.0,0.0,0.0
2022-09-01 11:10:36.633278+00:00,1662030636.633278,12700.4,8.294,1.006836,0.027832,0.013306,-2.059937,1.419067,-1.350403,0.0,0.0,0.0
2022-09-01 11:10:36.653513+00:00,1662030636.653513,12700.42,8.282,1.003418,0.028564,0.012939,-2.067566,1.304626,-1.472473,0.0,0.0,0.0
2022-09-01 11:10:36.673748+00:00,1662030636.6737478,12700.44,8.3,1.00647,0.026489,0.015259,-2.037048,1.312256,-1.434326,0.0,0.0,0.0
2022-09-01 11:10:36.693983+00:00,1662030636.6939833,12700.46,8.309,1.006104,0.027222,0.014404,-2.075195,1.251221,-1.396179,0.0,0.0,0.0
2022-09-01 11:10:36.714254+00:00,1662030636.7142537,12700.48,8.306,1.007202,0.026978,0.013916,-2.151489,1.144409,-1.419067,0.0,0.0,0.0
2022-09-01 11:10:36.734486+00:00,1662030636.7344863,12700.5,8.285,1.005493,0.029175,0.010864,-2.090454,1.266479,-1.502991,0.0,0.0,0.0
2022-09-01 11:10:36.754754+00:00,1662030636.7547543,12700.52,8.297,1.006348,0.032227,0.009033,-2.082825,1.220703,-1.38092,0.0,0.0,0.0
2022-09-01 11:10:36.774983+00:00,1662030636.7749834,12700.54,8.297,1.006836,0.029907,0.009766,-2.105713,1.12915,-1.373291,0.0,0.0,0.0
2022-09-01 11:10:36.795219+00:00,1662030636.795219,12700.56,8.3,1.007202,0.031372,0.009399,-2.075195,1.167297,-1.274109,0.0,0.0,0.0
2022-09-01 11:10:36.815464+00:00,1662030636.8154645,12700.58,8.282,1.006714,0.033569,0.008423,-2.082825,1.243591,-1.167297,0.0,0.0,0.0
2022-09-01 11:10:36.835712+00:00,1662030636.835712,12700.6,8.297,1.006958,0.031616,0.006958,-2.159119,1.289368,-1.144409,0.0,0.0,0.0
2022-09-01 11:10:36.855962+00:00,1662030636.855962,12700.62,8.294,1.005249,0.031372,0.009155,-2.067566,1.373291,-1.13678,0.0,0.0,0.0
2022-09-01 11:10:36.876199+00:00,1662030636.8761995,12700.64,8.297,1.006592,0.029541,0.010498,-2.120972,1.464844,-1.045227,0.0,0.0,0.0
2022-09-01 11:10:36.896436+00:00,1662030636.8964362,12700.66,8.285,1.007446,0.028564,0.008667,-2.159119,1.487732,-0.991821,0.0,0.0,0.0
2022-09-01 11:10:36.916890+00:00,1662030636.9168897,12700.68,8.315,1.005249,0.029785,0.010254,-2.075195,1.594543,-1.037598,0.0,0.0,0.0
2022-09-01 11:10:36.937160+00:00,1662030636.9371598,12700.7,8.294,1.009399,0.030151,0.009155,-2.113342,1.586914,-0.961304,0.0,0.0,0.0
2022-09-01 11:10:36.957403+00:00,1662030636.9574032,12700.72,8.294,1.008179,0.028564,0.013794,-2.113342,1.678467,-1.045227,0.0,0.0,0.0
2022-09-01 11:10:36.977682+00:00,1662030636.9776824,12700.75,8.288,1.007446,0.025635,0.010864,-2.067566,1.701355,-1.068115,0.0,0.0,0.0
2022-09-01 11:10:36.997928+00:00,1662030636.9979284,12700.77,8.318,1.005371,0.0271,0.014893,-2.090454,1.693726,-1.106262,0.0,0.0,0.0
2022-09-01 11:10:37.018181+00:00,1662030637.0181808,12700.79,8.303,1.006714,0.026489,0.01709,-2.113342,1.609802,-1.152039,0.0,0.0,0.0
2022-09-01 11:10:37.038420+00:00,1662030637.0384202,12700.81,8.288,1.007324,0.028442,0.008789,-2.075195,1.625061,-1.220703,0.0,0.0,0.0
2022-09-01 11:10:37.058660+00:00,1662030637.0586603,12700.83,8.297,1.00647,0.027954,0.012207,-2.098083,1.564026,-1.289368,0.0,0.0,0.0
2022-09-01 11:10:37.078951+00:00,1662030637.0789506,12700.85,8.297,1.005981,0.026367,0.013916,-2.082825,1.487732,-1.38092,0.0,0.0,0.0
2022-09-01 11:10:37.099198+00:00,1662030637.099198,12700.87,8.282,1.005737,0.029175,0.014526,-2.128601,1.419067,-1.38092,0.0,0.0,0.0
2022-09-01 11:10:37.119443+00:00,1662030637.1194434,12700.89,8.303,1.003418,0.0271,0.012329,-2.128601,1.396179,-1.449585,0.0,0.0,0.0
2022-09-01 11:10:37.139688+00:00,1662030637.139688,12700.91,8.282,1.007446,0.028687,0.014282,-2.090454,1.365662,-1.441956,0.0,0.0,0.0
2022-09-01 11:10:37.159977+00:00,1662030637.1599767,12700.93,8.267,1.008545,0.025635,0.012817,-2.113342,1.174927,-1.419067,0.0,0.0,0.0
2022-09-01 11:10:37.180578+00:00,1662030637.1805782,12700.95,8.318,1.005859,0.029419,0.007446,-2.090454,1.190186,-1.434326,0.0,0.0,0.0
2022-09-01 11:10:37.201123+00:00,1662030637.2011232,12700.97,8.306,1.006836,0.032715,0.010986,-2.128601,1.205444,-1.38092,0.0,0.0,0.0
2022-09-01 11:10:37.221639+00:00,1662030637.221639,12700.99,8.309,1.005493,0.030518,0.009155,-2.067566,1.281738,-1.342773,0.0,0.0,0.0
2022-09-01 11:10:37.242151+00:00,1662030637.2421515,12701.01,8.291,1.005127,0.029907,0.012939,-2.159119,1.190186,-1.304626,0.0,0.0,0.0
2022-09-01 11:10:37.262660+00:00,1662030637.2626598,12701.03,8.303,1.005249,0.027954,0.009155,-2.113342,1.281738,-1.167297,0.0,0.0,0.0
2022-09-01 11:10:37.283176+00:00,1662030637.2831764,12701.05,8.306,1.006348,0.033203,0.009399,-2.128601,1.365662,-1.075745,0.0,0.0,0.0
2022-09-01 11:10:37.303692+00:00,1662030637.303692,12701.07,8.288,1.004639,0.030273,0.008667,-2.059937,1.419067,-1.12915,0.0,0.0,0.0
2022-09-01 11:10:37.324208+00:00,1662030637.324208,12701.09,8.297,1.009033,0.029419,0.009521,-2.105713,1.350403,-1.045227,0.0,0.0,0.0
2022-09-01 11:10:37.344706+00:00,1662030637.344706,12701.11,8.315,1.01001,0.031128,0.008545,-2.075195,1.472473,-0.999451,0.0,0.0,0.0
2022-09-01 11:10:37.365269+00:00,1662030637.3652692,12701.13,8.309,1.006592,0.030762,0.010742,-2.128601,1.548767,-1.045227,0.0,0.0,0.0
2022-09-01 11:10:37.385788+00:00,1662030637.3857884,12701.15,8.303,1.006592,0.029541,0.006836,-2.067566,1.594543,-1.014709,0.0,0.0,0.0
2022-09-01 11:10:37.406296+00:00,1662030637.4062958,12701.17,8.3,1.003174,0.027466,0.009888,-2.159119,1.609802,-1.00708,0.0,0.0,0.0
2022-09-01 11:10:37.426807+00:00,1662030637.4268074,12701.19,8.315,1.004395,0.028442,0.009521,-2.113342,1.663208,-1.052856,0.0,0.0,0.0
2022-09-01 11:10:37.447357+00:00,1662030637.4473574,12701.21,8.297,1.008057,0.029419,0.007568,-2.113342,1.63269,-1.091003,0.0,0.0,0.0
2022-09-01 11:10:37.469882+00:00,1662030637.4698818,12701.24,8.291,1.005981,0.026855,0.00708,-2.159119,1.625061,-1.152039,0.0,0.0,0.0
2022-09-01 11:10:37.490491+00:00,1662030637.4904907,12701.26,8.288,1.006226,0.025146,0.011719,-2.098083,1.655579,-1.228333,0.0,0.0,0.0
2022-09-01 11:10:37.511007+00:00,1662030637.5110068,12701.28,8.306,1.006958,0.027954,0.014038,-2.090454,1.64032,-1.296997,0.0,0.0,0.0
2022-09-01 11:10:37.531517+00:00,1662030637.5315173,12701.3,8.306,1.007568,0.03125,0.014893,-2.098083,1.441956,-1.327515,0.0,0.0,0.0
2022-09-01 11:10:37.552021+00:00,1662030637.552021,12701.32,8.312,1.00647,0.030762,0.012939,-2.128601,1.342773,-1.38855,0.0,0.0,0.0
2022-09-01 11:10:37.572521+00:00,1662030637.572521,12701.34,8.306,1.005737,0.028564,0.011841,-2.113342,1.350403,-1.403809,0.0,0.0,0.0
2022-09-01 11:10:37.593034+00:00,1662030637.593034,12701.36,8.3,1.005859,0.030029,0.011597,-2.059937,1.296997,-1.411438,0.0,0.0,0.0
2022-09-01 11:10:37.613527+00:00,1662030637.613527,12701.38,8.309,1.005249,0.028931,0.01123,-2.105713,1.358032,-1.38855,0.0,0.0,0.0
2022-09-01 11:10:37.634082+00:00,1662030637.6340818,12701.4,8.291,1.006104,0.028564,0.014771,-2.098083,1.235962,-1.426697,0.0,0.0,0.0
2022-09-01 11:10:37.654598+00:00,1662030637.6545985,12701.42,8.315,1.005249,0.030151,0.012817,-2.14386,1.213074,-1.396179,0.0,0.0,0.0
2022-09-01 11:10:37.675154+00:00,1662030637.6751542,12701.44,8.291,1.005859,0.029175,0.014526,-2.059937,1.220703,-1.365662,0.0,0.0,0.0
2022-09-01 11:10:37.695652+00:00,1662030637.6956518,12701.46,8.3,1.005737,0.030518,0.012817,-2.075195,1.121521,-1.296997,0.0,0.0,0.0
2022-09-01 11:10:37.716154+00:00,1662030637.7161536,12701.48,8.306,1.007935,0.033936,0.012451,-2.113342,1.25885,-1.266479,0.0,0.0,0.0
2022-09-01 11:10:37.736661+00:00,1662030637.736661,12701.5,8.309,1.007324,0.029541,0.009033,-2.120972,1.335144,-1.121521,0.0,0.0,0.0
2022-09-01 11:10:37.757177+00:00,1662030637.7571769,12701.52,8.312,1.009033,0.029663,0.009766,-2.090454,1.38855,-1.113892,0.0,0.0,0.0
2022-09-01 11:10:37.777716+00:00,1662030637.7777162,12701.55,8.315,1.008057,0.028931,0.01062,-2.166748,1.411438,-1.052856,0.0,0.0,0.0
2022-09-01 11:10:37.798239+00:00,1662030637.7982385,12701.57,8.303,1.006226,0.031006,0.009521,-2.044678,1.480103,-1.029968,0.0,0.0,0.0
2022-09-01 11:10:37.818738+00:00,1662030637.8187377,12701.59,8.294,1.00769,0.028687,0.008545,-2.128601,1.556396,-0.976562,0.0,0.0,0.0
2022-09-01 11:10:37.839252+00:00,1662030637.8392525,12701.61,8.309,1.005127,0.031616,0.011353,-2.090454,1.571655,-0.976562,0.0,0.0,0.0
2022-09-01 11:10:37.859748+00:00,1662030637.8597481,12701.63,8.312,1.00647,0.027588,0.009277,-2.082825,1.63269,-1.052856,0.0,0.0,0.0
2022-09-01 11:10:37.880293+00:00,1662030637.8802931,12701.65,8.297,1.005615,0.029785,0.011108,-2.14386,1.609802,-1.106262,0.0,0.0,0.0
2022-09-01 11:10:37.900816+00:00,1662030637.900816,12701.67,8.312,1.008911,0.024048,0.014526,-2.037048,1.63269,-1.022339,0.0,0.0,0.0
2022-09-01 11:10:37.921318+00:00,1662030637.9213176,12701.69,8.306,1.009888,0.02771,0.01001,-2.113342,1.525879,-1.174927,0.0,0.0,0.0
2022-09-01 11:10:37.941819+00:00,1662030637.9418187,12701.71,8.309,1.00708,0.028076,0.01062,-2.14386,1.586914,-1.266479,0.0,0.0,0.0
2022-09-01 11:10:37.962356+00:00,1662030637.9623556,12701.73,8.303,1.010254,0.0271,0.010132,-2.044678,1.495361,-1.304626,0.0,0.0,0.0
2022-09-01 11:10:37.982886+00:00,1662030637.982886,12701.75,8.291,1.006592,0.028809,0.014648,-2.128601,1.502991,-1.342773,0.0,0.0,0.0
2022-09-01 11:10:38.003381+00:00,1662030638.0033805,12701.77,8.285,1.007812,0.0271,0.018555,-2.120972,1.342773,-1.365662,0.0,0.0,0.0
2022-09-01 11:10:38.023899+00:00,1662030638.0238988,12701.79,8.294,1.007568,0.026489,0.017212,-2.090454,1.365662,-1.350403,0.0,0.0,0.0
2022-09-01 11:10:38.043918+00:00,1662030638.0439184,12701.81,8.297,1.00293,0.028687,0.019409,-2.006531,1.213074,-1.426697,0.0,0.0,0.0
2022-09-01 11:10:38.063114+00:00,1662030638.0631144,12701.83,8.294,1.00708,0.029175,0.01001,-2.044678,1.274109,-1.411438,0.0,0.0,0.0
2022-09-01 11:10:38.083405+00:00,1662030638.083405,12701.85,8.318,1.005981,0.030884,0.011353,-2.197266,1.243591,-1.358032,0.0,0.0,0.0
2022-09-01 11:10:38.103665+00:00,1662030638.1036654,12701.87,8.294,1.008667,0.029175,0.009033,-2.082825,1.304626,-1.312256,0.0,0.0,0.0
2022-09-01 11:10:38.123920+00:00,1662030638.12392,12701.89,8.288,1.006226,0.030273,0.010742,-2.128601,1.281738,-1.335144,0.0,0.0,0.0
2022-09-01 11:10:38.144172+00:00,1662030638.1441717,12701.91,8.315,1.006836,0.03064,0.007568,-2.075195,1.213074,-1.289368,0.0,0.0,0.0
2022-09-01 11:10:38.164422+00:00,1662030638.1644216,12701.93,8.309,1.007324,0.031494,0.011963,-2.105713,1.266479,-1.274109,0.0,0.0,0.0
2022-09-01 11:10:38.186001+00:00,1662030638.186001,12701.95,8.297,1.009155,0.032104,0.009277,-2.059937,1.266479,-1.228333,0.0,0.0,0.0
2022-09-01 11:10:38.206263+00:00,1662030638.206263,12701.97,8.3,1.007202,0.032715,0.012329,-2.052307,1.403809,-1.098633,0.0,0.0,0.0
2022-09-01 11:10:38.226515+00:00,1662030638.2265153,12701.99,8.3,1.007935,0.029907,0.008423,-2.128601,1.464844,-1.068115,0.0,0.0,0.0
2022-09-01 11:10:38.246767+00:00,1662030638.2467668,12702.01,8.303,1.005737,0.027832,0.004028,-2.14386,1.449585,-1.052856,0.0,0.0,0.0
2022-09-01 11:10:38.267019+00:00,1662030638.267019,12702.03,8.318,1.006592,0.028076,0.009766,-2.090454,1.594543,-1.037598,0.0,0.0,0.0
2022-09-01 11:10:38.287318+00:00,1662030638.2873185,12702.05,8.309,1.005859,0.028931,0.012939,-2.120972,1.533508,-0.999451,0.0,0.0,0.0
2022-09-01 11:10:38.307647+00:00,1662030638.3076472,12702.08,8.309,1.005493,0.028442,0.008423,-2.14386,1.586914,-0.999451,0.0,0.0,0.0
2022-09-01 11:10:38.326861+00:00,1662030638.3268614,12702.09,8.306,1.006348,0.028076,0.011719,-2.098083,1.625061,-1.045227,0.0,0.0,0.0
2022-09-01 11:10:38.347104+00:00,1662030638.3471043,12702.11,8.306,1.007568,0.028198,0.013184,-2.090454,1.594543,-1.098633,0.0,0.0,0.0
2022-09-01 11:10:38.367366+00:00,1662030638.3673663,12702.13,8.309,1.006348,0.028809,0.013672,-2.166748,1.655579,-1.174927,0.0,0.0,0.0
2022-09-01 11:10:38.387694+00:00,1662030638.3876944,12702.16,8.318,1.00769,0.026733,0.010986,-2.082825,1.586914,-1.182556,0.0,0.0,0.0
2022-09-01 11:10:38.407951+00:00,1662030638.4079514,12702.18,8.309,1.006348,0.02771,0.012817,-2.113342,1.502991,-1.25885,0.0,0.0,0.0
2022-09-01 11:10:38.428219+00:00,1662030638.4282186,12702.2,8.318,1.009155,0.028076,0.012329,-2.044678,1.51825,-1.235962,0.0,0.0,0.0
2022-09-01 11:10:38.448466+00:00,1662030638.4484658,12702.22,8.318,1.006226,0.031006,0.011719,-2.082825,1.411438,-1.419067,0.0,0.0,0.0
2022-09-01 11:10:38.468756+00:00,1662030638.4687564,12702.24,8.303,1.008301,0.027222,0.014648,-2.052307,1.304626,-1.38855,0.0,0.0,0.0
2022-09-01 11:10:38.489492+00:00,1662030638.4894917,12702.26,8.3,1.006592,0.031982,0.010254,-2.13623,1.38092,-1.365662,0.0,0.0,0.0
2022-09-01 11:10:38.511837+00:00,1662030638.5118365,12702.28,8.291,1.005981,0.029541,0.010254,-2.082825,1.304626,-1.396179,0.0,0.0,0.0
2022-09-01 11:10:38.530361+00:00,1662030638.5303612,12702.3,8.288,1.006104,0.029053,0.012817,-2.14386,1.350403,-1.449585,0.0,0.0,0.0
2022-09-01 11:10:38.550905+00:00,1662030638.550905,12702.32,8.297,1.007446,0.030273,0.009277,-2.082825,1.266479,-1.457214,0.0,0.0,0.0
2022-09-01 11:10:38.572707+00:00,1662030638.5727067,12702.34,8.321,1.003906,0.031982,0.012451,-2.067566,1.243591,-1.350403,0.0,0.0,0.0
2022-09-01 11:10:38.587424+00:00,1662030638.5874236,12702.35,8.294,1.007568,0.033447,0.010864,-2.105713,1.235962,-1.358032,0.0,0.0,0.0
2022-09-01 11:10:38.607626+00:00,1662030638.6076264,12702.38,8.315,1.008423,0.030518,0.008301,-2.113342,1.281738,-1.289368,0.0,0.0,0.0
2022-09-01 11:10:38.627811+00:00,1662030638.6278107,12702.4,8.291,1.006714,0.030396,0.012817,-2.13623,1.296997,-1.205444,0.0,0.0,0.0
2022-09-01 11:10:38.647997+00:00,1662030638.6479967,12702.42,8.282,1.00769,0.029907,0.010376,-2.166748,1.335144,-1.12915,0.0,0.0,0.0
2022-09-01 11:10:38.668184+00:00,1662030638.6681838,12702.44,8.291,1.00647,0.029297,0.010986,-2.075195,1.419067,-1.075745,0.0,0.0,0.0
2022-09-01 11:10:38.688350+00:00,1662030638.68835,12702.46,8.3,1.006836,0.030273,0.00708,-2.14386,1.449585,-1.091003,0.0,0.0,0.0
2022-09-01 11:10:38.708513+00:00,1662030638.7085128,12702.48,8.309,1.005127,0.028809,0.012817,-2.067566,1.480103,-1.029968,0.0,0.0,0.0
2022-09-01 11:10:38.728669+00:00,1662030638.728669,12702.5,8.291,1.005127,0.026855,0.007812,-2.120972,1.571655,-0.999451,0.0,0.0,0.0
2022-09-01 11:10:38.748827+00:00,1662030638.7488272,12702.52,8.297,1.00415,0.029297,0.013794,-2.166748,1.502991,-0.968933,0.0,0.0,0.0
2022-09-01 11:10:38.768992+00:00,1662030638.768992,12702.54,8.297,1.006836,0.030273,0.01062,-2.128601,1.64032,-1.052856,0.0,0.0,0.0
2022-09-01 11:10:38.789153+00:00,1662030638.7891529,12702.56,8.297,1.005981,0.029053,0.013184,-2.105713,1.617432,-1.098633,0.0,0.0,0.0
2022-09-01 11:10:38.809312+00:00,1662030638.8093123,12702.58,8.294,1.006348,0.028931,0.01123,-2.113342,1.617432,-1.12915,0.0,0.0,0.0
2022-09-01 11:10:38.829469+00:00,1662030638.8294694,12702.6,8.3,1.004761,0.027222,0.014404,-2.052307,1.502991,-1.182556,0.0,0.0,0.0
2022-09-01 11:10:38.849608+00:00,1662030638.849608,12702.62,8.3,1.00708,0.028564,0.015259,-2.113342,1.457214,-1.274109,0.0,0.0,0.0
2022-09-01 11:10:38.869766+00:00,1662030638.8697655,12702.64,8.321,1.006592,0.026611,0.012085,-2.090454,1.464844,-1.213074,0.0,0.0,0.0
2022-09-01 11:10:38.889930+00:00,1662030638.8899295,12702.66,8.297,1.006958,0.028198,0.013672,-2.082825,1.457214,-1.281738,0.0,0.0,0.0
2022-09-01 11:10:38.910089+00:00,1662030638.9100895,12702.68,8.294,1.005493,0.027222,0.01355,-2.098083,1.457214,-1.358032,0.0,0.0,0.0
2022-09-01 11:10:38.930252+00:00,1662030638.9302516,12702.7,8.282,1.008057,0.027832,0.015137,-2.075195,1.365662,-1.38092,0.0,0.0,0.0
2022-09-01 11:10:38.950416+00:00,1662030638.9504163,12702.72,8.306,1.008423,0.027466,0.012451,-2.082825,1.296997,-1.411438,0.0,0.0,0.0
2022-09-01 11:10:38.970620+00:00,1662030638.9706197,12702.74,8.294,1.008301,0.029785,0.01416,-2.037048,1.342773,-1.449585,0.0,0.0,0.0
2022-09-01 11:10:38.990830+00:00,1662030638.9908302,12702.76,8.288,1.007568,0.031982,0.015015,-2.151489,1.312256,-1.426697,0.0,0.0,0.0
2022-09-01 11:10:39.011003+00:00,1662030639.0110028,12702.78,8.3,1.005981,0.029419,0.012695,-2.090454,1.296997,-1.38092,0.0,0.0,0.0
2022-09-01 11:10:39.031162+00:00,1662030639.031162,12702.8,8.297,1.007324,0.030396,0.011108,-2.151489,1.266479,-1.327515,0.0,0.0,0.0
2022-09-01 11:10:39.051325+00:00,1662030639.051325,12702.82,8.294,1.009399,0.03064,0.012817,-2.151489,1.243591,-1.312256,0.0,0.0,0.0
2022-09-01 11:10:39.071489+00:00,1662030639.0714886,12702.84,8.288,1.005249,0.02771,0.011719,-2.067566,1.312256,-1.289368,0.0,0.0,0.0
2022-09-01 11:10:39.091649+00:00,1662030639.091649,12702.86,8.285,1.004761,0.032715,0.010864,-2.090454,1.319885,-1.121521,0.0,0.0,0.0
2022-09-01 11:10:39.111807+00:00,1662030639.1118073,12702.88,8.288,1.00415,0.029785,0.010498,-2.075195,1.419067,-1.159668,0.0,0.0,0.0
2022-09-01 11:10:39.131967+00:00,1662030639.1319668,12702.9,8.315,1.007446,0.029907,0.008423,-2.189636,1.464844,-1.113892,0.0,0.0,0.0
2022-09-01 11:10:39.152127+00:00,1662030639.1521273,12702.92,8.294,1.006104,0.030151,0.007935,-2.075195,1.449585,-1.075745,0.0,0.0,0.0
2022-09-01 11:10:39.172288+00:00,1662030639.172288,12702.94,8.312,1.009644,0.029297,0.010498,-2.044678,1.525879,-1.014709,0.0,0.0,0.0
2022-09-01 11:10:39.192475+00:00,1662030639.1924746,12702.96,8.306,1.007935,0.028809,0.008057,-2.113342,1.480103,-1.00708,0.0,0.0,0.0
2022-09-01 11:10:39.212644+00:00,1662030639.2126443,12702.98,8.291,1.005005,0.02832,0.008179,-2.082825,1.586914,-1.022339,0.0,0.0,0.0
2022-09-01 11:10:39.232799+00:00,1662030639.2327986,12703.0,8.318,1.006226,0.029907,0.01001,-2.113342,1.625061,-1.098633,0.0,0.0,0.0
2022-09-01 11:10:39.252962+00:00,1662030639.2529616,12703.02,8.315,1.005859,0.0271,0.009644,-2.113342,1.609802,-1.083374,0.0,0.0,0.0
2022-09-01 11:10:39.273125+00:00,1662030639.2731254,12703.04,8.291,1.00708,0.028687,0.008423,-2.075195,1.609802,-1.106262,0.0,0.0,0.0
2022-09-01 11:10:39.300439+00:00,1662030639.3004386,12703.07,8.294,1.006104,0.027466,0.010986,-2.151489,1.564026,-1.228333,0.0,0.0,0.0
2022-09-01 11:10:39.320872+00:00,1662030639.3208716,12703.09,8.291,1.008057,0.025879,0.010864,-2.02179,1.548767,-1.251221,0.0,0.0,0.0
2022-09-01 11:10:39.341306+00:00,1662030639.341306,12703.11,8.297,1.006104,0.027466,0.013916,-2.13623,1.449585,-1.342773,0.0,0.0,0.0
2022-09-01 11:10:39.361710+00:00,1662030639.36171,12703.13,8.282,1.005737,0.028809,0.010254,-2.090454,1.38855,-1.396179,0.0,0.0,0.0
2022-09-01 11:10:39.382210+00:00,1662030639.3822098,12703.15,8.306,1.005981,0.0271,0.015991,-2.082825,1.373291,-1.350403,0.0,0.0,0.0
2022-09-01 11:10:39.401308+00:00,1662030639.4013078,12703.17,8.294,1.006104,0.030151,0.014771,-2.113342,1.312256,-1.411438,0.0,0.0,0.0
2022-09-01 11:10:39.421566+00:00,1662030639.4215662,12703.19,8.306,1.006348,0.028564,0.012085,-2.044678,1.289368,-1.403809,0.0,0.0,0.0
2022-09-01 11:10:39.441864+00:00,1662030639.4418645,12703.21,8.309,1.008667,0.030273,0.012573,-2.128601,1.266479,-1.403809,0.0,0.0,0.0
2022-09-01 11:10:39.462247+00:00,1662030639.4622471,12703.23,8.288,1.008789,0.02771,0.012085,-2.151489,1.228333,-1.289368,0.0,0.0,0.0
2022-09-01 11:10:39.482540+00:00,1662030639.4825401,12703.25,8.3,1.005981,0.031982,0.008423,-2.067566,1.205444,-1.350403,0.0,0.0,0.0
2022-09-01 11:10:39.502797+00:00,1662030639.5027971,12703.27,8.273,1.009033,0.029785,0.009521,-2.075195,1.296997,-1.281738,0.0,0.0,0.0
2022-09-01 11:10:39.523059+00:00,1662030639.5230587,12703.29,8.306,1.004883,0.033081,0.01123,-2.113342,1.327515,-1.266479,0.0,0.0,0.0
2022-09-01 11:10:39.543305+00:00,1662030639.543305,12703.31,8.309,1.006714,0.030884,0.012695,-2.052307,1.304626,-1.228333,0.0,0.0,0.0
2022-09-01 11:10:39.563606+00:00,1662030639.5636055,12703.33,8.312,1.007812,0.032349,0.011353,-2.105713,1.358032,-1.167297,0.0,0.0,0.0
2022-09-01 11:10:39.584291+00:00,1662030639.5842907,12703.35,8.3,1.008301,0.029907,0.006958,-2.120972,1.495361,-1.083374,0.0,0.0,0.0
2022-09-01 11:10:39.604593+00:00,1662030639.604593,12703.37,8.309,1.004272,0.030029,0.009399,-2.090454,1.480103,-1.098633,0.0,0.0,0.0
2022-09-01 11:10:39.624850+00:00,1662030639.6248496,12703.39,8.294,1.006226,0.029663,0.009155,-2.090454,1.487732,-0.999451,0.0,0.0,0.0
2022-09-01 11:10:39.645107+00:00,1662030639.645107,12703.41,8.291,1.006348,0.028442,0.006104,-2.082825,1.51825,-1.029968,0.0,0.0,0.0
2022-09-01 11:10:39.665355+00:00,1662030639.6653552,12703.43,8.297,1.007202,0.028442,0.011108,-2.174377,1.548767,-1.052856,0.0,0.0,0.0
2022-09-01 11:10:39.685633+00:00,1662030639.6856332,12703.45,8.297,1.005493,0.024902,0.009155,-2.082825,1.63269,-1.098633,0.0,0.0,0.0
2022-09-01 11:10:39.705880+00:00,1662030639.7058802,12703.47,8.327,1.004883,0.029053,0.011108,-2.037048,1.594543,-1.045227,0.0,0.0,0.0
2022-09-01 11:10:39.726122+00:00,1662030639.7261221,12703.49,8.273,1.00769,0.030518,0.016113,-2.128601,1.548767,-1.121521,0.0,0.0,0.0
2022-09-01 11:10:39.746365+00:00,1662030639.7463648,12703.51,8.306,1.005005,0.026855,0.012695,-2.067566,1.609802,-1.12915,0.0,0.0,0.0
2022-09-01 11:10:39.766603+00:00,1662030639.7666028,12703.53,8.321,1.007446,0.028076,0.014893,-2.120972,1.525879,-1.220703,0.0,0.0,0.0
2022-09-01 11:10:39.786870+00:00,1662030639.7868698,12703.55,8.297,1.00708,0.029297,0.007202,-2.13623,1.480103,-1.228333,0.0,0.0,0.0
2022-09-01 11:10:39.807113+00:00,1662030639.8071127,12703.57,8.285,1.007202,0.029297,0.012573,-2.052307,1.457214,-1.365662,0.0,0.0,0.0
2022-09-01 11:10:39.827354+00:00,1662030639.8273537,12703.59,8.291,1.009888,0.027954,0.009399,-2.067566,1.342773,-1.358032,0.0,0.0,0.0
2022-09-01 11:10:39.847638+00:00,1662030639.8476377,12703.62,8.3,1.007202,0.030273,0.015503,-2.090454,1.342773,-1.38855,0.0,0.0,0.0
2022-09-01 11:10:39.867835+00:00,1662030639.8678348,12703.64,8.309,1.008057,0.029419,0.012695,-2.067566,1.296997,-1.396179,0.0,0.0,0.0
2022-09-01 11:10:39.888105+00:00,1662030639.8881052,12703.66,8.315,1.003174,0.026611,0.008057,-2.105713,1.304626,-1.38855,0.0,0.0,0.0
2022-09-01 11:10:39.908393+00:00,1662030639.9083927,12703.68,8.297,1.007812,0.031128,0.01001,-2.02179,1.235962,-1.335144,0.0,0.0,0.0
2022-09-01 11:10:39.928690+00:00,1662030639.9286904,12703.7,8.306,1.004272,0.030884,0.011108,-2.044678,1.228333,-1.365662,0.0,0.0,0.0
2022-09-01 11:10:39.948977+00:00,1662030639.9489772,12703.72,8.291,1.005981,0.032593,0.011719,-2.052307,1.304626,-1.25885,0.0,0.0,0.0
2022-09-01 11:10:39.969223+00:00,1662030639.9692225,12703.74,8.327,1.006226,0.032959,0.011841,-2.082825,1.281738,-1.327515,0.0,0.0,0.0
2022-09-01 11:10:39.989493+00:00,1662030639.9894927,12703.76,8.3,1.005493,0.029907,0.011719,-2.105713,1.358032,-1.281738,0.0,0.0,0.0
2022-09-01 11:10:40.009748+00:00,1662030640.0097475,12703.78,8.291,1.008057,0.032349,0.011475,-2.02179,1.38092,-1.235962,0.0,0.0,0.0
2022-09-01 11:10:40.030004+00:00,1662030640.0300043,12703.8,8.315,1.004272,0.032471,0.011719,-2.227783,1.51062,-1.174927,0.0,0.0,0.0
2022-09-01 11:10:40.050247+00:00,1662030640.0502472,12703.82,8.3,1.00647,0.028809,0.011475,-2.098083,1.457214,-1.075745,0.0,0.0,0.0
2022-09-01 11:10:40.070487+00:00,1662030640.0704873,12703.84,8.297,1.005249,0.028809,0.010132,-2.128601,1.502991,-1.121521,0.0,0.0,0.0
2022-09-01 11:10:40.090734+00:00,1662030640.0907335,12703.86,8.291,1.006348,0.029541,0.012329,-2.128601,1.502991,-1.037598,0.0,0.0,0.0
2022-09-01 11:10:40.111014+00:00,1662030640.1110137,12703.88,8.282,1.005981,0.030273,0.009033,-2.105713,1.525879,-1.106262,0.0,0.0,0.0
2022-09-01 11:10:40.131271+00:00,1662030640.1312714,12703.9,8.321,1.006104,0.026978,0.008667,-2.098083,1.617432,-1.106262,0.0,0.0,0.0
2022-09-01 11:10:40.151536+00:00,1662030640.1515355,12703.92,8.3,1.007446,0.026978,0.008667,-2.090454,1.571655,-1.045227,0.0,0.0,0.0
2022-09-01 11:10:40.171821+00:00,1662030640.1718206,12703.94,8.306,1.005737,0.02832,0.012573,-2.113342,1.579285,-1.091003,0.0,0.0,0.0
2022-09-01 11:10:40.192073+00:00,1662030640.1920729,12703.96,8.294,1.006958,0.026733,0.011353,-2.159119,1.609802,-1.113892,0.0,0.0,0.0
2022-09-01 11:10:40.212322+00:00,1662030640.2123225,12703.98,8.309,1.003418,0.029541,0.011475,-2.067566,1.51825,-1.197815,0.0,0.0,0.0
2022-09-01 11:10:40.232567+00:00,1662030640.2325673,12704.0,8.3,1.008545,0.027954,0.012695,-2.082825,1.495361,-1.243591,0.0,0.0,0.0
2022-09-01 11:10:40.252818+00:00,1662030640.2528183,12704.02,8.315,1.003906,0.028198,0.011475,-2.098083,1.403809,-1.266479,0.0,0.0,0.0
2022-09-01 11:10:40.273062+00:00,1662030640.2730615,12704.04,8.318,1.005493,0.026245,0.012573,-2.090454,1.38855,-1.38855,0.0,0.0,0.0
2022-09-01 11:10:40.293306+00:00,1662030640.2933064,12704.06,8.303,1.008301,0.028076,0.010254,-2.052307,1.426697,-1.327515,0.0,0.0,0.0
2022-09-01 11:10:40.313555+00:00,1662030640.3135552,12704.08,8.3,1.007202,0.028687,0.015503,-2.052307,1.266479,-1.373291,0.0,0.0,0.0
2022-09-01 11:10:40.333793+00:00,1662030640.3337927,12704.1,8.306,1.006226,0.028931,0.01062,-2.090454,1.281738,-1.426697,0.0,0.0,0.0
2022-09-01 11:10:40.354030+00:00,1662030640.3540301,12704.12,8.297,1.006958,0.030518,0.010742,-2.090454,1.281738,-1.403809,0.0,0.0,0.0
2022-09-01 11:10:40.374268+00:00,1662030640.374268,12704.14,8.309,1.005493,0.030151,0.013062,-2.14386,1.319885,-1.38092,0.0,0.0,0.0
2022-09-01 11:10:40.394506+00:00,1662030640.394506,12704.16,8.303,1.007568,0.03186,0.011719,-2.090454,1.289368,-1.289368,0.0,0.0,0.0
2022-09-01 11:10:40.414750+00:00,1662030640.4147499,12704.18,8.318,1.006592,0.029175,0.008667,-2.14386,1.289368,-1.319885,0.0,0.0,0.0
2022-09-01 11:10:40.435009+00:00,1662030640.435009,12704.2,8.303,1.006104,0.029907,0.014648,-2.098083,1.25885,-1.243591,0.0,0.0,0.0
2022-09-01 11:10:40.455268+00:00,1662030640.455268,12704.22,8.288,1.005981,0.030151,0.008911,-2.01416,1.342773,-1.251221,0.0,0.0,0.0
2022-09-01 11:10:40.475508+00:00,1662030640.4755077,12704.24,8.285,1.006958,0.030029,0.007935,-2.090454,1.38092,-1.190186,0.0,0.0,0.0
2022-09-01 11:10:40.495755+00:00,1662030640.4957547,12704.26,8.318,1.004395,0.0271,0.009399,-2.090454,1.396179,-1.113892,0.0,0.0,0.0
2022-09-01 11:10:40.516008+00:00,1662030640.5160077,12704.28,8.318,1.009155,0.027954,0.015503,-2.082825,1.541138,-1.083374,0.0,0.0,0.0
2022-09-01 11:10:40.536251+00:00,1662030640.5362508,12704.3,8.315,1.006104,0.028442,0.010742,-2.113342,1.487732,-1.091003,0.0,0.0,0.0
2022-09-01 11:10:40.556522+00:00,1662030640.556522,12704.32,8.294,1.006104,0.02832,0.010498,-2.082825,1.548767,-1.091003,0.0,0.0,0.0
2022-09-01 11:10:40.576770+00:00,1662030640.5767698,12704.34,8.324,1.006714,0.030762,0.007202,-2.166748,1.525879,-1.052856,0.0,0.0,0.0
2022-09-01 11:10:40.597013+00:00,1662030640.597013,12704.36,8.288,1.004883,0.030396,0.013184,-2.059937,1.556396,-0.999451,0.0,0.0,0.0
2022-09-01 11:10:40.617260+00:00,1662030640.61726,12704.38,8.327,1.006958,0.026978,0.012939,-2.151489,1.51825,-1.106262,0.0,0.0,0.0
2022-09-01 11:10:40.637530+00:00,1662030640.63753,12704.41,8.288,1.006714,0.026001,0.00769,-2.075195,1.617432,-1.174927,0.0,0.0,0.0
2022-09-01 11:10:40.657810+00:00,1662030640.6578102,12704.43,8.262,1.006958,0.028564,0.012451,-2.075195,1.51062,-1.182556,0.0,0.0,0.0
2022-09-01 11:10:40.678061+00:00,1662030640.678061,12704.45,8.297,1.006836,0.027344,0.010864,-2.13623,1.525879,-1.243591,0.0,0.0,0.0
2022-09-01 11:10:40.698329+00:00,1662030640.6983287,12704.47,8.318,1.006104,0.029297,0.015747,-2.128601,1.373291,-1.304626,0.0,0.0,0.0
2022-09-01 11:10:40.718678+00:00,1662030640.7186778,12704.49,8.3,1.00708,0.027344,0.013794,-2.128601,1.464844,-1.312256,0.0,0.0,0.0
2022-09-01 11:10:40.738971+00:00,1662030640.738971,12704.51,8.3,1.007935,0.027954,0.014282,-2.067566,1.373291,-1.350403,0.0,0.0,0.0
2022-09-01 11:10:40.760059+00:00,1662030640.7600586,12704.53,8.306,1.003784,0.026001,0.013306,-2.067566,1.38855,-1.327515,0.0,0.0,0.0
2022-09-01 11:10:40.780639+00:00,1662030640.7806387,12704.55,8.288,1.007446,0.028931,0.008667,-2.082825,1.365662,-1.365662,0.0,0.0,0.0
2022-09-01 11:10:40.801163+00:00,1662030640.801163,12704.57,8.288,1.008301,0.029785,0.013184,-2.044678,1.304626,-1.38855,0.0,0.0,0.0
2022-09-01 11:10:40.821929+00:00,1662030640.8219287,12704.59,8.294,1.009766,0.031738,0.008789,-2.082825,1.197815,-1.319885,0.0,0.0,0.0
2022-09-01 11:10:40.842492+00:00,1662030640.8424923,12704.61,8.303,1.006104,0.028076,0.004395,-2.090454,1.327515,-1.266479,0.0,0.0,0.0
2022-09-01 11:10:40.863003+00:00,1662030640.8630035,12704.63,8.3,1.007324,0.03064,0.011719,-2.098083,1.296997,-1.350403,0.0,0.0,0.0
2022-09-01 11:10:40.883513+00:00,1662030640.883513,12704.65,8.3,1.003784,0.031128,0.004761,-2.105713,1.358032,-1.243591,0.0,0.0,0.0
2022-09-01 11:10:40.904018+00:00,1662030640.9040177,12704.67,8.306,1.00647,0.033691,0.008911,-2.151489,1.419067,-1.197815,0.0,0.0,0.0
2022-09-01 11:10:40.924534+00:00,1662030640.9245338,12704.69,8.297,1.007568,0.032227,0.004395,-2.227783,1.419067,-1.182556,0.0,0.0,0.0
2022-09-01 11:10:40.945055+00:00,1662030640.9450552,12704.71,8.291,1.005737,0.030029,0.005859,-2.120972,1.457214,-1.144409,0.0,0.0,0.0
2022-09-01 11:10:40.965556+00:00,1662030640.965556,12704.73,8.3,1.005371,0.03064,0.010742,-2.113342,1.449585,-1.144409,0.0,0.0,0.0
2022-09-01 11:10:40.986055+00:00,1662030640.9860551,12704.75,8.306,1.003174,0.029053,0.007812,-2.113342,1.487732,-1.045227,0.0,0.0,0.0
2022-09-01 11:10:41.006566+00:00,1662030641.0065656,12704.77,8.324,1.005371,0.0271,0.009888,-2.044678,1.51825,-1.091003,0.0,0.0,0.0
2022-09-01 11:10:41.027121+00:00,1662030641.027121,12704.79,8.306,1.006104,0.031372,0.009521,-2.105713,1.602173,-1.060486,0.0,0.0,0.0
2022-09-01 11:10:41.047651+00:00,1662030641.047651,12704.82,8.327,1.006348,0.026978,0.012207,-2.075195,1.579285,-1.022339,0.0,0.0,0.0
2022-09-01 11:10:41.068127+00:00,1662030641.068127,12704.84,8.294,1.004395,0.028687,0.011108,-2.090454,1.541138,-1.091003,0.0,0.0,0.0
2022-09-01 11:10:41.088619+00:00,1662030641.0886195,12704.86,8.309,1.006226,0.025635,0.008545,-2.075195,1.564026,-1.12915,0.0,0.0,0.0
2022-09-01 11:10:41.108824+00:00,1662030641.108824,12704.88,8.327,1.008545,0.029175,0.011597,-2.13623,1.51825,-1.159668,0.0,0.0,0.0
2022-09-01 11:10:41.129032+00:00,1662030641.1290321,12704.9,8.303,1.005615,0.027832,0.011719,-2.113342,1.487732,-1.243591,0.0,0.0,0.0
2022-09-01 11:10:41.149301+00:00,1662030641.149301,12704.92,8.309,1.006836,0.025879,0.01355,-2.082825,1.403809,-1.274109,0.0,0.0,0.0
2022-09-01 11:10:41.169555+00:00,1662030641.169555,12704.94,8.288,1.00647,0.029053,0.009399,-2.189636,1.449585,-1.304626,0.0,0.0,0.0
2022-09-01 11:10:41.189811+00:00,1662030641.189811,12704.96,8.303,1.006348,0.025757,0.014648,-2.151489,1.365662,-1.296997,0.0,0.0,0.0
2022-09-01 11:10:41.210090+00:00,1662030641.2100897,12704.98,8.315,1.006226,0.03125,0.014282,-2.052307,1.373291,-1.342773,0.0,0.0,0.0
2022-09-01 11:10:41.230338+00:00,1662030641.2303379,12705.0,8.315,1.006714,0.029419,0.012817,-2.052307,1.319885,-1.396179,0.0,0.0,0.0
2022-09-01 11:10:41.250582+00:00,1662030641.2505825,12705.02,8.318,1.004761,0.028564,0.009521,-1.976013,1.350403,-1.358032,0.0,0.0,0.0
2022-09-01 11:10:41.270827+00:00,1662030641.2708266,12705.04,8.312,1.005249,0.031006,0.009644,-2.14386,1.281738,-1.350403,0.0,0.0,0.0
2022-09-01 11:10:41.291098+00:00,1662030641.2910979,12705.06,8.309,1.007812,0.0271,0.009277,-2.14386,1.335144,-1.38092,0.0,0.0,0.0
2022-09-01 11:10:41.311348+00:00,1662030641.3113477,12705.08,8.336,1.006104,0.032715,0.009155,-2.120972,1.235962,-1.350403,0.0,0.0,0.0
2022-09-01 11:10:41.331595+00:00,1662030641.3315954,12705.1,8.291,1.00647,0.031128,0.008667,-2.13623,1.304626,-1.235962,0.0,0.0,0.0
2022-09-01 11:10:41.351847+00:00,1662030641.351847,12705.12,8.294,1.009033,0.03186,0.009277,-2.151489,1.335144,-1.251221,0.0,0.0,0.0
2022-09-01 11:10:41.372159+00:00,1662030641.3721592,12705.14,8.276,1.003906,0.029541,0.008301,-2.14386,1.419067,-1.182556,0.0,0.0,0.0
2022-09-01 11:10:41.392404+00:00,1662030641.392404,12705.16,8.324,1.007812,0.027588,0.008545,-2.098083,1.434326,-1.121521,0.0,0.0,0.0
2022-09-01 11:10:41.412650+00:00,1662030641.4126496,12705.18,8.297,1.004272,0.031128,0.012085,-2.098083,1.449585,-1.144409,0.0,0.0,0.0
2022-09-01 11:10:41.432888+00:00,1662030641.4328883,12705.2,8.291,1.009155,0.030273,0.010254,-2.059937,1.495361,-1.106262,0.0,0.0,0.0
2022-09-01 11:10:41.453130+00:00,1662030641.4531302,12705.22,8.306,1.008179,0.029297,0.014893,-2.075195,1.594543,-1.121521,0.0,0.0,0.0
2022-09-01 11:10:41.473384+00:00,1662030641.4733841,12705.24,8.288,1.005127,0.027466,0.012207,-2.13623,1.548767,-1.091003,0.0,0.0,0.0
2022-09-01 11:10:41.493629+00:00,1662030641.4936285,12705.26,8.303,1.006104,0.029175,0.014038,-2.067566,1.541138,-1.106262,0.0,0.0,0.0
2022-09-01 11:10:41.513895+00:00,1662030641.5138953,12705.28,8.294,1.007568,0.028076,0.006958,-2.090454,1.502991,-0.999451,0.0,0.0,0.0
2022-09-01 11:10:41.534135+00:00,1662030641.5341353,12705.3,8.309,1.005127,0.029297,0.013062,-2.059937,1.564026,-1.075745,0.0,0.0,0.0
2022-09-01 11:10:41.554366+00:00,1662030641.554366,12705.32,8.333,1.003174,0.029297,0.010742,-2.13623,1.579285,-1.144409,0.0,0.0,0.0
2022-09-01 11:10:41.574600+00:00,1662030641.5746005,12705.34,8.303,1.008545,0.0271,0.012451,-2.098083,1.525879,-1.289368,0.0,0.0,0.0
2022-09-01 11:10:41.594838+00:00,1662030641.5948384,12705.36,8.282,1.007446,0.030151,0.01355,-1.991272,1.487732,-1.220703,0.0,0.0,0.0
2022-09-01 11:10:41.615095+00:00,1662030641.6150954,12705.38,8.309,1.008423,0.029907,0.012817,-2.067566,1.403809,-1.296997,0.0,0.0,0.0
2022-09-01 11:10:41.635357+00:00,1662030641.635357,12705.4,8.312,1.007446,0.025146,0.011841,-2.052307,1.327515,-1.243591,0.0,0.0,0.0
2022-09-01 11:10:41.655606+00:00,1662030641.6556058,12705.42,8.309,1.007446,0.028687,0.014038,-2.075195,1.327515,-1.304626,0.0,0.0,0.0
2022-09-01 11:10:41.675866+00:00,1662030641.6758661,12705.44,8.315,1.006348,0.028809,0.009155,-2.082825,1.350403,-1.350403,0.0,0.0,0.0
2022-09-01 11:10:41.696105+00:00,1662030641.6961052,12705.46,8.321,1.005737,0.029907,0.009521,-2.090454,1.403809,-1.38092,0.0,0.0,0.0
2022-09-01 11:10:41.716345+00:00,1662030641.716345,12705.48,8.312,1.006592,0.030273,0.010132,-2.120972,1.38855,-1.411438,0.0,0.0,0.0
2022-09-01 11:10:41.736586+00:00,1662030641.7365856,12705.5,8.309,1.007812,0.030029,0.013062,-2.067566,1.304626,-1.365662,0.0,0.0,0.0
2022-09-01 11:10:41.756821+00:00,1662030641.7568214,12705.52,8.3,1.005493,0.027954,0.006104,-2.082825,1.312256,-1.342773,0.0,0.0,0.0
2022-09-01 11:10:41.777056+00:00,1662030641.7770555,12705.54,8.303,1.004883,0.027588,0.007935,-2.052307,1.373291,-1.304626,0.0,0.0,0.0
2022-09-01 11:10:41.797294+00:00,1662030641.7972937,12705.56,8.3,1.004639,0.030029,0.012451,-2.105713,1.358032,-1.274109,0.0,0.0,0.0
2022-09-01 11:10:41.817533+00:00,1662030641.817533,12705.59,8.303,1.005127,0.03125,0.010742,-2.128601,1.434326,-1.243591,0.0,0.0,0.0
2022-09-01 11:10:41.837802+00:00,1662030641.8378022,12705.61,8.309,1.00647,0.030396,0.00769,-2.082825,1.441956,-1.205444,0.0,0.0,0.0
2022-09-01 11:10:41.858040+00:00,1662030641.8580396,12705.63,8.312,1.005493,0.030884,0.013672,-2.082825,1.464844,-1.213074,0.0,0.0,0.0
2022-09-01 11:10:41.878277+00:00,1662030641.878277,12705.65,8.294,1.004272,0.029297,0.012085,-2.067566,1.441956,-1.106262,0.0,0.0,0.0
2022-09-01 11:10:41.898538+00:00,1662030641.8985384,12705.67,8.321,1.005249,0.030029,0.008667,-2.13623,1.571655,-1.083374,0.0,0.0,0.0
2022-09-01 11:10:41.918808+00:00,1662030641.9188082,12705.69,8.297,1.006958,0.028198,0.008789,-2.090454,1.457214,-1.00708,0.0,0.0,0.0
2022-09-01 11:10:41.939049+00:00,1662030641.9390485,12705.71,8.309,1.006836,0.03125,0.01123,-2.090454,1.602173,-1.045227,0.0,0.0,0.0
2022-09-01 11:10:41.959303+00:00,1662030641.9593034,12705.73,8.321,1.007812,0.026611,0.010498,-2.14386,1.51825,-1.12915,0.0,0.0,0.0
2022-09-01 11:10:41.979619+00:00,1662030641.9796188,12705.75,8.315,1.009888,0.029053,0.014771,-2.159119,1.51062,-1.068115,0.0,0.0,0.0
2022-09-01 11:10:41.999931+00:00,1662030641.9999313,12705.77,8.312,1.008179,0.028809,0.012085,-2.098083,1.502991,-1.121521,0.0,0.0,0.0
2022-09-01 11:10:42.020187+00:00,1662030642.0201874,12705.79,8.321,1.00769,0.028076,0.011108,-2.052307,1.480103,-1.182556,0.0,0.0,0.0
2022-09-01 11:10:42.040446+00:00,1662030642.0404463,12705.81,8.303,1.004272,0.026001,0.008545,-2.067566,1.487732,-1.213074,0.0,0.0,0.0
2022-09-01 11:10:42.060685+00:00,1662030642.0606852,12705.83,8.3,1.008301,0.027344,0.013672,-2.105713,1.449585,-1.281738,0.0,0.0,0.0
2022-09-01 11:10:42.080971+00:00,1662030642.080971,12705.85,8.306,1.00769,0.026733,0.009399,-2.113342,1.434326,-1.296997,0.0,0.0,0.0
2022-09-01 11:10:42.101422+00:00,1662030642.101422,12705.87,8.315,1.005859,0.029053,0.008789,-2.13623,1.289368,-1.335144,0.0,0.0,0.0
2022-09-01 11:10:42.121707+00:00,1662030642.121707,12705.89,8.294,1.007935,0.027588,0.01001,-2.166748,1.396179,-1.38092,0.0,0.0,0.0
2022-09-01 11:10:42.141959+00:00,1662030642.1419594,12705.91,8.297,1.008179,0.03125,0.01123,-2.059937,1.350403,-1.373291,0.0,0.0,0.0
2022-09-01 11:10:42.162243+00:00,1662030642.1622431,12705.93,8.294,1.00708,0.027954,0.01355,-2.113342,1.289368,-1.403809,0.0,0.0,0.0
2022-09-01 11:10:42.182509+00:00,1662030642.182509,12705.95,8.3,1.006226,0.027466,0.012817,-2.075195,1.304626,-1.396179,0.0,0.0,0.0
2022-09-01 11:10:42.202811+00:00,1662030642.2028112,12705.97,8.309,1.003784,0.02771,0.010254,-2.105713,1.312256,-1.296997,0.0,0.0,0.0
2022-09-01 11:10:42.223080+00:00,1662030642.22308,12705.99,8.303,1.004272,0.030518,0.014404,-2.151489,1.365662,-1.25885,0.0,0.0,0.0
2022-09-01 11:10:42.243352+00:00,1662030642.2433522,12706.01,8.312,1.007202,0.029419,0.009521,-2.075195,1.350403,-1.289368,0.0,0.0,0.0
2022-09-01 11:10:42.263602+00:00,1662030642.263602,12706.03,8.318,1.007568,0.03125,0.009155,-2.113342,1.426697,-1.220703,0.0,0.0,0.0
2022-09-01 11:10:42.283906+00:00,1662030642.2839057,12706.05,8.291,1.004517,0.029419,0.010864,-2.105713,1.411438,-1.220703,0.0,0.0,0.0
2022-09-01 11:10:42.304189+00:00,1662030642.3041887,12706.07,8.303,1.005981,0.027832,0.011963,-2.120972,1.449585,-1.182556,0.0,0.0,0.0
2022-09-01 11:10:42.324439+00:00,1662030642.3244388,12706.09,8.324,1.005371,0.031738,0.011963,-2.166748,1.38092,-1.12915,0.0,0.0,0.0
2022-09-01 11:10:42.344682+00:00,1662030642.3446825,12706.11,8.318,1.004517,0.029785,0.006592,-2.098083,1.502991,-1.091003,0.0,0.0,0.0
2022-09-01 11:10:42.364962+00:00,1662030642.3649619,12706.13,8.3,1.005859,0.029175,0.01062,-2.151489,1.51825,-1.045227,0.0,0.0,0.0
2022-09-01 11:10:42.385241+00:00,1662030642.3852408,12706.15,8.321,1.007324,0.029663,0.012207,-2.075195,1.495361,-1.113892,0.0,0.0,0.0
2022-09-01 11:10:42.405528+00:00,1662030642.4055276,12706.17,8.3,1.007324,0.026855,0.00769,-2.029419,1.525879,-1.12915,0.0,0.0,0.0
2022-09-01 11:10:42.425820+00:00,1662030642.4258199,12706.19,8.306,1.008667,0.029419,0.014038,-2.14386,1.51062,-1.121521,0.0,0.0,0.0
2022-09-01 11:10:42.446063+00:00,1662030642.4460628,12706.21,8.303,1.007324,0.028809,0.011841,-2.105713,1.441956,-1.121521,0.0,0.0,0.0
2022-09-01 11:10:42.466299+00:00,1662030642.466299,12706.23,8.309,1.006104,0.029419,0.011841,-2.075195,1.441956,-1.167297,0.0,0.0,0.0
2022-09-01 11:10:42.486540+00:00,1662030642.4865396,12706.25,8.297,1.007446,0.028198,0.012573,-2.059937,1.434326,-1.197815,0.0,0.0,0.0
2022-09-01 11:10:42.506818+00:00,1662030642.5068178,12706.27,8.3,1.006592,0.027588,0.011841,-2.067566,1.449585,-1.266479,0.0,0.0,0.0
2022-09-01 11:10:42.527065+00:00,1662030642.5270646,12706.29,8.315,1.00708,0.027832,0.014404,-2.113342,1.434326,-1.251221,0.0,0.0,0.0
2022-09-01 11:10:42.547368+00:00,1662030642.5473683,12706.31,8.297,1.01001,0.029419,0.011353,-2.037048,1.472473,-1.304626,0.0,0.0,0.0
2022-09-01 11:10:42.567676+00:00,1662030642.5676756,12706.34,8.303,1.005737,0.029907,0.012817,-2.098083,1.365662,-1.327515,0.0,0.0,0.0
2022-09-01 11:10:42.587926+00:00,1662030642.5879264,12706.36,8.309,1.005371,0.026489,0.011597,-2.01416,1.38855,-1.38855,0.0,0.0,0.0
2022-09-01 11:10:42.608212+00:00,1662030642.6082122,12706.38,8.315,1.008423,0.030884,0.012573,-2.044678,1.312256,-1.358032,0.0,0.0,0.0
2022-09-01 11:10:42.628461+00:00,1662030642.6284614,12706.4,8.318,1.008057,0.032227,0.009277,-2.037048,1.358032,-1.358032,0.0,0.0,0.0
2022-09-01 11:10:42.648773+00:00,1662030642.6487734,12706.42,8.321,1.007202,0.029541,0.013428,-2.159119,1.304626,-1.358032,0.0,0.0,0.0
2022-09-01 11:10:42.669024+00:00,1662030642.6690242,12706.44,8.312,1.005981,0.031738,0.006104,-2.075195,1.289368,-1.312256,0.0,0.0,0.0
2022-09-01 11:10:42.689274+00:00,1662030642.6892743,12706.46,8.318,1.009033,0.03064,0.012207,-2.120972,1.403809,-1.312256,0.0,0.0,0.0
2022-09-01 11:10:42.709557+00:00,1662030642.7095566,12706.48,8.297,1.003662,0.030518,0.010864,-2.098083,1.365662,-1.281738,0.0,0.0,0.0
2022-09-01 11:10:42.729807+00:00,1662030642.729807,12706.5,8.3,1.007812,0.031006,0.01062,-2.13623,1.419067,-1.274109,0.0,0.0,0.0
2022-09-01 11:10:42.750050+00:00,1662030642.7500496,12706.52,8.288,1.005005,0.031738,0.009155,-2.052307,1.419067,-1.228333,0.0,0.0,0.0
2022-09-01 11:10:42.770295+00:00,1662030642.7702954,12706.54,8.321,1.004517,0.031128,0.01123,-2.098083,1.403809,-1.098633,0.0,0.0,0.0
2022-09-01 11:10:42.790538+00:00,1662030642.790538,12706.56,8.324,1.005615,0.030518,0.010132,-2.082825,1.426697,-1.068115,0.0,0.0,0.0
2022-09-01 11:10:42.810813+00:00,1662030642.8108127,12706.58,8.321,1.009766,0.027588,0.006592,-2.14386,1.51825,-1.098633,0.0,0.0,0.0
2022-09-01 11:10:42.831089+00:00,1662030642.8310893,12706.6,8.306,1.007935,0.030029,0.008911,-2.082825,1.480103,-1.106262,0.0,0.0,0.0
2022-09-01 11:10:42.851348+00:00,1662030642.851348,12706.62,8.327,1.004272,0.028809,0.01062,-2.052307,1.594543,-1.045227,0.0,0.0,0.0
2022-09-01 11:10:42.871591+00:00,1662030642.8715909,12706.64,8.324,1.009644,0.028198,0.00769,-2.075195,1.51062,-1.075745,0.0,0.0,0.0
2022-09-01 11:10:42.891833+00:00,1662030642.891833,12706.66,8.294,1.00354,0.027588,0.014038,-2.105713,1.51062,-1.121521,0.0,0.0,0.0
2022-09-01 11:10:42.912072+00:00,1662030642.9120722,12706.68,8.324,1.006592,0.027344,0.009766,-2.098083,1.51062,-1.152039,0.0,0.0,0.0
2022-09-01 11:10:42.932311+00:00,1662030642.9323106,12706.7,8.303,1.006104,0.030151,0.010864,-2.120972,1.472473,-1.152039,0.0,0.0,0.0
2022-09-01 11:10:42.952547+00:00,1662030642.9525466,12706.72,8.306,1.007202,0.029663,0.015015,-2.13623,1.38092,-1.25885,0.0,0.0,0.0
2022-09-01 11:10:42.972788+00:00,1662030642.9727876,12706.74,8.306,1.007324,0.028687,0.015747,-2.075195,1.457214,-1.235962,0.0,0.0,0.0
2022-09-01 11:10:42.993054+00:00,1662030642.993054,12706.76,8.282,1.004883,0.030029,0.009766,-2.13623,1.464844,-1.220703,0.0,0.0,0.0
2022-09-01 11:10:43.013305+00:00,1662030643.0133052,12706.78,8.306,1.004761,0.02832,0.01709,-2.082825,1.365662,-1.296997,0.0,0.0,0.0
2022-09-01 11:10:43.033554+00:00,1662030643.0335543,12706.8,8.318,1.008179,0.029175,0.013794,-2.090454,1.373291,-1.358032,0.0,0.0,0.0
2022-09-01 11:10:43.053797+00:00,1662030643.0537965,12706.82,8.318,1.005005,0.029053,0.008423,-2.075195,1.358032,-1.342773,0.0,0.0,0.0
2022-09-01 11:10:43.074041+00:00,1662030643.0740414,12706.84,8.318,1.007935,0.028809,0.010986,-2.098083,1.281738,-1.342773,0.0,0.0,0.0
2022-09-01 11:10:43.094311+00:00,1662030643.0943115,12706.86,8.324,1.006958,0.026978,0.012695,-2.059937,1.266479,-1.38092,0.0,0.0,0.0
2022-09-01 11:10:43.114555+00:00,1662030643.1145546,12706.88,8.303,1.006226,0.03186,0.015259,-2.128601,1.304626,-1.365662,0.0,0.0,0.0
2022-09-01 11:10:43.134806+00:00,1662030643.1348057,12706.9,8.303,1.01001,0.028442,0.012573,-2.113342,1.411438,-1.327515,0.0,0.0,0.0
2022-09-01 11:10:43.155052+00:00,1662030643.155052,12706.92,8.318,1.007324,0.03125,0.008545,-2.075195,1.342773,-1.296997,0.0,0.0,0.0
2022-09-01 11:10:43.175325+00:00,1662030643.1753247,12706.94,8.339,1.004517,0.03125,0.006958,-2.14386,1.480103,-1.251221,0.0,0.0,0.0
2022-09-01 11:10:43.195621+00:00,1662030643.195621,12706.96,8.303,1.005249,0.031982,0.008301,-2.151489,1.449585,-1.251221,0.0,0.0,0.0
2022-09-01 11:10:43.215884+00:00,1662030643.2158837,12706.98,8.315,1.005371,0.030518,0.01062,-2.082825,1.449585,-1.159668,0.0,0.0,0.0
2022-09-01 11:10:43.236222+00:00,1662030643.2362216,12707.0,8.309,1.006714,0.030396,0.009277,-2.075195,1.472473,-1.213074,0.0,0.0,0.0
2022-09-01 11:10:43.256694+00:00,1662030643.2566943,12707.02,8.297,1.00647,0.029663,0.009888,-2.105713,1.457214,-1.13678,0.0,0.0,0.0
2022-09-01 11:10:43.277160+00:00,1662030643.2771604,12707.04,8.291,1.006714,0.029663,0.012207,-2.120972,1.571655,-1.083374,0.0,0.0,0.0
2022-09-01 11:10:43.297750+00:00,1662030643.29775,12707.07,8.312,1.005737,0.028442,0.011475,-2.13623,1.541138,-1.13678,0.0,0.0,0.0
2022-09-01 11:10:43.318147+00:00,1662030643.3181467,12707.09,8.285,1.005737,0.028198,0.011353,-2.113342,1.533508,-1.075745,0.0,0.0,0.0
2022-09-01 11:10:43.338640+00:00,1662030643.3386402,12707.11,8.315,1.005737,0.029663,0.009155,-2.037048,1.571655,-1.144409,0.0,0.0,0.0
2022-09-01 11:10:43.359232+00:00,1662030643.3592322,12707.13,8.294,1.007202,0.026001,0.012207,-2.052307,1.525879,-1.13678,0.0,0.0,0.0
2022-09-01 11:10:43.379554+00:00,1662030643.379554,12707.15,8.312,1.00769,0.028198,0.012451,-2.14386,1.449585,-1.167297,0.0,0.0,0.0
2022-09-01 11:10:43.400074+00:00,1662030643.4000742,12707.17,8.321,1.00708,0.026733,0.012451,-2.120972,1.373291,-1.190186,0.0,0.0,0.0
2022-09-01 11:10:43.420542+00:00,1662030643.4205422,12707.19,8.321,1.005981,0.03125,0.011353,-2.090454,1.441956,-1.182556,0.0,0.0,0.0
2022-09-01 11:10:43.441066+00:00,1662030643.4410663,12707.21,8.327,1.00769,0.027466,0.013916,-2.14386,1.38855,-1.304626,0.0,0.0,0.0
2022-09-01 11:10:43.461549+00:00,1662030643.4615488,12707.23,8.327,1.005737,0.026123,0.011475,-2.151489,1.403809,-1.296997,0.0,0.0,0.0
2022-09-01 11:10:43.482096+00:00,1662030643.4820964,12707.25,8.303,1.006592,0.029907,0.007202,-2.059937,1.419067,-1.342773,0.0,0.0,0.0
2022-09-01 11:10:43.511011+00:00,1662030643.5110114,12707.28,8.3,1.005859,0.030029,0.011597,-2.082825,1.365662,-1.319885,0.0,0.0,0.0
2022-09-01 11:10:43.522276+00:00,1662030643.5222764,12707.29,8.312,1.004395,0.03186,0.008911,-2.059937,1.38855,-1.419067,0.0,0.0,0.0
2022-09-01 11:10:43.542202+00:00,1662030643.5422018,12707.31,8.291,1.005249,0.029907,0.010132,-2.14386,1.312256,-1.373291,0.0,0.0,0.0
2022-09-01 11:10:43.563265+00:00,1662030643.5632646,12707.33,8.294,1.006592,0.030151,0.01001,-2.166748,1.281738,-1.365662,0.0,0.0,0.0
2022-09-01 11:10:43.583190+00:00,1662030643.5831902,12707.35,8.309,1.00647,0.030029,0.011963,-2.105713,1.312256,-1.304626,0.0,0.0,0.0
2022-09-01 11:10:43.602145+00:00,1662030643.6021454,12707.37,8.294,1.008057,0.027832,0.011108,-2.075195,1.434326,-1.312256,0.0,0.0,0.0
2022-09-01 11:10:43.621961+00:00,1662030643.6219614,12707.39,8.315,1.007812,0.03064,0.010376,-2.044678,1.38092,-1.251221,0.0,0.0,0.0
2022-09-01 11:10:43.642595+00:00,1662030643.6425946,12707.41,8.306,1.009155,0.028564,0.008057,-2.082825,1.373291,-1.205444,0.0,0.0,0.0
2022-09-01 11:10:43.663230+00:00,1662030643.66323,12707.43,8.291,1.006714,0.032227,0.011963,-2.037048,1.464844,-1.197815,0.0,0.0,0.0
2022-09-01 11:10:43.683888+00:00,1662030643.683888,12707.45,8.309,1.008057,0.031616,0.008667,-2.105713,1.449585,-1.197815,0.0,0.0,0.0
2022-09-01 11:10:43.709427+00:00,1662030643.7094269,12707.48,8.327,1.005737,0.030396,0.012207,-2.067566,1.464844,-1.113892,0.0,0.0,0.0
2022-09-01 11:10:43.729837+00:00,1662030643.729837,12707.5,8.3,1.010376,0.029297,0.008301,-2.098083,1.548767,-1.083374,0.0,0.0,0.0
2022-09-01 11:10:43.750272+00:00,1662030643.750272,12707.52,8.309,1.006836,0.029053,0.011963,-2.105713,1.426697,-1.12915,0.0,0.0,0.0
2022-09-01 11:10:43.770694+00:00,1662030643.7706945,12707.54,8.306,1.005249,0.029297,0.010986,-2.159119,1.541138,-1.083374,0.0,0.0,0.0
2022-09-01 11:10:43.791092+00:00,1662030643.7910924,12707.56,8.3,1.005005,0.029053,0.015015,-2.098083,1.594543,-1.12915,0.0,0.0,0.0
2022-09-01 11:10:43.810324+00:00,1662030643.8103237,12707.58,8.306,1.005127,0.030273,0.012207,-2.059937,1.457214,-1.12915,0.0,0.0,0.0
2022-09-01 11:10:43.830804+00:00,1662030643.830804,12707.6,8.303,1.005859,0.029419,0.013306,-2.075195,1.533508,-1.213074,0.0,0.0,0.0
2022-09-01 11:10:43.851264+00:00,1662030643.8512638,12707.62,8.318,1.005981,0.028076,0.009033,-2.120972,1.495361,-1.197815,0.0,0.0,0.0
2022-09-01 11:10:43.871721+00:00,1662030643.8717208,12707.64,8.3,1.007446,0.03064,0.012451,-2.14386,1.411438,-1.213074,0.0,0.0,0.0
2022-09-01 11:10:43.892208+00:00,1662030643.892208,12707.66,8.303,1.008057,0.027588,0.012817,-2.113342,1.419067,-1.251221,0.0,0.0,0.0
2022-09-01 11:10:43.912672+00:00,1662030643.9126723,12707.68,8.318,1.007446,0.029785,0.014038,-2.059937,1.411438,-1.319885,0.0,0.0,0.0
2022-09-01 11:10:43.933138+00:00,1662030643.9331377,12707.7,8.321,1.005249,0.0271,0.009277,-2.067566,1.335144,-1.243591,0.0,0.0,0.0
2022-09-01 11:10:43.953594+00:00,1662030643.9535942,12707.72,8.309,1.006958,0.028564,0.010376,-2.082825,1.373291,-1.335144,0.0,0.0,0.0
2022-09-01 11:10:43.974063+00:00,1662030643.9740632,12707.74,8.291,1.00647,0.028564,0.009888,-2.113342,1.342773,-1.335144,0.0,0.0,0.0
2022-09-01 11:10:43.994575+00:00,1662030643.994575,12707.76,8.3,1.007202,0.03186,0.009033,-2.075195,1.319885,-1.281738,0.0,0.0,0.0
2022-09-01 11:10:44.015052+00:00,1662030644.015052,12707.78,8.309,1.007935,0.029785,0.008667,-2.113342,1.327515,-1.296997,0.0,0.0,0.0
2022-09-01 11:10:44.035531+00:00,1662030644.0355313,12707.8,8.303,1.004761,0.030396,0.010986,-2.098083,1.373291,-1.235962,0.0,0.0,0.0
2022-09-01 11:10:44.056021+00:00,1662030644.056021,12707.82,8.297,1.005127,0.032104,0.010132,-2.113342,1.38092,-1.335144,0.0,0.0,0.0
2022-09-01 11:10:44.076494+00:00,1662030644.0764937,12707.84,8.303,1.005371,0.028931,0.013062,-2.128601,1.411438,-1.274109,0.0,0.0,0.0
2022-09-01 11:10:44.096976+00:00,1662030644.0969758,12707.86,8.297,1.003174,0.032104,0.014038,-2.029419,1.358032,-1.190186,0.0,0.0,0.0
2022-09-01 11:10:44.117479+00:00,1662030644.1174786,12707.89,8.3,1.007324,0.031006,0.007446,-2.075195,1.426697,-1.182556,0.0,0.0,0.0
2022-09-01 11:10:44.138107+00:00,1662030644.1381073,12707.91,8.312,1.003906,0.028809,0.008057,-2.113342,1.457214,-1.213074,0.0,0.0,0.0
2022-09-01 11:10:44.158614+00:00,1662030644.158614,12707.93,8.324,1.005859,0.029907,0.014038,-2.105713,1.502991,-1.083374,0.0,0.0,0.0
2022-09-01 11:10:44.179095+00:00,1662030644.1790946,12707.95,8.324,1.006592,0.031128,0.012817,-2.090454,1.51825,-1.113892,0.0,0.0,0.0
2022-09-01 11:10:44.199597+00:00,1662030644.1995966,12707.97,8.315,1.006836,0.029785,0.012939,-2.090454,1.502991,-1.075745,0.0,0.0,0.0
2022-09-01 11:10:44.220047+00:00,1662030644.2200465,12707.99,8.327,1.006226,0.027832,0.014038,-2.159119,1.502991,-1.12915,0.0,0.0,0.0
2022-09-01 11:10:44.240510+00:00,1662030644.2405095,12708.01,8.303,1.007446,0.028442,0.012207,-2.128601,1.51825,-1.106262,0.0,0.0,0.0
2022-09-01 11:10:44.261013+00:00,1662030644.2610126,12708.03,8.336,1.007324,0.027832,0.008789,-2.090454,1.51825,-1.13678,0.0,0.0,0.0
2022-09-01 11:10:44.281500+00:00,1662030644.2814996,12708.05,8.312,1.004761,0.029785,0.009399,-2.082825,1.434326,-1.152039,0.0,0.0,0.0
2022-09-01 11:10:44.302033+00:00,1662030644.302033,12708.07,8.309,1.006348,0.027466,0.009644,-2.075195,1.426697,-1.235962,0.0,0.0,0.0
2022-09-01 11:10:44.322495+00:00,1662030644.322495,12708.09,8.303,1.005127,0.026855,0.010132,-2.090454,1.472473,-1.190186,0.0,0.0,0.0
2022-09-01 11:10:44.342962+00:00,1662030644.3429615,12708.11,8.315,1.006348,0.028564,0.015015,-2.090454,1.449585,-1.228333,0.0,0.0,0.0
2022-09-01 11:10:44.363438+00:00,1662030644.3634384,12708.13,8.333,1.006348,0.028076,0.01123,-2.02179,1.358032,-1.274109,0.0,0.0,0.0
2022-09-01 11:10:44.383936+00:00,1662030644.3839364,12708.15,8.3,1.004639,0.029785,0.013794,-2.098083,1.396179,-1.304626,0.0,0.0,0.0
2022-09-01 11:10:44.404391+00:00,1662030644.404391,12708.17,8.303,1.003418,0.026855,0.007935,-2.13623,1.304626,-1.304626,0.0,0.0,0.0
2022-09-01 11:10:44.424863+00:00,1662030644.4248626,12708.19,8.306,1.00647,0.028564,0.012939,-2.128601,1.266479,-1.335144,0.0,0.0,0.0
2022-09-01 11:10:44.445318+00:00,1662030644.4453182,12708.21,8.333,1.007812,0.026855,0.011841,-2.120972,1.464844,-1.289368,0.0,0.0,0.0
2022-09-01 11:10:44.466331+00:00,1662030644.4663305,12708.23,8.33,1.006714,0.032715,0.011963,-2.029419,1.396179,-1.304626,0.0,0.0,0.0
2022-09-01 11:10:44.486653+00:00,1662030644.486653,12708.25,8.312,1.007202,0.02832,0.01001,-2.02179,1.304626,-1.281738,0.0,0.0,0.0
2022-09-01 11:10:44.506633+00:00,1662030644.506633,12708.27,8.309,1.007324,0.030151,0.007568,-2.090454,1.403809,-1.274109,0.0,0.0,0.0
2022-09-01 11:10:44.527659+00:00,1662030644.5276587,12708.3,8.333,1.008789,0.03186,0.013306,-2.075195,1.335144,-1.220703,0.0,0.0,0.0
2022-09-01 11:10:44.548643+00:00,1662030644.5486429,12708.32,8.321,1.004761,0.027832,0.009521,-2.090454,1.449585,-1.25885,0.0,0.0,0.0
2022-09-01 11:10:44.569637+00:00,1662030644.5696368,12708.34,8.312,1.006958,0.031372,0.012207,-2.067566,1.434326,-1.213074,0.0,0.0,0.0
2022-09-01 11:10:44.590582+00:00,1662030644.5905817,12708.36,8.312,1.007812,0.029419,0.013916,-2.105713,1.487732,-1.121521,0.0,0.0,0.0
2022-09-01 11:10:44.611832+00:00,1662030644.6118317,12708.38,8.324,1.006592,0.028442,0.009033,-2.113342,1.464844,-1.174927,0.0,0.0,0.0
2022-09-01 11:10:44.631890+00:00,1662030644.6318898,12708.4,8.318,1.007935,0.030396,0.014038,-2.037048,1.480103,-1.113892,0.0,0.0,0.0
2022-09-01 11:10:44.652923+00:00,1662030644.652923,12708.42,8.291,1.005859,0.028198,0.010132,-2.098083,1.525879,-1.075745,0.0,0.0,0.0
2022-09-01 11:10:44.673366+00:00,1662030644.6733658,12708.44,8.294,1.00708,0.028931,0.008301,-2.14386,1.472473,-1.068115,0.0,0.0,0.0
2022-09-01 11:10:44.693892+00:00,1662030644.693892,12708.46,8.33,1.007568,0.0271,0.012695,-2.159119,1.449585,-1.029968,0.0,0.0,0.0
2022-09-01 11:10:44.714402+00:00,1662030644.7144017,12708.48,8.33,1.010132,0.028931,0.014404,-2.082825,1.556396,-1.182556,0.0,0.0,0.0
2022-09-01 11:10:44.734896+00:00,1662030644.734896,12708.5,8.306,1.005005,0.026123,0.013794,-2.113342,1.396179,-1.12915,0.0,0.0,0.0
2022-09-01 11:10:44.755374+00:00,1662030644.7553744,12708.52,8.309,1.005249,0.029053,0.01355,-2.159119,1.51825,-1.235962,0.0,0.0,0.0
2022-09-01 11:10:44.775893+00:00,1662030644.7758927,12708.54,8.306,1.007202,0.030029,0.01062,-2.14386,1.411438,-1.182556,0.0,0.0,0.0
2022-09-01 11:10:44.796368+00:00,1662030644.7963684,12708.56,8.3,1.006958,0.028198,0.010742,-2.059937,1.487732,-1.266479,0.0,0.0,0.0
2022-09-01 11:10:44.816860+00:00,1662030644.81686,12708.58,8.321,1.005127,0.028198,0.015991,-2.120972,1.365662,-1.319885,0.0,0.0,0.0
2022-09-01 11:10:44.837372+00:00,1662030644.8373723,12708.6,8.318,1.004883,0.028564,0.012573,-2.075195,1.335144,-1.266479,0.0,0.0,0.0
2022-09-01 11:10:44.857885+00:00,1662030644.8578854,12708.63,8.306,1.00708,0.027588,0.011963,-2.059937,1.335144,-1.319885,0.0,0.0,0.0
2022-09-01 11:10:44.878360+00:00,1662030644.8783603,12708.65,8.315,1.006226,0.028687,0.013794,-2.075195,1.312256,-1.289368,0.0,0.0,0.0
2022-09-01 11:10:44.898907+00:00,1662030644.8989067,12708.67,8.321,1.003662,0.03064,0.01355,-2.14386,1.365662,-1.365662,0.0,0.0,0.0
2022-09-01 11:10:44.919307+00:00,1662030644.919307,12708.69,8.318,1.006958,0.029419,0.012939,-2.01416,1.358032,-1.312256,0.0,0.0,0.0
2022-09-01 11:10:44.939803+00:00,1662030644.9398026,12708.71,8.315,1.005249,0.029907,0.012695,-2.120972,1.403809,-1.373291,0.0,0.0,0.0
2022-09-01 11:10:44.960269+00:00,1662030644.9602692,12708.73,8.297,1.009644,0.030762,0.011353,-2.128601,1.403809,-1.25885,0.0,0.0,0.0
2022-09-01 11:10:44.980784+00:00,1662030644.9807844,12708.75,8.309,1.007568,0.028931,0.008057,-2.105713,1.441956,-1.319885,0.0,0.0,0.0
2022-09-01 11:10:45.001264+00:00,1662030645.0012643,12708.77,8.312,1.008545,0.03186,0.009399,-2.098083,1.396179,-1.266479,0.0,0.0,0.0
2022-09-01 11:10:45.021752+00:00,1662030645.021752,12708.79,8.336,1.006592,0.028931,0.011963,-2.105713,1.426697,-1.197815,0.0,0.0,0.0
2022-09-01 11:10:45.042256+00:00,1662030645.0422559,12708.81,8.315,1.005127,0.030273,0.007202,-2.082825,1.396179,-1.144409,0.0,0.0,0.0
2022-09-01 11:10:45.062734+00:00,1662030645.062734,12708.83,8.318,1.007202,0.030029,0.014648,-2.037048,1.495361,-1.12915,0.0,0.0,0.0
2022-09-01 11:10:45.083221+00:00,1662030645.0832214,12708.85,8.297,1.009277,0.031128,0.007812,-2.098083,1.525879,-1.121521,0.0,0.0,0.0
2022-09-01 11:10:45.103687+00:00,1662030645.1036866,12708.87,8.318,1.006104,0.026489,0.013794,-2.075195,1.502991,-1.182556,0.0,0.0,0.0
2022-09-01 11:10:45.124159+00:00,1662030645.1241586,12708.89,8.315,1.007568,0.026733,0.009155,-2.105713,1.564026,-1.12915,0.0,0.0,0.0
2022-09-01 11:10:45.144627+00:00,1662030645.1446269,12708.91,8.309,1.007324,0.026611,0.01123,-2.075195,1.51062,-1.075745,0.0,0.0,0.0
2022-09-01 11:10:45.165088+00:00,1662030645.1650882,12708.93,8.3,1.008057,0.029785,0.012573,-2.120972,1.480103,-1.113892,0.0,0.0,0.0
2022-09-01 11:10:45.185561+00:00,1662030645.1855614,12708.95,8.318,1.006836,0.02832,0.014282,-2.128601,1.480103,-1.243591,0.0,0.0,0.0
2022-09-01 11:10:45.206070+00:00,1662030645.2060702,12708.97,8.315,1.008057,0.028442,0.015503,-2.098083,1.449585,-1.167297,0.0,0.0,0.0
2022-09-01 11:10:45.226560+00:00,1662030645.2265604,12708.99,8.324,1.00708,0.027588,0.015503,-2.052307,1.365662,-1.205444,0.0,0.0,0.0
2022-09-01 11:10:45.247047+00:00,1662030645.247047,12709.01,8.318,1.008423,0.026855,0.015625,-2.120972,1.350403,-1.243591,0.0,0.0,0.0
2022-09-01 11:10:45.267512+00:00,1662030645.2675123,12709.04,8.306,1.004883,0.027588,0.011963,-2.090454,1.327515,-1.235962,0.0,0.0,0.0
2022-09-01 11:10:45.288032+00:00,1662030645.2880323,12709.06,8.306,1.005981,0.027954,0.014893,-2.105713,1.342773,-1.327515,0.0,0.0,0.0
2022-09-01 11:10:45.308510+00:00,1662030645.3085103,12709.08,8.321,1.006958,0.026733,0.008179,-2.113342,1.327515,-1.289368,0.0,0.0,0.0
2022-09-01 11:10:45.328964+00:00,1662030645.3289635,12709.1,8.33,1.004517,0.032227,0.01062,-2.098083,1.38092,-1.335144,0.0,0.0,0.0
2022-09-01 11:10:45.349426+00:00,1662030645.349426,12709.12,8.333,1.005005,0.03125,0.009888,-2.098083,1.365662,-1.350403,0.0,0.0,0.0
2022-09-01 11:10:45.369889+00:00,1662030645.3698888,12709.14,8.318,1.006104,0.030151,0.008057,-2.067566,1.266479,-1.304626,0.0,0.0,0.0
2022-09-01 11:10:45.390340+00:00,1662030645.3903399,12709.16,8.33,1.00769,0.029053,0.016235,-2.075195,1.38092,-1.266479,0.0,0.0,0.0
2022-09-01 11:10:45.410798+00:00,1662030645.4107978,12709.18,8.309,1.008667,0.028931,0.010254,-2.067566,1.365662,-1.266479,0.0,0.0,0.0
2022-09-01 11:10:45.431794+00:00,1662030645.4317942,12709.2,8.324,1.006958,0.029663,0.008789,-2.098083,1.434326,-1.25885,0.0,0.0,0.0
2022-09-01 11:10:45.452778+00:00,1662030645.452778,12709.22,8.315,1.007935,0.029419,0.019165,-2.098083,1.464844,-1.243591,0.0,0.0,0.0
2022-09-01 11:10:45.473761+00:00,1662030645.4737606,12709.24,8.324,1.00415,0.026978,0.01123,-2.235413,1.449585,-1.174927,0.0,0.0,0.0
2022-09-01 11:10:45.494715+00:00,1662030645.4947152,12709.26,8.33,1.005249,0.031616,0.01062,-2.067566,1.434326,-1.174927,0.0,0.0,0.0
2022-09-01 11:10:45.515711+00:00,1662030645.5157113,12709.28,8.339,1.005493,0.026123,0.013428,-2.105713,1.564026,-1.205444,0.0,0.0,0.0
2022-09-01 11:10:45.536671+00:00,1662030645.5366712,12709.3,8.321,1.006348,0.032715,0.011963,-2.052307,1.480103,-1.106262,0.0,0.0,0.0
2022-09-01 11:10:45.557146+00:00,1662030645.5571456,12709.32,8.324,1.005615,0.026733,0.012451,-2.037048,1.594543,-1.144409,0.0,0.0,0.0
2022-09-01 11:10:45.577648+00:00,1662030645.5776477,12709.35,8.324,1.006348,0.031006,0.012207,-2.113342,1.441956,-1.13678,0.0,0.0,0.0
2022-09-01 11:10:45.598125+00:00,1662030645.598125,12709.37,8.312,1.007935,0.025635,0.014771,-2.151489,1.441956,-1.113892,0.0,0.0,0.0
2022-09-01 11:10:45.618595+00:00,1662030645.6185951,12709.39,8.312,1.005005,0.028687,0.010132,-2.098083,1.426697,-1.12915,0.0,0.0,0.0
2022-09-01 11:10:45.639061+00:00,1662030645.6390612,12709.41,8.327,1.006714,0.030762,0.009155,-2.174377,1.480103,-1.091003,0.0,0.0,0.0
2022-09-01 11:10:45.659520+00:00,1662030645.6595197,12709.43,8.351,1.007568,0.028687,0.00769,-2.120972,1.403809,-1.182556,0.0,0.0,0.0
2022-09-01 11:10:45.679976+00:00,1662030645.6799755,12709.45,8.324,1.006714,0.032349,0.014526,-2.113342,1.426697,-1.220703,0.0,0.0,0.0
2022-09-01 11:10:45.700430+00:00,1662030645.70043,12709.47,8.315,1.007446,0.029419,0.010376,-2.105713,1.434326,-1.213074,0.0,0.0,0.0
2022-09-01 11:10:45.720939+00:00,1662030645.7209392,12709.49,8.315,1.006836,0.02771,0.011108,-2.098083,1.38092,-1.220703,0.0,0.0,0.0
2022-09-01 11:10:45.741231+00:00,1662030645.7412314,12709.51,8.321,1.008423,0.030273,0.012451,-2.037048,1.365662,-1.289368,0.0,0.0,0.0
2022-09-01 11:10:45.761721+00:00,1662030645.761721,12709.53,8.309,1.008789,0.026733,0.008179,-2.105713,1.304626,-1.266479,0.0,0.0,0.0
2022-09-01 11:10:45.782219+00:00,1662030645.7822192,12709.55,8.312,1.005737,0.028931,0.013184,-2.075195,1.335144,-1.304626,0.0,0.0,0.0
2022-09-01 11:10:45.802696+00:00,1662030645.8026958,12709.57,8.318,1.005737,0.027222,0.009155,-2.105713,1.327515,-1.304626,0.0,0.0,0.0
2022-09-01 11:10:45.823196+00:00,1662030645.8231962,12709.59,8.318,1.005493,0.030151,0.010864,-2.113342,1.373291,-1.296997,0.0,0.0,0.0
2022-09-01 11:10:45.843703+00:00,1662030645.8437026,12709.61,8.306,1.005615,0.029419,0.007935,-2.098083,1.403809,-1.296997,0.0,0.0,0.0
2022-09-01 11:10:45.864172+00:00,1662030645.8641715,12709.63,8.318,1.00769,0.028442,0.008057,-2.14386,1.411438,-1.358032,0.0,0.0,0.0
2022-09-01 11:10:45.884665+00:00,1662030645.8846653,12709.65,8.321,1.006592,0.028687,0.007568,-2.113342,1.441956,-1.205444,0.0,0.0,0.0
2022-09-01 11:10:45.905336+00:00,1662030645.9053361,12709.67,8.303,1.007812,0.02832,0.00769,-2.075195,1.365662,-1.213074,0.0,0.0,0.0
2022-09-01 11:10:45.925663+00:00,1662030645.9256628,12709.69,8.291,1.00647,0.030518,0.012451,-2.197266,1.441956,-1.13678,0.0,0.0,0.0
2022-09-01 11:10:45.946134+00:00,1662030645.9461343,12709.71,8.306,1.003662,0.031494,0.011353,-2.120972,1.487732,-1.213074,0.0,0.0,0.0
2022-09-01 11:10:45.966597+00:00,1662030645.9665968,12709.73,8.291,1.005615,0.027588,0.011108,-2.082825,1.464844,-1.167297,0.0,0.0,0.0
2022-09-01 11:10:45.987067+00:00,1662030645.9870675,12709.75,8.318,1.005249,0.031982,0.009399,-2.098083,1.571655,-1.152039,0.0,0.0,0.0
2022-09-01 11:10:46.007604+00:00,1662030646.007604,12709.78,8.306,1.00354,0.025146,0.005371,-2.120972,1.533508,-1.152039,0.0,0.0,0.0
2022-09-01 11:10:46.028051+00:00,1662030646.0280507,12709.8,8.309,1.004272,0.027954,0.013062,-2.113342,1.449585,-1.083374,0.0,0.0,0.0
2022-09-01 11:10:46.048522+00:00,1662030646.0485225,12709.82,8.318,1.007202,0.026978,0.007446,-2.044678,1.579285,-1.144409,0.0,0.0,0.0
2022-09-01 11:10:46.068959+00:00,1662030646.0689592,12709.84,8.3,1.004517,0.030762,0.011597,-2.174377,1.487732,-1.12915,0.0,0.0,0.0
2022-09-01 11:10:46.089422+00:00,1662030646.0894222,12709.86,8.288,1.003174,0.027466,0.008789,-2.075195,1.533508,-1.174927,0.0,0.0,0.0
2022-09-01 11:10:46.109913+00:00,1662030646.1099126,12709.88,8.333,1.008789,0.028076,0.008545,-2.082825,1.403809,-1.197815,0.0,0.0,0.0
2022-09-01 11:10:46.130381+00:00,1662030646.1303813,12709.9,8.312,1.008179,0.026123,0.014648,-2.067566,1.38855,-1.197815,0.0,0.0,0.0
2022-09-01 11:10:46.150877+00:00,1662030646.1508775,12709.92,8.312,1.007568,0.029419,0.007812,-2.105713,1.304626,-1.266479,0.0,0.0,0.0
2022-09-01 11:10:46.171382+00:00,1662030646.171382,12709.94,8.336,1.007812,0.029053,0.015991,-2.090454,1.38092,-1.228333,0.0,0.0,0.0
2022-09-01 11:10:46.191855+00:00,1662030646.1918552,12709.96,8.333,1.006104,0.0271,0.009399,-2.13623,1.472473,-1.25885,0.0,0.0,0.0
2022-09-01 11:10:46.212315+00:00,1662030646.2123148,12709.98,8.297,1.005127,0.029541,0.006714,-2.098083,1.396179,-1.235962,0.0,0.0,0.0
2022-09-01 11:10:46.232793+00:00,1662030646.2327929,12710.0,8.318,1.005737,0.02832,0.008423,-2.105713,1.419067,-1.296997,0.0,0.0,0.0
2022-09-01 11:10:46.253302+00:00,1662030646.2533023,12710.02,8.312,1.005859,0.026611,0.009766,-2.098083,1.426697,-1.312256,0.0,0.0,0.0
2022-09-01 11:10:46.273776+00:00,1662030646.2737756,12710.04,8.321,1.007812,0.030151,0.013794,-2.090454,1.396179,-1.350403,0.0,0.0,0.0
2022-09-01 11:10:46.294291+00:00,1662030646.2942913,12710.06,8.318,1.002808,0.029175,0.008789,-2.02179,1.441956,-1.335144,0.0,0.0,0.0
2022-09-01 11:10:46.314764+00:00,1662030646.3147645,12710.08,8.297,1.004761,0.031738,0.013428,-2.14386,1.464844,-1.289368,0.0,0.0,0.0
2022-09-01 11:10:46.335228+00:00,1662030646.335228,12710.1,8.306,1.00708,0.030396,0.005127,-2.128601,1.38855,-1.243591,0.0,0.0,0.0
2022-09-01 11:10:46.355686+00:00,1662030646.3556864,12710.12,8.312,1.00708,0.028564,0.005981,-2.029419,1.441956,-1.281738,0.0,0.0,0.0
2022-09-01 11:10:46.376147+00:00,1662030646.376147,12710.14,8.327,1.008179,0.03186,0.01001,-2.105713,1.480103,-1.205444,0.0,0.0,0.0
2022-09-01 11:10:46.396603+00:00,1662030646.3966026,12710.16,8.33,1.005005,0.030151,0.01001,-2.159119,1.502991,-1.174927,0.0,0.0,0.0
2022-09-01 11:10:46.417066+00:00,1662030646.417066,12710.18,8.291,1.006104,0.031616,0.008667,-2.059937,1.464844,-1.13678,0.0,0.0,0.0
2022-09-01 11:10:46.437531+00:00,1662030646.4375315,12710.21,8.306,1.00415,0.028564,0.011597,-2.166748,1.441956,-1.144409,0.0,0.0,0.0
2022-09-01 11:10:46.458006+00:00,1662030646.458006,12710.23,8.309,1.007935,0.029663,0.012451,-2.029419,1.502991,-1.121521,0.0,0.0,0.0
2022-09-01 11:10:46.478464+00:00,1662030646.4784644,12710.25,8.327,1.008179,0.029785,0.013916,-2.182007,1.464844,-1.159668,0.0,0.0,0.0
2022-09-01 11:10:46.498953+00:00,1662030646.4989529,12710.27,8.285,1.005859,0.026978,0.011963,-2.029419,1.556396,-1.121521,0.0,0.0,0.0
2022-09-01 11:10:46.519416+00:00,1662030646.519416,12710.29,8.339,1.009644,0.030762,0.009033,-2.067566,1.487732,-1.083374,0.0,0.0,0.0
2022-09-01 11:10:46.539879+00:00,1662030646.5398793,12710.31,8.336,1.007202,0.028198,0.010864,-2.059937,1.472473,-1.152039,0.0,0.0,0.0
2022-09-01 11:10:46.560334+00:00,1662030646.5603337,12710.33,8.327,1.007812,0.02832,0.012207,-2.067566,1.38092,-1.182556,0.0,0.0,0.0
2022-09-01 11:10:46.580800+00:00,1662030646.5807998,12710.35,8.327,1.006958,0.031616,0.01062,-2.059937,1.419067,-1.228333,0.0,0.0,0.0
2022-09-01 11:10:46.601260+00:00,1662030646.60126,12710.37,8.327,1.004517,0.0271,0.010986,-2.128601,1.342773,-1.197815,0.0,0.0,0.0
2022-09-01 11:10:46.621725+00:00,1662030646.6217253,12710.39,8.318,1.010498,0.028687,0.008911,-2.067566,1.358032,-1.167297,0.0,0.0,0.0
2022-09-01 11:10:46.642210+00:00,1662030646.6422098,12710.41,8.324,1.00647,0.027588,0.011841,-2.113342,1.373291,-1.251221,0.0,0.0,0.0
2022-09-01 11:10:46.662673+00:00,1662030646.6626728,12710.43,8.339,1.005981,0.028809,0.00769,-2.044678,1.403809,-1.228333,0.0,0.0,0.0
2022-09-01 11:10:46.683129+00:00,1662030646.6831293,12710.45,8.306,1.00769,0.027832,0.011597,-2.098083,1.419067,-1.312256,0.0,0.0,0.0
2022-09-01 11:10:46.703591+00:00,1662030646.7035906,12710.47,8.321,1.005859,0.029541,0.008911,-2.067566,1.358032,-1.319885,0.0,0.0,0.0
2022-09-01 11:10:46.724086+00:00,1662030646.7240858,12710.49,8.306,1.005493,0.026245,0.011597,-2.059937,1.419067,-1.274109,0.0,0.0,0.0
2022-09-01 11:10:46.744546+00:00,1662030646.7445457,12710.51,8.312,1.005859,0.029175,0.008179,-2.14386,1.403809,-1.274109,0.0,0.0,0.0
2022-09-01 11:10:46.765013+00:00,1662030646.765013,12710.53,8.327,1.007324,0.030518,0.009644,-2.082825,1.38855,-1.319885,0.0,0.0,0.0
2022-09-01 11:10:46.785468+00:00,1662030646.7854679,12710.55,8.303,1.006348,0.030762,0.009644,-2.052307,1.38855,-1.281738,0.0,0.0,0.0
2022-09-01 11:10:46.805943+00:00,1662030646.805943,12710.57,8.324,1.006714,0.032471,0.007812,-2.13623,1.480103,-1.266479,0.0,0.0,0.0
2022-09-01 11:10:46.826405+00:00,1662030646.826405,12710.59,8.321,1.006958,0.028076,0.012939,-2.151489,1.38855,-1.190186,0.0,0.0,0.0
2022-09-01 11:10:46.846869+00:00,1662030646.8468692,12710.61,8.327,1.00708,0.027954,0.011475,-2.02179,1.541138,-1.197815,0.0,0.0,0.0
2022-09-01 11:10:46.867341+00:00,1662030646.867341,12710.63,8.306,1.005737,0.029907,0.008911,-2.14386,1.472473,-1.190186,0.0,0.0,0.0
2022-09-01 11:10:46.887844+00:00,1662030646.887844,12710.66,8.315,1.008179,0.030884,0.014404,-2.113342,1.548767,-1.152039,0.0,0.0,0.0
2022-09-01 11:10:46.908333+00:00,1662030646.9083328,12710.68,8.324,1.005371,0.028442,0.013184,-2.14386,1.457214,-1.167297,0.0,0.0,0.0
2022-09-01 11:10:46.928825+00:00,1662030646.9288251,12710.7,8.336,1.006226,0.028198,0.011353,-2.151489,1.502991,-1.167297,0.0,0.0,0.0
2022-09-01 11:10:46.949273+00:00,1662030646.9492729,12710.72,8.345,1.006104,0.027954,0.013672,-2.082825,1.464844,-1.167297,0.0,0.0,0.0
2022-09-01 11:10:46.969733+00:00,1662030646.9697328,12710.74,8.315,1.00769,0.025513,0.011108,-2.082825,1.449585,-1.159668,0.0,0.0,0.0
2022-09-01 11:10:46.990188+00:00,1662030646.9901884,12710.76,8.315,1.00769,0.026733,0.010498,-2.082825,1.51825,-1.113892,0.0,0.0,0.0
2022-09-01 11:10:47.010677+00:00,1662030647.0106773,12710.78,8.33,1.007324,0.025757,0.012207,-2.098083,1.480103,-1.182556,0.0,0.0,0.0
2022-09-01 11:10:47.031205+00:00,1662030647.0312052,12710.8,8.342,1.008423,0.026855,0.013428,-2.090454,1.38855,-1.190186,0.0,0.0,0.0
2022-09-01 11:10:47.051741+00:00,1662030647.0517411,12710.82,8.321,1.009155,0.026733,0.009399,-2.059937,1.38092,-1.197815,0.0,0.0,0.0
2022-09-01 11:10:47.072215+00:00,1662030647.0722153,12710.84,8.36,1.006348,0.029297,0.008057,-2.105713,1.342773,-1.251221,0.0,0.0,0.0
2022-09-01 11:10:47.092690+00:00,1662030647.0926895,12710.86,8.318,1.009766,0.028564,0.007568,-2.052307,1.457214,-1.235962,0.0,0.0,0.0
2022-09-01 11:10:47.113202+00:00,1662030647.1132023,12710.88,8.318,1.008179,0.028687,0.015503,-2.082825,1.350403,-1.251221,0.0,0.0,0.0
2022-09-01 11:10:47.133669+00:00,1662030647.1336691,12710.9,8.333,1.007202,0.028442,0.012695,-2.082825,1.419067,-1.312256,0.0,0.0,0.0
2022-09-01 11:10:47.154165+00:00,1662030647.1541648,12710.92,8.321,1.006104,0.029175,0.004272,-2.14386,1.419067,-1.304626,0.0,0.0,0.0
2022-09-01 11:10:47.174786+00:00,1662030647.1747859,12710.94,8.33,1.008545,0.0271,0.011475,-2.052307,1.350403,-1.243591,0.0,0.0,0.0
2022-09-01 11:10:47.195116+00:00,1662030647.1951163,12710.96,8.312,1.005493,0.027344,0.012817,-2.082825,1.373291,-1.251221,0.0,0.0,0.0
2022-09-01 11:10:47.215603+00:00,1662030647.215603,12710.98,8.327,1.00647,0.030518,0.01001,-2.105713,1.419067,-1.266479,0.0,0.0,0.0
2022-09-01 11:10:47.236078+00:00,1662030647.2360783,12711.0,8.318,1.008179,0.031006,0.010376,-2.174377,1.38855,-1.281738,0.0,0.0,0.0
2022-09-01 11:10:47.256553+00:00,1662030647.2565534,12711.02,8.309,1.006958,0.030518,0.009521,-2.182007,1.411438,-1.312256,0.0,0.0,0.0
2022-09-01 11:10:47.277034+00:00,1662030647.2770338,12711.04,8.33,1.006104,0.029785,0.011353,-2.090454,1.441956,-1.235962,0.0,0.0,0.0
2022-09-01 11:10:47.297517+00:00,1662030647.297517,12711.07,8.318,1.006836,0.027466,0.008423,-2.128601,1.480103,-1.190186,0.0,0.0,0.0
2022-09-01 11:10:47.317993+00:00,1662030647.3179934,12711.09,8.327,1.006958,0.029785,0.012207,-2.029419,1.51825,-1.190186,0.0,0.0,0.0
2022-09-01 11:10:47.338475+00:00,1662030647.3384745,12711.11,8.321,1.006104,0.027344,0.010254,-2.029419,1.487732,-1.190186,0.0,0.0,0.0
2022-09-01 11:10:47.358981+00:00,1662030647.3589814,12711.13,8.321,1.006836,0.029907,0.014282,-2.098083,1.548767,-1.174927,0.0,0.0,0.0
2022-09-01 11:10:47.379543+00:00,1662030647.3795426,12711.15,8.318,1.006592,0.032349,0.010498,-2.090454,1.480103,-1.144409,0.0,0.0,0.0
2022-09-01 11:10:47.400057+00:00,1662030647.400057,12711.17,8.309,1.008911,0.027344,0.008667,-2.151489,1.464844,-1.106262,0.0,0.0,0.0
2022-09-01 11:10:47.420528+00:00,1662030647.420528,12711.19,8.333,1.007812,0.029785,0.014771,-2.14386,1.434326,-1.205444,0.0,0.0,0.0
2022-09-01 11:10:47.441044+00:00,1662030647.4410443,12711.21,8.315,1.007324,0.028931,0.012817,-2.052307,1.426697,-1.12915,0.0,0.0,0.0
2022-09-01 11:10:47.461510+00:00,1662030647.4615104,12711.23,8.306,1.005249,0.028687,0.009521,-2.029419,1.426697,-1.190186,0.0,0.0,0.0
2022-09-01 11:10:47.481973+00:00,1662030647.481973,12711.25,8.312,1.005859,0.028564,0.00647,-2.13623,1.38092,-1.228333,0.0,0.0,0.0
2022-09-01 11:10:47.502438+00:00,1662030647.5024376,12711.27,8.324,1.005737,0.028076,0.011597,-2.067566,1.396179,-1.190186,0.0,0.0,0.0
2022-09-01 11:10:47.522899+00:00,1662030647.522899,12711.29,8.324,1.008789,0.029785,0.007568,-2.090454,1.38855,-1.228333,0.0,0.0,0.0
2022-09-01 11:10:47.543366+00:00,1662030647.5433657,12711.31,8.327,1.006226,0.028687,0.011597,-2.14386,1.350403,-1.266479,0.0,0.0,0.0
2022-09-01 11:10:47.563832+00:00,1662030647.5638323,12711.33,8.348,1.008789,0.028076,0.013062,-2.037048,1.373291,-1.296997,0.0,0.0,0.0
2022-09-01 11:10:47.584299+00:00,1662030647.5842993,12711.35,8.324,1.00415,0.026978,0.012573,-2.14386,1.403809,-1.289368,0.0,0.0,0.0
2022-09-01 11:10:47.604783+00:00,1662030647.6047828,12711.37,8.324,1.008789,0.026489,0.009033,-2.075195,1.419067,-1.274109,0.0,0.0,0.0
2022-09-01 11:10:47.625256+00:00,1662030647.6252558,12711.39,8.339,1.008545,0.029053,0.01001,-2.13623,1.441956,-1.251221,0.0,0.0,0.0
2022-09-01 11:10:47.645743+00:00,1662030647.6457427,12711.41,8.339,1.007812,0.03125,0.007202,-2.120972,1.327515,-1.342773,0.0,0.0,0.0
2022-09-01 11:10:47.666209+00:00,1662030647.666209,12711.43,8.333,1.006592,0.029785,0.007568,-2.037048,1.342773,-1.220703,0.0,0.0,0.0
2022-09-01 11:10:47.686674+00:00,1662030647.6866736,12711.45,8.324,1.007202,0.027954,0.009521,-2.14386,1.464844,-1.25885,0.0,0.0,0.0
2022-09-01 11:10:47.707140+00:00,1662030647.7071397,12711.47,8.306,1.009888,0.029419,0.01123,-2.128601,1.472473,-1.274109,0.0,0.0,0.0
2022-09-01 11:10:47.727649+00:00,1662030647.727649,12711.5,8.324,1.005615,0.028442,0.008301,-2.098083,1.480103,-1.281738,0.0,0.0,0.0
2022-09-01 11:10:47.748106+00:00,1662030647.7481055,12711.52,8.339,1.009277,0.028809,0.010254,-2.082825,1.457214,-1.235962,0.0,0.0,0.0
2022-09-01 11:10:47.768571+00:00,1662030647.7685707,12711.54,8.315,1.005981,0.028687,0.008057,-2.120972,1.472473,-1.228333,0.0,0.0,0.0
2022-09-01 11:10:47.789027+00:00,1662030647.7890272,12711.56,8.324,1.005127,0.030762,0.008179,-2.006531,1.449585,-1.213074,0.0,0.0,0.0
2022-09-01 11:10:47.809488+00:00,1662030647.8094876,12711.58,8.339,1.006104,0.03186,0.012573,-2.128601,1.51825,-1.167297,0.0,0.0,0.0
2022-09-01 11:10:47.829944+00:00,1662030647.8299437,12711.6,8.309,1.008179,0.030029,0.008423,-2.128601,1.533508,-1.159668,0.0,0.0,0.0
2022-09-01 11:10:47.850409+00:00,1662030647.8504093,12711.62,8.333,1.007324,0.03064,0.010864,-2.105713,1.449585,-1.182556,0.0,0.0,0.0
2022-09-01 11:10:47.870909+00:00,1662030647.8709095,12711.64,8.306,1.004028,0.028198,0.010742,-2.075195,1.396179,-1.152039,0.0,0.0,0.0
2022-09-01 11:10:47.891368+00:00,1662030647.8913682,12711.66,8.309,1.008423,0.026367,0.013306,-2.067566,1.396179,-1.159668,0.0,0.0,0.0
2022-09-01 11:10:47.911854+00:00,1662030647.9118538,12711.68,8.324,1.004761,0.026489,0.010376,-2.075195,1.373291,-1.144409,0.0,0.0,0.0
2022-09-01 11:10:47.932312+00:00,1662030647.9323118,12711.7,8.321,1.005371,0.030884,0.010986,-2.174377,1.419067,-1.159668,0.0,0.0,0.0
2022-09-01 11:10:47.952778+00:00,1662030647.9527783,12711.72,8.318,1.005859,0.029663,0.013062,-2.174377,1.441956,-1.25885,0.0,0.0,0.0
2022-09-01 11:10:47.973289+00:00,1662030647.9732885,12711.74,8.324,1.00647,0.031128,0.012695,-2.098083,1.38092,-1.205444,0.0,0.0,0.0
2022-09-01 11:10:47.993751+00:00,1662030647.9937513,12711.76,8.291,1.00415,0.02478,0.013916,-2.098083,1.396179,-1.174927,0.0,0.0,0.0
2022-09-01 11:10:48.014213+00:00,1662030648.014213,12711.78,8.327,1.008301,0.029175,0.01123,-2.174377,1.373291,-1.281738,0.0,0.0,0.0
2022-09-01 11:10:48.034672+00:00,1662030648.034672,12711.8,8.342,1.005737,0.028442,0.010254,-2.082825,1.38092,-1.213074,0.0,0.0,0.0
2022-09-01 11:10:48.055129+00:00,1662030648.055129,12711.82,8.312,1.005005,0.029785,0.01001,-2.128601,1.38092,-1.251221,0.0,0.0,0.0
2022-09-01 11:10:48.075589+00:00,1662030648.075589,12711.84,8.33,1.007202,0.03125,0.013306,-2.120972,1.396179,-1.342773,0.0,0.0,0.0
2022-09-01 11:10:48.096042+00:00,1662030648.0960424,12711.86,8.315,1.00647,0.032227,0.01001,-2.13623,1.403809,-1.266479,0.0,0.0,0.0
2022-09-01 11:10:48.116543+00:00,1662030648.1165428,12711.88,8.321,1.008179,0.03064,0.008789,-2.159119,1.327515,-1.304626,0.0,0.0,0.0
2022-09-01 11:10:48.137007+00:00,1662030648.1370068,12711.9,8.303,1.004395,0.029419,0.008423,-2.029419,1.396179,-1.281738,0.0,0.0,0.0
2022-09-01 11:10:48.157470+00:00,1662030648.1574702,12711.93,8.333,1.00708,0.030151,0.008301,-2.082825,1.426697,-1.25885,0.0,0.0,0.0
2022-09-01 11:10:48.177935+00:00,1662030648.1779354,12711.95,8.327,1.005615,0.029785,0.011475,-2.082825,1.434326,-1.213074,0.0,0.0,0.0
2022-09-01 11:10:48.198406+00:00,1662030648.198406,12711.97,8.315,1.007202,0.030518,0.009888,-2.120972,1.457214,-1.182556,0.0,0.0,0.0
2022-09-01 11:10:48.218878+00:00,1662030648.2188776,12711.99,8.309,1.006958,0.030884,0.010254,-2.059937,1.487732,-1.182556,0.0,0.0,0.0
2022-09-01 11:10:48.239346+00:00,1662030648.239346,12712.01,8.321,1.00647,0.031738,0.012207,-2.227783,1.51062,-1.159668,0.0,0.0,0.0
2022-09-01 11:10:48.259823+00:00,1662030648.2598226,12712.03,8.318,1.005249,0.030884,0.012451,-2.105713,1.464844,-1.152039,0.0,0.0,0.0
2022-09-01 11:10:48.280291+00:00,1662030648.2802908,12712.05,8.3,1.005737,0.028198,0.008911,-2.090454,1.472473,-1.12915,0.0,0.0,0.0
2022-09-01 11:10:48.300873+00:00,1662030648.3008726,12712.07,8.291,1.007568,0.030273,0.011108,-2.128601,1.472473,-1.13678,0.0,0.0,0.0
2022-09-01 11:10:48.321420+00:00,1662030648.3214197,12712.09,8.324,1.005859,0.03125,0.014648,-2.105713,1.464844,-1.159668,0.0,0.0,0.0
2022-09-01 11:10:48.341727+00:00,1662030648.3417275,12712.11,8.321,1.006226,0.027222,0.012085,-2.090454,1.434326,-1.174927,0.0,0.0,0.0
2022-09-01 11:10:48.362218+00:00,1662030648.3622184,12712.13,8.333,1.003296,0.029297,0.009399,-2.082825,1.419067,-1.12915,0.0,0.0,0.0
2022-09-01 11:10:48.382691+00:00,1662030648.3826911,12712.15,8.327,1.00647,0.03064,0.011963,-2.113342,1.419067,-1.205444,0.0,0.0,0.0
2022-09-01 11:10:48.403153+00:00,1662030648.4031527,12712.17,8.297,1.007568,0.03125,0.009521,-2.13623,1.38855,-1.205444,0.0,0.0,0.0
2022-09-01 11:10:48.423643+00:00,1662030648.4236426,12712.19,8.327,1.005737,0.029053,0.014771,-2.082825,1.38092,-1.235962,0.0,0.0,0.0
2022-09-01 11:10:48.444266+00:00,1662030648.4442658,12712.21,8.327,1.005859,0.027344,0.008911,-2.174377,1.434326,-1.197815,0.0,0.0,0.0
2022-09-01 11:10:48.464583+00:00,1662030648.464583,12712.23,8.306,1.007324,0.028442,0.009888,-2.13623,1.319885,-1.266479,0.0,0.0,0.0
2022-09-01 11:10:48.485152+00:00,1662030648.4851515,12712.25,8.315,1.009033,0.029419,0.011597,-2.067566,1.38855,-1.243591,0.0,0.0,0.0
2022-09-01 11:10:48.506901+00:00,1662030648.5069008,12712.27,8.318,1.007202,0.028687,0.009644,-2.13623,1.419067,-1.274109,0.0,0.0,0.0
2022-09-01 11:10:48.525807+00:00,1662030648.5258071,12712.29,8.33,1.007812,0.028198,0.012451,-2.067566,1.312256,-1.274109,0.0,0.0,0.0
2022-09-01 11:10:48.545796+00:00,1662030648.5457957,12712.31,8.318,1.002441,0.029297,0.009277,-2.082825,1.396179,-1.296997,0.0,0.0,0.0
2022-09-01 11:10:48.566837+00:00,1662030648.5668373,12712.33,8.321,1.007202,0.029297,0.01001,-2.044678,1.419067,-1.274109,0.0,0.0,0.0
2022-09-01 11:10:48.587757+00:00,1662030648.587757,12712.36,8.327,1.005981,0.03125,0.006958,-2.052307,1.480103,-1.327515,0.0,0.0,0.0
2022-09-01 11:10:48.608535+00:00,1662030648.6085346,12712.38,8.318,1.007935,0.032471,0.003296,-2.067566,1.419067,-1.190186,0.0,0.0,0.0
2022-09-01 11:10:48.626593+00:00,1662030648.6265929,12712.39,8.336,1.006348,0.028687,0.010742,-2.13623,1.457214,-1.25885,0.0,0.0,0.0
2022-09-01 11:10:48.647233+00:00,1662030648.647233,12712.41,8.336,1.00769,0.031006,0.012695,-2.120972,1.495361,-1.243591,0.0,0.0,0.0
2022-09-01 11:10:48.668085+00:00,1662030648.6680846,12712.44,8.318,1.008911,0.029419,0.013672,-2.113342,1.495361,-1.235962,0.0,0.0,0.0
2022-09-01 11:10:48.688919+00:00,1662030648.6889193,12712.46,8.324,1.007568,0.028442,0.013062,-2.105713,1.502991,-1.220703,0.0,0.0,0.0
2022-09-01 11:10:48.709915+00:00,1662030648.709915,12712.48,8.309,1.005859,0.029175,0.012817,-2.166748,1.464844,-1.12915,0.0,0.0,0.0
2022-09-01 11:10:48.734764+00:00,1662030648.734764,12712.5,8.324,1.004761,0.029785,0.008423,-2.02179,1.495361,-1.205444,0.0,0.0,0.0
2022-09-01 11:10:48.755172+00:00,1662030648.7551715,12712.52,8.309,1.005005,0.02832,0.009155,-2.044678,1.502991,-1.174927,0.0,0.0,0.0
2022-09-01 11:10:48.775576+00:00,1662030648.7755759,12712.54,8.309,1.007568,0.028931,0.011353,-2.098083,1.449585,-1.159668,0.0,0.0,0.0
2022-09-01 11:10:48.795977+00:00,1662030648.7959774,12712.56,8.312,1.005737,0.030518,0.011353,-2.128601,1.38855,-1.12915,0.0,0.0,0.0
2022-09-01 11:10:48.816020+00:00,1662030648.8160205,12712.58,8.315,1.006592,0.029907,0.011353,-2.090454,1.472473,-1.121521,0.0,0.0,0.0
2022-09-01 11:10:48.835461+00:00,1662030648.8354614,12712.6,8.336,1.006226,0.030151,0.011841,-2.059937,1.411438,-1.159668,0.0,0.0,0.0
2022-09-01 11:10:48.855967+00:00,1662030648.8559668,12712.62,8.324,1.005981,0.029785,0.013306,-2.075195,1.350403,-1.235962,0.0,0.0,0.0
2022-09-01 11:10:48.876445+00:00,1662030648.8764448,12712.64,8.297,1.005981,0.029785,0.009155,-2.120972,1.403809,-1.174927,0.0,0.0,0.0
2022-09-01 11:10:48.896926+00:00,1662030648.8969264,12712.66,8.333,1.00769,0.028198,0.007568,-2.13623,1.419067,-1.304626,0.0,0.0,0.0
2022-09-01 11:10:48.917394+00:00,1662030648.9173942,12712.68,8.324,1.005127,0.028076,0.015015,-2.120972,1.396179,-1.251221,0.0,0.0,0.0
2022-09-01 11:10:48.937865+00:00,1662030648.9378655,12712.71,8.327,1.00708,0.030396,0.008179,-2.105713,1.396179,-1.182556,0.0,0.0,0.0
2022-09-01 11:10:48.958339+00:00,1662030648.9583392,12712.73,8.321,1.00293,0.027954,0.010376,-2.128601,1.434326,-1.296997,0.0,0.0,0.0
2022-09-01 11:10:48.978843+00:00,1662030648.9788435,12712.75,8.327,1.007202,0.030518,0.01416,-2.14386,1.38855,-1.304626,0.0,0.0,0.0
2022-09-01 11:10:48.999354+00:00,1662030648.9993541,12712.77,8.327,1.005127,0.027954,0.009521,-2.113342,1.350403,-1.251221,0.0,0.0,0.0
2022-09-01 11:10:49.019818+00:00,1662030649.019818,12712.79,8.318,1.009277,0.03064,0.008667,-2.090454,1.472473,-1.235962,0.0,0.0,0.0
2022-09-01 11:10:49.040328+00:00,1662030649.0403278,12712.81,8.33,1.004639,0.026978,0.008667,-2.01416,1.411438,-1.235962,0.0,0.0,0.0
2022-09-01 11:10:49.060813+00:00,1662030649.0608134,12712.83,8.315,1.004883,0.028931,0.011719,-2.090454,1.480103,-1.213074,0.0,0.0,0.0
2022-09-01 11:10:49.081291+00:00,1662030649.0812907,12712.85,8.339,1.006104,0.025269,0.01062,-2.090454,1.403809,-1.235962,0.0,0.0,0.0
2022-09-01 11:10:49.101766+00:00,1662030649.1017663,12712.87,8.33,1.006226,0.030029,0.01062,-2.174377,1.480103,-1.235962,0.0,0.0,0.0
2022-09-01 11:10:49.122202+00:00,1662030649.1222017,12712.89,8.315,1.008179,0.029175,0.008057,-2.044678,1.51062,-1.228333,0.0,0.0,0.0
2022-09-01 11:10:49.142673+00:00,1662030649.1426728,12712.91,8.339,1.005859,0.029175,0.009521,-2.120972,1.472473,-1.213074,0.0,0.0,0.0
2022-09-01 11:10:49.163146+00:00,1662030649.1631465,12712.93,8.321,1.007324,0.029541,0.008911,-2.098083,1.441956,-1.228333,0.0,0.0,0.0
2022-09-01 11:10:49.183747+00:00,1662030649.1837466,12712.95,8.327,1.008545,0.028564,0.009644,-2.120972,1.525879,-1.197815,0.0,0.0,0.0
2022-09-01 11:10:49.204247+00:00,1662030649.204247,12712.97,8.336,1.006104,0.030518,0.011719,-2.120972,1.457214,-1.190186,0.0,0.0,0.0
2022-09-01 11:10:49.224724+00:00,1662030649.2247238,12712.99,8.33,1.006104,0.0271,0.009155,-2.082825,1.419067,-1.152039,0.0,0.0,0.0
2022-09-01 11:10:49.245200+00:00,1662030649.2452004,12713.01,8.333,1.005737,0.031006,0.011841,-2.082825,1.373291,-1.144409,0.0,0.0,0.0
2022-09-01 11:10:49.265665+00:00,1662030649.2656653,12713.03,8.309,1.004761,0.029175,0.008179,-2.120972,1.396179,-1.182556,0.0,0.0,0.0
2022-09-01 11:10:49.286146+00:00,1662030649.2861462,12713.05,8.327,1.006714,0.030762,0.011597,-2.059937,1.426697,-1.106262,0.0,0.0,0.0
2022-09-01 11:10:49.306620+00:00,1662030649.3066204,12713.07,8.315,1.004028,0.027832,0.012573,-2.059937,1.464844,-1.167297,0.0,0.0,0.0
2022-09-01 11:10:49.327085+00:00,1662030649.3270853,12713.09,8.339,1.00708,0.027588,0.013306,-2.075195,1.350403,-1.220703,0.0,0.0,0.0
2022-09-01 11:10:49.347554+00:00,1662030649.3475537,12713.12,8.315,1.007812,0.030029,0.008789,-2.128601,1.403809,-1.190186,0.0,0.0,0.0
2022-09-01 11:10:49.368037+00:00,1662030649.3680365,12713.14,8.324,1.006104,0.030029,0.014648,-2.105713,1.342773,-1.243591,0.0,0.0,0.0
2022-09-01 11:10:49.388505+00:00,1662030649.388505,12713.16,8.315,1.005615,0.030518,0.013306,-2.044678,1.441956,-1.235962,0.0,0.0,0.0
2022-09-01 11:10:49.408950+00:00,1662030649.4089499,12713.18,8.309,1.009644,0.028809,0.010254,-2.075195,1.396179,-1.235962,0.0,0.0,0.0
2022-09-01 11:10:49.429416+00:00,1662030649.4294164,12713.2,8.336,1.00708,0.026367,0.010254,-2.059937,1.38855,-1.335144,0.0,0.0,0.0
2022-09-01 11:10:49.449901+00:00,1662030649.4499013,12713.22,8.303,1.008545,0.030029,0.013672,-2.075195,1.434326,-1.274109,0.0,0.0,0.0
2022-09-01 11:10:49.470358+00:00,1662030649.4703584,12713.24,8.318,1.004395,0.027222,0.009644,-2.082825,1.457214,-1.350403,0.0,0.0,0.0
2022-09-01 11:10:49.490815+00:00,1662030649.4908154,12713.26,8.336,1.007324,0.029663,0.011475,-2.090454,1.464844,-1.197815,0.0,0.0,0.0
2022-09-01 11:10:49.511286+00:00,1662030649.5112855,12713.28,8.315,1.009399,0.02832,0.006714,-2.052307,1.403809,-1.327515,0.0,0.0,0.0
2022-09-01 11:10:49.531769+00:00,1662030649.5317686,12713.3,8.306,1.00647,0.029541,0.014038,-2.067566,1.365662,-1.281738,0.0,0.0,0.0
2022-09-01 11:10:49.552235+00:00,1662030649.5522351,12713.32,8.315,1.005615,0.030396,0.01123,-2.113342,1.487732,-1.228333,0.0,0.0,0.0
2022-09-01 11:10:49.572768+00:00,1662030649.5727684,12713.34,8.318,1.006836,0.032593,0.006226,-2.067566,1.51062,-1.266479,0.0,0.0,0.0
2022-09-01 11:10:49.593360+00:00,1662030649.5933602,12713.36,8.312,1.006592,0.030518,0.010376,-2.075195,1.419067,-1.182556,0.0,0.0,0.0
2022-09-01 11:10:49.613880+00:00,1662030649.6138804,12713.38,8.3,1.007568,0.037109,0.013916,-2.14386,1.472473,-1.213074,0.0,0.0,0.0
2022-09-01 11:10:49.634371+00:00,1662030649.6343708,12713.4,8.336,1.005127,0.027954,0.015991,-2.059937,1.403809,-1.205444,0.0,0.0,0.0
2022-09-01 11:10:49.654842+00:00,1662030649.6548421,12713.42,8.318,1.005737,0.028076,0.012207,-2.120972,1.434326,-1.197815,0.0,0.0,0.0
2022-09-01 11:10:49.675306+00:00,1662030649.6753063,12713.44,8.324,1.006958,0.029541,0.008423,-2.14386,1.426697,-1.152039,0.0,0.0,0.0
2022-09-01 11:10:49.695787+00:00,1662030649.695787,12713.46,8.318,1.009399,0.026855,0.010254,-2.14386,1.426697,-1.190186,0.0,0.0,0.0
2022-09-01 11:10:49.716861+00:00,1662030649.7168608,12713.48,8.321,1.006836,0.030396,0.012817,-2.113342,1.441956,-1.190186,0.0,0.0,0.0
2022-09-01 11:10:49.737414+00:00,1662030649.7374141,12713.5,8.327,1.005737,0.027222,0.008667,-2.059937,1.419067,-1.174927,0.0,0.0,0.0
2022-09-01 11:10:49.757909+00:00,1662030649.7579086,12713.53,8.339,1.005005,0.026489,0.012573,-2.075195,1.396179,-1.182556,0.0,0.0,0.0
2022-09-01 11:10:49.778417+00:00,1662030649.7784169,12713.55,8.297,1.006226,0.028809,0.016357,-2.098083,1.411438,-1.197815,0.0,0.0,0.0
2022-09-01 11:10:49.798935+00:00,1662030649.7989354,12713.57,8.321,1.007935,0.027832,0.017822,-2.059937,1.319885,-1.213074,0.0,0.0,0.0
2022-09-01 11:10:49.819440+00:00,1662030649.8194396,12713.59,8.333,1.008057,0.029541,0.010498,-2.052307,1.373291,-1.243591,0.0,0.0,0.0
2022-09-01 11:10:49.839907+00:00,1662030649.839907,12713.61,8.33,1.006836,0.028442,0.009644,-2.059937,1.434326,-1.228333,0.0,0.0,0.0
2022-09-01 11:10:49.860364+00:00,1662030649.8603642,12713.63,8.333,1.005859,0.02771,0.009521,-2.075195,1.319885,-1.312256,0.0,0.0,0.0
2022-09-01 11:10:49.880827+00:00,1662030649.8808274,12713.65,8.324,1.006226,0.025879,0.010254,-2.14386,1.396179,-1.228333,0.0,0.0,0.0
2022-09-01 11:10:49.901290+00:00,1662030649.9012904,12713.67,8.315,1.005249,0.028687,0.010376,-2.044678,1.419067,-1.197815,0.0,0.0,0.0
2022-09-01 11:10:49.921790+00:00,1662030649.9217896,12713.69,8.306,1.009033,0.029907,0.014526,-2.174377,1.396179,-1.358032,0.0,0.0,0.0
2022-09-01 11:10:49.942306+00:00,1662030649.9423058,12713.71,8.321,1.010254,0.029297,0.011597,-2.105713,1.480103,-1.25885,0.0,0.0,0.0
2022-09-01 11:10:49.962791+00:00,1662030649.9627912,12713.73,8.333,1.008789,0.026489,0.010742,-2.098083,1.403809,-1.25885,0.0,0.0,0.0
2022-09-01 11:10:49.983284+00:00,1662030649.9832835,12713.75,8.324,1.007446,0.029175,0.012451,-2.151489,1.441956,-1.251221,0.0,0.0,0.0
2022-09-01 11:10:50.003756+00:00,1662030650.0037558,12713.77,8.33,1.007202,0.026855,0.010132,-2.02179,1.441956,-1.235962,0.0,0.0,0.0
2022-09-01 11:10:50.024259+00:00,1662030650.0242589,12713.79,8.309,1.006104,0.029785,0.014282,-2.113342,1.472473,-1.228333,0.0,0.0,0.0
2022-09-01 11:10:50.044728+00:00,1662030650.044728,12713.81,8.333,1.007568,0.028687,0.009277,-2.13623,1.533508,-1.174927,0.0,0.0,0.0
2022-09-01 11:10:50.065207+00:00,1662030650.0652065,12713.83,8.348,1.008667,0.028931,0.01062,-2.059937,1.464844,-1.182556,0.0,0.0,0.0
2022-09-01 11:10:50.085670+00:00,1662030650.0856705,12713.85,8.333,1.009521,0.029785,0.009521,-2.075195,1.495361,-1.205444,0.0,0.0,0.0
2022-09-01 11:10:50.106132+00:00,1662030650.1061323,12713.87,8.303,1.005737,0.027344,0.012451,-2.113342,1.487732,-1.159668,0.0,0.0,0.0
2022-09-01 11:10:50.126591+00:00,1662030650.1265912,12713.89,8.312,1.007446,0.031006,0.009521,-2.037048,1.441956,-1.091003,0.0,0.0,0.0
2022-09-01 11:10:50.147057+00:00,1662030650.1470568,12713.91,8.327,1.007568,0.02771,0.012939,-2.113342,1.441956,-1.12915,0.0,0.0,0.0
2022-09-01 11:10:50.167518+00:00,1662030650.1675181,12713.94,8.309,1.003906,0.02832,0.012451,-2.105713,1.403809,-1.152039,0.0,0.0,0.0
2022-09-01 11:10:50.187983+00:00,1662030650.1879826,12713.96,8.324,1.00647,0.030151,0.011841,-2.113342,1.464844,-1.243591,0.0,0.0,0.0
2022-09-01 11:10:50.208442+00:00,1662030650.2084424,12713.98,8.327,1.004272,0.029419,0.008911,-2.037048,1.457214,-1.197815,0.0,0.0,0.0
2022-09-01 11:10:50.228936+00:00,1662030650.2289362,12714.0,8.321,1.005249,0.028564,0.008911,-2.14386,1.403809,-1.197815,0.0,0.0,0.0
2022-09-01 11:10:50.249397+00:00,1662030650.2493966,12714.02,8.306,1.006348,0.026245,0.011719,-2.037048,1.426697,-1.205444,0.0,0.0,0.0
2022-09-01 11:10:50.269864+00:00,1662030650.2698636,12714.04,8.324,1.006836,0.030273,0.011841,-2.174377,1.342773,-1.274109,0.0,0.0,0.0
2022-09-01 11:10:50.290322+00:00,1662030650.2903218,12714.06,8.306,1.008057,0.029053,0.012451,-2.113342,1.350403,-1.190186,0.0,0.0,0.0
2022-09-01 11:10:50.310858+00:00,1662030650.3108582,12714.08,8.315,1.005981,0.0271,0.006836,-2.113342,1.289368,-1.182556,0.0,0.0,0.0
2022-09-01 11:10:50.331449+00:00,1662030650.3314486,12714.1,8.342,1.003052,0.02771,0.008911,-2.082825,1.411438,-1.205444,0.0,0.0,0.0
2022-09-01 11:10:50.351965+00:00,1662030650.3519647,12714.12,8.312,1.003418,0.028442,0.011597,-2.02179,1.38092,-1.266479,0.0,0.0,0.0
2022-09-01 11:10:50.372463+00:00,1662030650.3724625,12714.14,8.315,1.005493,0.028687,0.013794,-2.052307,1.335144,-1.220703,0.0,0.0,0.0
2022-09-01 11:10:50.392961+00:00,1662030650.3929613,12714.16,8.306,1.004028,0.027222,0.010986,-2.13623,1.365662,-1.197815,0.0,0.0,0.0
2022-09-01 11:10:50.413460+00:00,1662030650.41346,12714.18,8.321,1.006592,0.026855,0.009644,-2.082825,1.457214,-1.296997,0.0,0.0,0.0
2022-09-01 11:10:50.433970+00:00,1662030650.43397,12714.2,8.33,1.005615,0.030518,0.012695,-2.151489,1.464844,-1.243591,0.0,0.0,0.0
2022-09-01 11:10:50.454446+00:00,1662030650.454446,12714.22,8.297,1.006958,0.029053,0.014038,-2.166748,1.502991,-1.274109,0.0,0.0,0.0
2022-09-01 11:10:50.474917+00:00,1662030650.4749174,12714.24,8.33,1.007324,0.031494,0.010498,-2.075195,1.502991,-1.159668,0.0,0.0,0.0
2022-09-01 11:10:50.495392+00:00,1662030650.4953918,12714.26,8.327,1.00647,0.029419,0.009644,-2.128601,1.441956,-1.243591,0.0,0.0,0.0
2022-09-01 11:10:50.515946+00:00,1662030650.5159461,12714.28,8.309,1.008423,0.031982,0.012939,-2.082825,1.480103,-1.182556,0.0,0.0,0.0
2022-09-01 11:10:50.536422+00:00,1662030650.5364218,12714.3,8.336,1.008057,0.029175,0.011963,-2.105713,1.51825,-1.243591,0.0,0.0,0.0
2022-09-01 11:10:50.556891+00:00,1662030650.5568907,12714.32,8.324,1.008911,0.029053,0.00708,-2.029419,1.487732,-1.152039,0.0,0.0,0.0
2022-09-01 11:10:50.577360+00:00,1662030650.5773602,12714.34,8.315,1.010742,0.030029,0.01123,-2.120972,1.434326,-1.182556,0.0,0.0,0.0
2022-09-01 11:10:50.597921+00:00,1662030650.5979214,12714.37,8.345,1.004272,0.02771,0.011597,-2.13623,1.472473,-1.13678,0.0,0.0,0.0
2022-09-01 11:10:50.618400+00:00,1662030650.6184003,12714.39,8.33,1.006592,0.026733,0.008057,-2.14386,1.457214,-1.174927,0.0,0.0,0.0
2022-09-01 11:10:50.639023+00:00,1662030650.6390233,12714.41,8.354,1.006714,0.029785,0.01123,-2.128601,1.426697,-1.152039,0.0,0.0,0.0
2022-09-01 11:10:50.659544+00:00,1662030650.6595442,12714.43,8.324,1.008057,0.030884,0.011475,-2.151489,1.411438,-1.152039,0.0,0.0,0.0
2022-09-01 11:10:50.680087+00:00,1662030650.6800866,12714.45,8.321,1.008179,0.029419,0.010132,-2.090454,1.335144,-1.251221,0.0,0.0,0.0
2022-09-01 11:10:50.700565+00:00,1662030650.7005646,12714.47,8.333,1.008423,0.028442,0.011597,-2.166748,1.411438,-1.205444,0.0,0.0,0.0
2022-09-01 11:10:50.721136+00:00,1662030650.7211356,12714.49,8.333,1.006348,0.029297,0.01416,-2.059937,1.396179,-1.289368,0.0,0.0,0.0
2022-09-01 11:10:50.741644+00:00,1662030650.7416441,12714.51,8.348,1.006104,0.028442,0.017578,-2.212524,1.312256,-1.243591,0.0,0.0,0.0
2022-09-01 11:10:50.762112+00:00,1662030650.7621121,12714.53,8.318,1.005859,0.029175,0.015137,-2.113342,1.426697,-1.235962,0.0,0.0,0.0
2022-09-01 11:10:50.782581+00:00,1662030650.7825809,12714.55,8.324,1.008057,0.029785,0.008301,-2.105713,1.403809,-1.274109,0.0,0.0,0.0
2022-09-01 11:10:50.803046+00:00,1662030650.8030465,12714.57,8.339,1.006958,0.029175,0.011475,-2.113342,1.403809,-1.243591,0.0,0.0,0.0
2022-09-01 11:10:50.823547+00:00,1662030650.8235474,12714.59,8.333,1.007568,0.030151,0.005493,-2.151489,1.457214,-1.243591,0.0,0.0,0.0
2022-09-01 11:10:50.844049+00:00,1662030650.8440485,12714.61,8.309,1.008789,0.029175,0.008301,-2.151489,1.419067,-1.228333,0.0,0.0,0.0
2022-09-01 11:10:50.864575+00:00,1662030650.8645751,12714.63,8.336,1.006592,0.029297,0.012085,-2.098083,1.480103,-1.243591,0.0,0.0,0.0
2022-09-01 11:10:50.885055+00:00,1662030650.8850548,12714.65,8.351,1.006348,0.030273,0.009155,-2.082825,1.396179,-1.304626,0.0,0.0,0.0
2022-09-01 11:10:50.905521+00:00,1662030650.9055212,12714.67,8.342,1.007324,0.027222,0.010254,-2.075195,1.449585,-1.251221,0.0,0.0,0.0
2022-09-01 11:10:50.926030+00:00,1662030650.92603,12714.69,8.357,1.008911,0.031128,0.01062,-2.059937,1.533508,-1.213074,0.0,0.0,0.0
2022-09-01 11:10:50.946542+00:00,1662030650.9465423,12714.71,8.342,1.008179,0.028809,0.009521,-2.13623,1.449585,-1.220703,0.0,0.0,0.0
2022-09-01 11:10:50.967046+00:00,1662030650.9670455,12714.73,8.315,1.00647,0.025146,0.010254,-2.166748,1.495361,-1.228333,0.0,0.0,0.0
2022-09-01 11:10:50.987779+00:00,1662030650.987779,12714.76,8.321,1.005249,0.028809,0.014526,-2.14386,1.441956,-1.205444,0.0,0.0,0.0
2022-09-01 11:10:51.008286+00:00,1662030651.0082855,12714.78,8.312,1.006226,0.028931,0.013428,-2.120972,1.365662,-1.228333,0.0,0.0,0.0
2022-09-01 11:10:51.028863+00:00,1662030651.0288632,12714.8,8.33,1.006836,0.032837,0.006958,-2.182007,1.411438,-1.182556,0.0,0.0,0.0
2022-09-01 11:10:51.049268+00:00,1662030651.0492675,12714.82,8.303,1.006836,0.030151,0.011841,-2.13623,1.51062,-1.197815,0.0,0.0,0.0
2022-09-01 11:10:51.069738+00:00,1662030651.069738,12714.84,8.342,1.005981,0.030029,0.011963,-2.075195,1.533508,-1.167297,0.0,0.0,0.0
2022-09-01 11:10:51.090212+00:00,1662030651.0902119,12714.86,8.333,1.007568,0.025146,0.013184,-2.098083,1.373291,-1.190186,0.0,0.0,0.0
2022-09-01 11:10:51.110683+00:00,1662030651.110683,12714.88,8.345,1.007324,0.026978,0.011108,-2.098083,1.38092,-1.220703,0.0,0.0,0.0
2022-09-01 11:10:51.131211+00:00,1662030651.1312106,12714.9,8.327,1.007202,0.031128,0.010986,-2.098083,1.403809,-1.113892,0.0,0.0,0.0
2022-09-01 11:10:51.151684+00:00,1662030651.1516838,12714.92,8.321,1.00293,0.029053,0.013794,-2.067566,1.327515,-1.159668,0.0,0.0,0.0
2022-09-01 11:10:51.172152+00:00,1662030651.1721523,12714.94,8.342,1.005493,0.030029,0.015747,-2.052307,1.419067,-1.228333,0.0,0.0,0.0
2022-09-01 11:10:51.192651+00:00,1662030651.1926513,12714.96,8.333,1.006592,0.030762,0.013672,-2.189636,1.327515,-1.197815,0.0,0.0,0.0
2022-09-01 11:10:51.213127+00:00,1662030651.2131271,12714.98,8.333,1.006104,0.029175,0.01355,-2.098083,1.342773,-1.228333,0.0,0.0,0.0
2022-09-01 11:10:51.233734+00:00,1662030651.233734,12715.0,8.333,1.006836,0.029663,0.010132,-2.128601,1.419067,-1.243591,0.0,0.0,0.0
2022-09-01 11:10:51.254235+00:00,1662030651.2542346,12715.02,8.342,1.003418,0.027344,0.009521,-2.13623,1.38092,-1.296997,0.0,0.0,0.0
2022-09-01 11:10:51.274707+00:00,1662030651.2747073,12715.04,8.333,1.007568,0.029053,0.009277,-2.082825,1.449585,-1.243591,0.0,0.0,0.0
2022-09-01 11:10:51.295176+00:00,1662030651.2951758,12715.06,8.327,1.008423,0.028809,0.011475,-2.067566,1.411438,-1.25885,0.0,0.0,0.0
2022-09-01 11:10:51.315650+00:00,1662030651.31565,12715.08,8.33,1.007324,0.030396,0.009766,-2.067566,1.487732,-1.190186,0.0,0.0,0.0
2022-09-01 11:10:51.336116+00:00,1662030651.336116,12715.1,8.339,1.002319,0.030518,0.011597,-2.075195,1.426697,-1.228333,0.0,0.0,0.0
2022-09-01 11:10:51.356589+00:00,1662030651.3565886,12715.12,8.333,1.005859,0.028809,0.011475,-2.14386,1.457214,-1.319885,0.0,0.0,0.0
2022-09-01 11:10:51.377064+00:00,1662030651.3770638,12715.14,8.33,1.005981,0.028687,0.009644,-2.14386,1.419067,-1.228333,0.0,0.0,0.0
2022-09-01 11:10:51.397534+00:00,1662030651.397534,12715.17,8.348,1.006104,0.03125,0.011597,-2.075195,1.51825,-1.251221,0.0,0.0,0.0
2022-09-01 11:10:51.417999+00:00,1662030651.4179988,12715.19,8.342,1.008423,0.02356,0.012939,-2.182007,1.495361,-1.220703,0.0,0.0,0.0
2022-09-01 11:10:51.438455+00:00,1662030651.4384549,12715.21,8.348,1.007324,0.027954,0.011841,-2.14386,1.480103,-1.205444,0.0,0.0,0.0
2022-09-01 11:10:51.458951+00:00,1662030651.4589512,12715.23,8.345,1.004272,0.025269,0.01355,-2.044678,1.480103,-1.220703,0.0,0.0,0.0
2022-09-01 11:10:51.479408+00:00,1662030651.4794075,12715.25,8.339,1.006714,0.031128,0.011597,-2.01416,1.502991,-1.113892,0.0,0.0,0.0
2022-09-01 11:10:51.499860+00:00,1662030651.4998598,12715.27,8.321,1.004883,0.026855,0.013916,-2.105713,1.472473,-1.167297,0.0,0.0,0.0
2022-09-01 11:10:51.520320+00:00,1662030651.52032,12715.29,8.327,1.005859,0.027832,0.014526,-2.067566,1.441956,-1.159668,0.0,0.0,0.0
2022-09-01 11:10:51.540796+00:00,1662030651.5407958,12715.31,8.318,1.006226,0.028687,0.009766,-2.151489,1.426697,-1.197815,0.0,0.0,0.0
2022-09-01 11:10:51.561367+00:00,1662030651.561367,12715.33,8.336,1.006226,0.028809,0.013428,-2.075195,1.426697,-1.197815,0.0,0.0,0.0
2022-09-01 11:10:51.581986+00:00,1662030651.5819857,12715.35,8.351,1.006958,0.030151,0.012085,-2.075195,1.38092,-1.228333,0.0,0.0,0.0
2022-09-01 11:10:51.602484+00:00,1662030651.6024845,12715.37,8.318,1.004761,0.031616,0.008911,-2.052307,1.319885,-1.213074,0.0,0.0,0.0
2022-09-01 11:10:51.622980+00:00,1662030651.6229799,12715.39,8.351,1.005737,0.026733,0.014404,-2.105713,1.335144,-1.190186,0.0,0.0,0.0
2022-09-01 11:10:51.643458+00:00,1662030651.6434584,12715.41,8.339,1.005737,0.030151,0.014038,-2.120972,1.365662,-1.251221,0.0,0.0,0.0
2022-09-01 11:10:51.663932+00:00,1662030651.6639323,12715.43,8.336,1.008057,0.02771,0.009888,-2.052307,1.358032,-1.213074,0.0,0.0,0.0
2022-09-01 11:10:51.684425+00:00,1662030651.6844254,12715.45,8.318,1.006592,0.026611,0.009399,-2.13623,1.396179,-1.25885,0.0,0.0,0.0
2022-09-01 11:10:51.704898+00:00,1662030651.7048976,12715.47,8.3,1.005371,0.029663,0.015869,-2.090454,1.449585,-1.167297,0.0,0.0,0.0
2022-09-01 11:10:51.725365+00:00,1662030651.725365,12715.49,8.324,1.006226,0.028198,0.009644,-2.105713,1.335144,-1.25885,0.0,0.0,0.0
2022-09-01 11:10:51.745893+00:00,1662030651.7458925,12715.51,8.327,1.00647,0.030029,0.010986,-2.098083,1.449585,-1.220703,0.0,0.0,0.0
2022-09-01 11:10:51.766357+00:00,1662030651.7663567,12715.53,8.33,1.005859,0.030273,0.014404,-2.067566,1.441956,-1.235962,0.0,0.0,0.0
2022-09-01 11:10:51.786821+00:00,1662030651.7868211,12715.55,8.324,1.005127,0.029663,0.007202,-2.029419,1.541138,-1.205444,0.0,0.0,0.0
2022-09-01 11:10:51.807285+00:00,1662030651.807285,12715.57,8.33,1.007812,0.030151,0.009277,-2.098083,1.426697,-1.220703,0.0,0.0,0.0
2022-09-01 11:10:51.827755+00:00,1662030651.827755,12715.6,8.333,1.008057,0.030273,0.010254,-2.067566,1.502991,-1.174927,0.0,0.0,0.0
2022-09-01 11:10:51.848281+00:00,1662030651.8482811,12715.62,8.321,1.009033,0.027588,0.008667,-2.082825,1.556396,-1.220703,0.0,0.0,0.0
2022-09-01 11:10:51.868799+00:00,1662030651.8687994,12715.64,8.33,1.006226,0.029907,0.012329,-2.090454,1.502991,-1.235962,0.0,0.0,0.0
2022-09-01 11:10:51.889243+00:00,1662030651.8892431,12715.66,8.315,1.009766,0.030151,0.011475,-2.067566,1.51825,-1.205444,0.0,0.0,0.0
2022-09-01 11:10:51.909711+00:00,1662030651.9097114,12715.68,8.342,1.003906,0.029541,0.008545,-2.128601,1.449585,-1.174927,0.0,0.0,0.0
2022-09-01 11:10:51.930195+00:00,1662030651.930195,12715.7,8.333,1.003174,0.02771,0.006958,-2.075195,1.411438,-1.213074,0.0,0.0,0.0
2022-09-01 11:10:51.950659+00:00,1662030651.9506586,12715.72,8.333,1.006714,0.030151,0.010132,-2.098083,1.51062,-1.174927,0.0,0.0,0.0
2022-09-01 11:10:51.971211+00:00,1662030651.9712112,12715.74,8.357,1.005737,0.029907,0.010498,-2.044678,1.426697,-1.220703,0.0,0.0,0.0
2022-09-01 11:10:51.991675+00:00,1662030651.991675,12715.76,8.327,1.006958,0.026489,0.013916,-2.059937,1.441956,-1.182556,0.0,0.0,0.0
2022-09-01 11:10:52.012139+00:00,1662030652.012139,12715.78,8.312,1.005371,0.028931,0.012451,-2.090454,1.38855,-1.197815,0.0,0.0,0.0
2022-09-01 11:10:52.032599+00:00,1662030652.0325992,12715.8,8.33,1.007812,0.030151,0.009766,-2.052307,1.327515,-1.197815,0.0,0.0,0.0
2022-09-01 11:10:52.053064+00:00,1662030652.0530643,12715.82,8.336,1.005737,0.032227,0.011353,-2.090454,1.365662,-1.182556,0.0,0.0,0.0
2022-09-01 11:10:52.073531+00:00,1662030652.0735307,12715.84,8.33,1.005005,0.028076,0.011597,-2.082825,1.403809,-1.228333,0.0,0.0,0.0
2022-09-01 11:10:52.093994+00:00,1662030652.0939937,12715.86,8.333,1.005371,0.029297,0.006836,-2.067566,1.411438,-1.220703,0.0,0.0,0.0
2022-09-01 11:10:52.114484+00:00,1662030652.1144843,12715.88,8.312,1.008057,0.028931,0.012329,-2.090454,1.365662,-1.174927,0.0,0.0,0.0
2022-09-01 11:10:52.135007+00:00,1662030652.135007,12715.9,8.333,1.008301,0.02832,0.009766,-2.098083,1.38855,-1.213074,0.0,0.0,0.0
2022-09-01 11:10:52.155499+00:00,1662030652.1554992,12715.92,8.336,1.006836,0.026123,0.009766,-2.067566,1.373291,-1.243591,0.0,0.0,0.0
2022-09-01 11:10:52.175998+00:00,1662030652.1759984,12715.94,8.36,1.005859,0.030396,0.012451,-2.13623,1.396179,-1.190186,0.0,0.0,0.0
2022-09-01 11:10:52.196551+00:00,1662030652.1965508,12715.96,8.339,1.009033,0.028442,0.010864,-2.052307,1.464844,-1.243591,0.0,0.0,0.0
2022-09-01 11:10:52.217034+00:00,1662030652.2170336,12715.98,8.321,1.005249,0.029541,0.007324,-2.082825,1.457214,-1.25885,0.0,0.0,0.0
2022-09-01 11:10:52.237531+00:00,1662030652.237531,12716.01,8.333,1.005493,0.028931,0.01355,-2.090454,1.457214,-1.274109,0.0,0.0,0.0
2022-09-01 11:10:52.258225+00:00,1662030652.2582247,12716.03,8.324,1.00769,0.029419,0.00769,-2.082825,1.472473,-1.243591,0.0,0.0,0.0
2022-09-01 11:10:52.278729+00:00,1662030652.278729,12716.05,8.33,1.00708,0.027222,0.010254,-2.197266,1.434326,-1.197815,0.0,0.0,0.0
2022-09-01 11:10:52.299259+00:00,1662030652.299259,12716.07,8.312,1.006836,0.028564,0.010254,-2.105713,1.419067,-1.274109,0.0,0.0,0.0
2022-09-01 11:10:52.319852+00:00,1662030652.3198516,12716.09,8.318,1.006104,0.031006,0.013062,-2.075195,1.449585,-1.205444,0.0,0.0,0.0
2022-09-01 11:10:52.340335+00:00,1662030652.3403347,12716.11,8.318,1.003662,0.029541,0.010742,-2.14386,1.411438,-1.205444,0.0,0.0,0.0
2022-09-01 11:10:52.360826+00:00,1662030652.3608255,12716.13,8.327,1.007202,0.028931,0.009277,-2.082825,1.457214,-1.190186,0.0,0.0,0.0
2022-09-01 11:10:52.381304+00:00,1662030652.3813038,12716.15,8.336,1.007935,0.027954,0.010986,-2.113342,1.464844,-1.205444,0.0,0.0,0.0
2022-09-01 11:10:52.401793+00:00,1662030652.4017928,12716.17,8.354,1.006958,0.028687,0.01355,-2.105713,1.464844,-1.121521,0.0,0.0,0.0
2022-09-01 11:10:52.422267+00:00,1662030652.422267,12716.19,8.336,1.007812,0.02832,0.014526,-2.067566,1.426697,-1.220703,0.0,0.0,0.0
2022-09-01 11:10:52.442750+00:00,1662030652.4427502,12716.21,8.348,1.008545,0.029907,0.009521,-2.14386,1.426697,-1.182556,0.0,0.0,0.0
2022-09-01 11:10:52.463273+00:00,1662030652.463273,12716.23,8.336,1.008667,0.025024,0.011108,-2.090454,1.304626,-1.152039,0.0,0.0,0.0
2022-09-01 11:10:52.483763+00:00,1662030652.4837632,12716.25,8.327,1.007324,0.029419,0.009277,-2.059937,1.342773,-1.159668,0.0,0.0,0.0
2022-09-01 11:10:52.504281+00:00,1662030652.5042806,12716.27,8.336,1.004883,0.029053,0.011841,-2.14386,1.419067,-1.266479,0.0,0.0,0.0
2022-09-01 11:10:52.524752+00:00,1662030652.5247521,12716.29,8.336,1.007568,0.029053,0.012573,-2.082825,1.419067,-1.25885,0.0,0.0,0.0
2022-09-01 11:10:52.545227+00:00,1662030652.5452273,12716.31,8.318,1.006226,0.028564,0.014038,-2.02179,1.365662,-1.167297,0.0,0.0,0.0
2022-09-01 11:10:52.565705+00:00,1662030652.5657053,12716.33,8.333,1.004761,0.027954,0.013062,-2.067566,1.327515,-1.213074,0.0,0.0,0.0
2022-09-01 11:10:52.586170+00:00,1662030652.58617,12716.35,8.339,1.007202,0.030151,0.010132,-2.13623,1.365662,-1.152039,0.0,0.0,0.0
2022-09-01 11:10:52.606624+00:00,1662030652.6066244,12716.37,8.33,1.007568,0.02832,0.012451,-2.105713,1.350403,-1.228333,0.0,0.0,0.0
2022-09-01 11:10:52.627083+00:00,1662030652.6270828,12716.39,8.351,1.007446,0.029541,0.009033,-2.13623,1.373291,-1.274109,0.0,0.0,0.0
2022-09-01 11:10:52.647545+00:00,1662030652.6475449,12716.42,8.336,1.008179,0.027344,0.009888,-2.151489,1.411438,-1.243591,0.0,0.0,0.0
2022-09-01 11:10:52.668014+00:00,1662030652.668014,12716.44,8.327,1.005249,0.028931,0.007935,-2.105713,1.441956,-1.235962,0.0,0.0,0.0
2022-09-01 11:10:52.688472+00:00,1662030652.6884716,12716.46,8.345,1.009155,0.029175,0.012817,-2.098083,1.525879,-1.281738,0.0,0.0,0.0
2022-09-01 11:10:52.709563+00:00,1662030652.7095628,12716.48,8.327,1.006714,0.027832,0.009644,-2.082825,1.571655,-1.243591,0.0,0.0,0.0
2022-09-01 11:10:52.730606+00:00,1662030652.7306058,12716.5,8.315,1.008057,0.031616,0.01416,-2.113342,1.502991,-1.251221,0.0,0.0,0.0
2022-09-01 11:10:52.751610+00:00,1662030652.7516096,12716.52,8.306,1.006348,0.027832,0.014648,-2.067566,1.411438,-1.243591,0.0,0.0,0.0
2022-09-01 11:10:52.772605+00:00,1662030652.7726047,12716.54,8.336,1.009033,0.02771,0.009644,-2.090454,1.502991,-1.144409,0.0,0.0,0.0
2022-09-01 11:10:52.793590+00:00,1662030652.7935896,12716.56,8.327,1.009888,0.02832,0.010254,-2.113342,1.495361,-1.197815,0.0,0.0,0.0
2022-09-01 11:10:52.814553+00:00,1662030652.814553,12716.58,8.339,1.008789,0.029541,0.012329,-2.075195,1.426697,-1.228333,0.0,0.0,0.0
2022-09-01 11:10:52.835578+00:00,1662030652.8355782,12716.6,8.336,1.006958,0.029663,0.01355,-2.120972,1.396179,-1.220703,0.0,0.0,0.0
2022-09-01 11:10:52.856547+00:00,1662030652.8565469,12716.62,8.345,1.00769,0.02832,0.015137,-2.151489,1.464844,-1.159668,0.0,0.0,0.0
2022-09-01 11:10:52.877496+00:00,1662030652.8774955,12716.65,8.351,1.004272,0.026245,0.009766,-2.059937,1.441956,-1.167297,0.0,0.0,0.0
2022-09-01 11:10:52.897764+00:00,1662030652.8977642,12716.67,8.321,1.006592,0.029663,0.012939,-2.090454,1.38855,-1.167297,0.0,0.0,0.0
2022-09-01 11:10:52.918245+00:00,1662030652.9182453,12716.69,8.333,1.004883,0.028564,0.012695,-2.090454,1.403809,-1.159668,0.0,0.0,0.0
2022-09-01 11:10:52.938718+00:00,1662030652.9387176,12716.71,8.345,1.008667,0.028931,0.009033,-2.14386,1.464844,-1.220703,0.0,0.0,0.0
2022-09-01 11:10:52.959188+00:00,1662030652.959188,12716.73,8.336,1.005615,0.028564,0.010986,-2.082825,1.38092,-1.174927,0.0,0.0,0.0
2022-09-01 11:10:52.979649+00:00,1662030652.9796486,12716.75,8.327,1.00647,0.030762,0.011597,-2.128601,1.319885,-1.205444,0.0,0.0,0.0
2022-09-01 11:10:53.000105+00:00,1662030653.0001054,12716.77,8.345,1.008545,0.031372,0.014893,-2.090454,1.396179,-1.25885,0.0,0.0,0.0
2022-09-01 11:10:53.020569+00:00,1662030653.0205688,12716.79,8.339,1.007568,0.028809,0.009155,-2.113342,1.358032,-1.235962,0.0,0.0,0.0
2022-09-01 11:10:53.041169+00:00,1662030653.0411692,12716.81,8.339,1.007568,0.029419,0.012207,-2.067566,1.335144,-1.243591,0.0,0.0,0.0
2022-09-01 11:10:53.061477+00:00,1662030653.0614774,12716.83,8.327,1.006226,0.028687,0.010986,-2.13623,1.502991,-1.251221,0.0,0.0,0.0
2022-09-01 11:10:53.081958+00:00,1662030653.0819576,12716.85,8.342,1.003296,0.028931,0.01355,-2.204895,1.426697,-1.266479,0.0,0.0,0.0
2022-09-01 11:10:53.102428+00:00,1662030653.1024284,12716.87,8.351,1.005981,0.030396,0.012085,-2.067566,1.38855,-1.289368,0.0,0.0,0.0
2022-09-01 11:10:53.122892+00:00,1662030653.1228917,12716.89,8.336,1.01001,0.029907,0.008057,-2.105713,1.51825,-1.235962,0.0,0.0,0.0
2022-09-01 11:10:53.143352+00:00,1662030653.1433518,12716.91,8.33,1.00647,0.032349,0.013672,-2.075195,1.464844,-1.213074,0.0,0.0,0.0
2022-09-01 11:10:53.163824+00:00,1662030653.163824,12716.93,8.339,1.008179,0.027954,0.011475,-2.044678,1.525879,-1.220703,0.0,0.0,0.0
2022-09-01 11:10:53.184330+00:00,1662030653.1843302,12716.95,8.333,1.007324,0.02832,0.008301,-2.13623,1.441956,-1.274109,0.0,0.0,0.0
2022-09-01 11:10:53.204629+00:00,1662030653.2046287,12716.97,8.33,1.006836,0.03064,0.008667,-2.14386,1.502991,-1.228333,0.0,0.0,0.0
2022-09-01 11:10:53.225094+00:00,1662030653.2250936,12716.99,8.336,1.00293,0.027954,0.010132,-2.105713,1.495361,-1.197815,0.0,0.0,0.0
2022-09-01 11:10:53.245559+00:00,1662030653.2455585,12717.01,8.342,1.003906,0.030518,0.013062,-2.151489,1.434326,-1.190186,0.0,0.0,0.0
2022-09-01 11:10:53.266022+00:00,1662030653.2660224,12717.03,8.315,1.00647,0.026855,0.014282,-2.098083,1.472473,-1.213074,0.0,0.0,0.0
2022-09-01 11:10:53.286547+00:00,1662030653.286547,12717.05,8.333,1.007202,0.029907,0.012573,-2.098083,1.403809,-1.190186,0.0,0.0,0.0
2022-09-01 11:10:53.307020+00:00,1662030653.30702,12717.07,8.339,1.00769,0.028198,0.011597,-2.090454,1.495361,-1.190186,0.0,0.0,0.0
2022-09-01 11:10:53.327488+00:00,1662030653.3274877,12717.1,8.342,1.005859,0.029175,0.010986,-2.090454,1.411438,-1.251221,0.0,0.0,0.0
2022-09-01 11:10:53.347959+00:00,1662030653.347959,12717.12,8.327,1.006836,0.027588,0.007568,-2.120972,1.449585,-1.190186,0.0,0.0,0.0
2022-09-01 11:10:53.368432+00:00,1662030653.3684318,12717.14,8.345,1.005737,0.027832,0.01062,-2.166748,1.38092,-1.174927,0.0,0.0,0.0
2022-09-01 11:10:53.388966+00:00,1662030653.3889656,12717.16,8.324,1.004028,0.029053,0.013306,-2.128601,1.327515,-1.182556,0.0,0.0,0.0
2022-09-01 11:10:53.409478+00:00,1662030653.4094782,12717.18,8.312,1.005981,0.027222,0.010254,-2.14386,1.335144,-1.167297,0.0,0.0,0.0
2022-09-01 11:10:53.429952+00:00,1662030653.4299517,12717.2,8.315,1.004883,0.029297,0.012451,-2.067566,1.411438,-1.228333,0.0,0.0,0.0
2022-09-01 11:10:53.450453+00:00,1662030653.450453,12717.22,8.33,1.008789,0.027222,0.005859,-2.067566,1.38855,-1.167297,0.0,0.0,0.0
2022-09-01 11:10:53.470956+00:00,1662030653.4709558,12717.24,8.345,1.005127,0.027832,0.015137,-2.120972,1.457214,-1.289368,0.0,0.0,0.0
2022-09-01 11:10:53.492018+00:00,1662030653.492018,12717.26,8.327,1.00647,0.02771,0.010376,-2.098083,1.457214,-1.220703,0.0,0.0,0.0
2022-09-01 11:10:53.512575+00:00,1662030653.512575,12717.28,8.348,1.006226,0.029175,0.009888,-2.13623,1.434326,-1.235962,0.0,0.0,0.0
2022-09-01 11:10:53.533616+00:00,1662030653.5336163,12717.3,8.324,1.003784,0.029663,0.008057,-2.075195,1.434326,-1.174927,0.0,0.0,0.0
2022-09-01 11:10:53.552210+00:00,1662030653.5522096,12717.32,8.333,1.005493,0.026245,0.010498,-2.113342,1.457214,-1.235962,0.0,0.0,0.0
2022-09-01 11:10:53.573095+00:00,1662030653.5730946,12717.34,8.357,1.007446,0.027222,0.011719,-2.113342,1.472473,-1.228333,0.0,0.0,0.0
2022-09-01 11:10:53.593954+00:00,1662030653.5939536,12717.36,8.339,1.007568,0.027832,0.011475,-2.128601,1.502991,-1.243591,0.0,0.0,0.0
2022-09-01 11:10:53.613506+00:00,1662030653.6135056,12717.38,8.306,1.007446,0.02832,0.015259,-2.128601,1.457214,-1.243591,0.0,0.0,0.0
2022-09-01 11:10:53.634883+00:00,1662030653.6348834,12717.4,8.33,1.004639,0.028564,0.011475,-2.105713,1.434326,-1.25885,0.0,0.0,0.0
2022-09-01 11:10:53.653749+00:00,1662030653.6537488,12717.42,8.351,1.007568,0.029785,0.00769,-2.113342,1.502991,-1.213074,0.0,0.0,0.0
2022-09-01 11:10:53.675406+00:00,1662030653.6754062,12717.44,8.345,1.00647,0.030396,0.010864,-2.166748,1.480103,-1.190186,0.0,0.0,0.0
2022-09-01 11:10:53.695320+00:00,1662030653.6953201,12717.46,8.351,1.007446,0.028809,0.005981,-2.13623,1.434326,-1.243591,0.0,0.0,0.0
2022-09-01 11:10:53.716968+00:00,1662030653.7169683,12717.48,8.315,1.004883,0.029297,0.010132,-2.105713,1.51062,-1.213074,0.0,0.0,0.0
2022-09-01 11:10:53.738576+00:00,1662030653.7385762,12717.51,8.327,1.005859,0.028564,0.012451,-2.059937,1.525879,-1.167297,0.0,0.0,0.0
2022-09-01 11:10:53.761187+00:00,1662030653.761187,12717.53,8.33,1.004761,0.026123,0.012695,-1.983643,1.487732,-1.174927,0.0,0.0,0.0
2022-09-01 11:10:53.781594+00:00,1662030653.7815938,12717.55,8.327,1.009033,0.030884,0.012207,-2.120972,1.38855,-1.205444,0.0,0.0,0.0
2022-09-01 11:10:53.801998+00:00,1662030653.8019981,12717.57,8.33,1.005493,0.02832,0.009644,-2.098083,1.441956,-1.243591,0.0,0.0,0.0
2022-09-01 11:10:53.822394+00:00,1662030653.8223941,12717.59,8.36,1.004883,0.028076,0.008057,-2.082825,1.426697,-1.220703,0.0,0.0,0.0
2022-09-01 11:10:53.841917+00:00,1662030653.8419166,12717.61,8.342,1.006226,0.029175,0.01123,-2.052307,1.365662,-1.213074,0.0,0.0,0.0
2022-09-01 11:10:53.862170+00:00,1662030653.8621695,12717.63,8.327,1.006958,0.026001,0.012939,-2.075195,1.457214,-1.13678,0.0,0.0,0.0
2022-09-01 11:10:53.882402+00:00,1662030653.8824024,12717.65,8.33,1.008057,0.028442,0.013428,-2.120972,1.411438,-1.251221,0.0,0.0,0.0
2022-09-01 11:10:53.902641+00:00,1662030653.902641,12717.67,8.342,1.005493,0.029907,0.012085,-2.037048,1.38092,-1.174927,0.0,0.0,0.0
2022-09-01 11:10:53.922879+00:00,1662030653.9228787,12717.69,8.333,1.005615,0.027222,0.012939,-2.052307,1.426697,-1.190186,0.0,0.0,0.0
2022-09-01 11:10:53.944336+00:00,1662030653.9443364,12717.71,8.321,1.00647,0.026733,0.014648,-2.098083,1.350403,-1.228333,0.0,0.0,0.0
2022-09-01 11:10:53.964580+00:00,1662030653.9645798,12717.73,8.333,1.006226,0.029053,0.009888,-2.174377,1.403809,-1.220703,0.0,0.0,0.0
2022-09-01 11:10:53.984853+00:00,1662030653.9848528,12717.75,8.363,1.006714,0.027344,0.013184,-2.044678,1.464844,-1.220703,0.0,0.0,0.0
2022-09-01 11:10:54.005152+00:00,1662030654.0051515,12717.77,8.333,1.009399,0.028809,0.013062,-2.044678,1.449585,-1.205444,0.0,0.0,0.0
2022-09-01 11:10:54.025419+00:00,1662030654.025419,12717.79,8.333,1.008423,0.032471,0.010986,-2.059937,1.38092,-1.25885,0.0,0.0,0.0
2022-09-01 11:10:54.045703+00:00,1662030654.0457034,12717.81,8.342,1.00708,0.025757,0.010132,-2.13623,1.457214,-1.228333,0.0,0.0,0.0
2022-09-01 11:10:54.065949+00:00,1662030654.0659487,12717.83,8.324,1.006104,0.028931,0.010864,-2.105713,1.472473,-1.296997,0.0,0.0,0.0
2022-09-01 11:10:54.086187+00:00,1662030654.0861866,12717.85,8.357,1.006226,0.029419,0.012085,-2.120972,1.441956,-1.289368,0.0,0.0,0.0
2022-09-01 11:10:54.106420+00:00,1662030654.1064203,12717.87,8.345,1.006836,0.03125,0.007446,-2.14386,1.495361,-1.228333,0.0,0.0,0.0
2022-09-01 11:10:54.126654+00:00,1662030654.126654,12717.89,8.309,1.005249,0.028564,0.008057,-2.098083,1.426697,-1.243591,0.0,0.0,0.0
2022-09-01 11:10:54.146919+00:00,1662030654.1469195,12717.91,8.327,1.008667,0.029175,0.012329,-2.113342,1.480103,-1.213074,0.0,0.0,0.0
2022-09-01 11:10:54.167180+00:00,1662030654.1671803,12717.93,8.357,1.005859,0.027344,0.01062,-2.098083,1.495361,-1.289368,0.0,0.0,0.0
2022-09-01 11:10:54.187422+00:00,1662030654.1874223,12717.95,8.336,1.011108,0.030518,0.013306,-2.075195,1.480103,-1.190186,0.0,0.0,0.0
2022-09-01 11:10:54.207690+00:00,1662030654.20769,12717.98,8.351,1.007568,0.031372,0.013306,-2.105713,1.464844,-1.152039,0.0,0.0,0.0
2022-09-01 11:10:54.227895+00:00,1662030654.2278953,12718.0,8.315,1.005249,0.03064,0.011719,-2.090454,1.434326,-1.228333,0.0,0.0,0.0
2022-09-01 11:10:54.248190+00:00,1662030654.2481902,12718.02,8.345,1.008911,0.031372,0.009033,-2.029419,1.365662,-1.205444,0.0,0.0,0.0
2022-09-01 11:10:54.268460+00:00,1662030654.2684603,12718.04,8.339,1.009033,0.03064,0.008667,-2.159119,1.38855,-1.190186,0.0,0.0,0.0
2022-09-01 11:10:54.288817+00:00,1662030654.288817,12718.06,8.354,1.00708,0.027466,0.00769,-2.105713,1.373291,-1.152039,0.0,0.0,0.0
2022-09-01 11:10:54.309031+00:00,1662030654.3090308,12718.08,8.333,1.006104,0.031128,0.010864,-2.105713,1.342773,-1.182556,0.0,0.0,0.0
2022-09-01 11:10:54.329286+00:00,1662030654.329286,12718.1,8.324,1.003662,0.028564,0.00708,-2.13623,1.296997,-1.197815,0.0,0.0,0.0
2022-09-01 11:10:54.349564+00:00,1662030654.3495636,12718.12,8.33,1.005493,0.028442,0.009521,-2.090454,1.342773,-1.167297,0.0,0.0,0.0
2022-09-01 11:10:54.369809+00:00,1662030654.3698094,12718.14,8.339,1.006226,0.029053,0.009521,-2.105713,1.411438,-1.182556,0.0,0.0,0.0
2022-09-01 11:10:54.390048+00:00,1662030654.3900478,12718.16,8.333,1.00708,0.028564,0.009521,-2.082825,1.396179,-1.266479,0.0,0.0,0.0
2022-09-01 11:10:54.410284+00:00,1662030654.410284,12718.18,8.345,1.009888,0.026733,0.01001,-2.052307,1.342773,-1.205444,0.0,0.0,0.0
2022-09-01 11:10:54.430526+00:00,1662030654.4305265,12718.2,8.315,1.005371,0.027954,0.01062,-2.082825,1.396179,-1.281738,0.0,0.0,0.0
2022-09-01 11:10:54.450800+00:00,1662030654.4508004,12718.22,8.333,1.008057,0.026978,0.014038,-2.128601,1.396179,-1.266479,0.0,0.0,0.0
2022-09-01 11:10:54.469934+00:00,1662030654.469934,12718.24,8.357,1.009399,0.028931,0.007568,-2.120972,1.441956,-1.251221,0.0,0.0,0.0
2022-09-01 11:10:54.490170+00:00,1662030654.4901698,12718.26,8.333,1.005005,0.029175,0.012451,-2.090454,1.434326,-1.251221,0.0,0.0,0.0
2022-09-01 11:10:54.510412+00:00,1662030654.5104115,12718.28,8.348,1.009888,0.0271,0.016479,-2.120972,1.441956,-1.289368,0.0,0.0,0.0
2022-09-01 11:10:54.530648+00:00,1662030654.530648,12718.3,8.327,1.008179,0.029175,0.008667,-2.13623,1.426697,-1.167297,0.0,0.0,0.0
2022-09-01 11:10:54.550912+00:00,1662030654.5509121,12718.32,8.345,1.007324,0.028687,0.014038,-2.113342,1.487732,-1.266479,0.0,0.0,0.0
2022-09-01 11:10:54.571177+00:00,1662030654.5711765,12718.34,8.342,1.005249,0.031494,0.014526,-2.182007,1.464844,-1.243591,0.0,0.0,0.0
2022-09-01 11:10:54.591444+00:00,1662030654.5914435,12718.36,8.324,1.005249,0.027832,0.012451,-2.098083,1.502991,-1.205444,0.0,0.0,0.0
2022-09-01 11:10:54.611684+00:00,1662030654.6116843,12718.38,8.345,1.007812,0.027466,0.013794,-2.105713,1.480103,-1.213074,0.0,0.0,0.0
2022-09-01 11:10:54.631923+00:00,1662030654.6319232,12718.4,8.324,1.009766,0.029541,0.014893,-2.052307,1.457214,-1.228333,0.0,0.0,0.0
2022-09-01 11:10:54.653540+00:00,1662030654.65354,12718.42,8.33,1.007812,0.027832,0.010132,-2.059937,1.449585,-1.235962,0.0,0.0,0.0
2022-09-01 11:10:54.673897+00:00,1662030654.6738966,12718.44,8.345,1.005859,0.029175,0.010498,-2.090454,1.365662,-1.220703,0.0,0.0,0.0
2022-09-01 11:10:54.694157+00:00,1662030654.6941574,12718.46,8.345,1.008301,0.028198,0.014038,-2.075195,1.464844,-1.243591,0.0,0.0,0.0
2022-09-01 11:10:54.714404+00:00,1662030654.7144039,12718.48,8.351,1.007324,0.027466,0.008789,-2.090454,1.457214,-1.243591,0.0,0.0,0.0
2022-09-01 11:10:54.734683+00:00,1662030654.7346833,12718.5,8.339,1.005737,0.028198,0.010498,-2.113342,1.350403,-1.220703,0.0,0.0,0.0
2022-09-01 11:10:54.754953+00:00,1662030654.7549531,12718.52,8.33,1.009277,0.030151,0.010132,-2.120972,1.396179,-1.197815,0.0,0.0,0.0
2022-09-01 11:10:54.775220+00:00,1662030654.7752202,12718.54,8.327,1.004028,0.027954,0.01062,-2.090454,1.319885,-1.182556,0.0,0.0,0.0
2022-09-01 11:10:54.794423+00:00,1662030654.794423,12718.56,8.333,1.005005,0.027588,0.013062,-2.151489,1.434326,-1.197815,0.0,0.0,0.0
2022-09-01 11:10:54.814694+00:00,1662030654.814694,12718.58,8.333,1.004761,0.029663,0.008667,-2.14386,1.38855,-1.251221,0.0,0.0,0.0
2022-09-01 11:10:54.834975+00:00,1662030654.8349745,12718.6,8.33,1.005981,0.032349,0.012085,-2.113342,1.419067,-1.266479,0.0,0.0,0.0
2022-09-01 11:10:54.855274+00:00,1662030654.8552744,12718.62,8.324,1.003662,0.02832,0.008057,-2.120972,1.350403,-1.220703,0.0,0.0,0.0
2022-09-01 11:10:54.875525+00:00,1662030654.8755252,12718.64,8.333,1.009033,0.028931,0.009399,-2.098083,1.373291,-1.182556,0.0,0.0,0.0
2022-09-01 11:10:54.895781+00:00,1662030654.8957813,12718.66,8.348,1.006104,0.028198,0.010132,-2.120972,1.472473,-1.228333,0.0,0.0,0.0
2022-09-01 11:10:54.916024+00:00,1662030654.9160242,12718.68,8.327,1.005737,0.028809,0.008179,-2.082825,1.419067,-1.235962,0.0,0.0,0.0
2022-09-01 11:10:54.936296+00:00,1662030654.9362962,12718.7,8.339,1.006714,0.027344,0.013428,-2.075195,1.441956,-1.190186,0.0,0.0,0.0
2022-09-01 11:10:54.956531+00:00,1662030654.9565313,12718.72,8.333,1.004761,0.026123,0.007202,-2.120972,1.480103,-1.197815,0.0,0.0,0.0
2022-09-01 11:10:54.976764+00:00,1662030654.9767644,12718.74,8.333,1.005981,0.030151,0.01416,-2.059937,1.38855,-1.228333,0.0,0.0,0.0
2022-09-01 11:10:54.996994+00:00,1662030654.9969935,12718.76,8.357,1.006714,0.028076,0.010986,-2.113342,1.457214,-1.228333,0.0,0.0,0.0
2022-09-01 11:10:55.017224+00:00,1662030655.0172236,12718.78,8.318,1.008179,0.029907,0.010986,-2.098083,1.480103,-1.190186,0.0,0.0,0.0
2022-09-01 11:10:55.037484+00:00,1662030655.037484,12718.81,8.336,1.00769,0.029297,0.011719,-2.098083,1.472473,-1.152039,0.0,0.0,0.0
2022-09-01 11:10:55.058951+00:00,1662030655.0589514,12718.83,8.324,1.007568,0.028931,0.010864,-2.105713,1.533508,-1.228333,0.0,0.0,0.0
2022-09-01 11:10:55.079182+00:00,1662030655.079182,12718.85,8.336,1.005615,0.030518,0.009155,-2.120972,1.525879,-1.251221,0.0,0.0,0.0
2022-09-01 11:10:55.099425+00:00,1662030655.099425,12718.87,8.351,1.005615,0.026611,0.013184,-2.067566,1.411438,-1.205444,0.0,0.0,0.0
2022-09-01 11:10:55.119669+00:00,1662030655.1196694,12718.89,8.327,1.003784,0.026733,0.010498,-2.052307,1.487732,-1.251221,0.0,0.0,0.0
2022-09-01 11:10:55.140011+00:00,1662030655.1400106,12718.91,8.312,1.008423,0.026001,0.01062,-2.075195,1.457214,-1.190186,0.0,0.0,0.0
2022-09-01 11:10:55.160347+00:00,1662030655.1603465,12718.93,8.33,1.008545,0.030518,0.011475,-2.029419,1.457214,-1.213074,0.0,0.0,0.0
2022-09-01 11:10:55.180653+00:00,1662030655.1806529,12718.95,8.345,1.004028,0.025391,0.014282,-2.082825,1.403809,-1.205444,0.0,0.0,0.0
2022-09-01 11:10:55.200951+00:00,1662030655.2009513,12718.97,8.33,1.004028,0.02832,0.01123,-2.090454,1.411438,-1.205444,0.0,0.0,0.0
